Age,Attrition,BusinessTravel,DailyRate,Department,DistanceFromHome,Education,EducationField,EmployeeID,EnvironmentSatisfaction,Gender,HourlyRate,JobInvolvement,JobLevel,JobRole,JobSatisfaction,MaritalStatus,MonthlyIncome,MonthlyRate,NumCompaniesWorked,OverTime,PercentSalaryHike,PerformanceRating,RelationshipSatisfaction,StockOptionLevel,TotalWorkingYears,TrainingTimesLastYear,WorkLifeBalance,YearsAtCompany,YearsInCurrentRole,YearsSinceLastPromotion,YearsWithCurrManager,WorkloadScore,WeeklyHoursWorked,MonthlyMeetings,CompensationSatisfaction,CareerGrowthPerception,ManagerSupportScore,WorkModel,ProductivityScore,SalaryBand,ExperienceBand,TenureBand,WHI,WHI_Risk_Category
41,Yes,Travel_Rarely,1102,Sales,1,2,Life Sciences,1,2,Female,94,3,2,Sales Executive,4,Single,5993,19479,8,Yes,11,3,1,0,8,0,1,6,4,0,5,5,55.9,9,3,1,4,Remote,5,Below Average,Mid (6-10),Veteran (6-10),43.78552127476427,At Risk
49,No,Travel_Frequently,279,Research & Development,8,1,Life Sciences,2,3,Male,61,2,2,Research Scientist,2,Married,5130,24907,1,No,23,4,4,1,10,3,3,10,7,1,7,3,38.7,8,5,4,4,Onsite,4,Below Average,Mid (6-10),Veteran (6-10),64.94557637242363,Moderate
37,Yes,Travel_Rarely,1373,Research & Development,2,2,Other,4,4,Male,92,2,1,Laboratory Technician,3,Single,2090,2396,6,Yes,15,3,2,0,7,3,3,0,0,0,0,5,53.4,9,1,3,3,Remote,2,Low,Mid (6-10),New (0-1),33.591735139151275,At Risk
33,No,Travel_Frequently,1392,Research & Development,3,4,Life Sciences,5,4,Female,56,3,1,Research Scientist,3,Married,2909,23159,1,Yes,11,3,3,0,8,3,3,8,7,3,0,5,46.5,10,3,2,4,Onsite,3,Low,Mid (6-10),Veteran (6-10),48.3041240581523,At Risk
27,No,Travel_Rarely,591,Research & Development,2,1,Medical,7,1,Male,40,3,1,Laboratory Technician,2,Married,3468,16632,9,No,12,3,4,1,6,3,3,2,2,2,2,3,36.5,5,4,3,2,Onsite,3,Below Average,Mid (6-10),Settling (2-3),50.55433662968609,Moderate
32,No,Travel_Frequently,1005,Research & Development,2,2,Life Sciences,8,4,Male,79,3,1,Laboratory Technician,4,Single,3068,11864,0,No,13,3,3,0,8,2,2,7,7,3,6,3,43.0,7,3,3,5,Hybrid,2,Below Average,Mid (6-10),Veteran (6-10),66.94580701613586,Moderate
59,No,Travel_Rarely,1324,Research & Development,3,3,Medical,10,3,Female,81,4,1,Laboratory Technician,1,Married,2670,9964,4,Yes,20,4,1,3,12,3,2,1,0,0,0,5,45.5,5,4,4,2,Onsite,4,Low,Senior (11-20),New (0-1),44.72042615710632,At Risk
30,No,Travel_Rarely,1358,Research & Development,24,1,Life Sciences,11,4,Male,67,3,1,Laboratory Technician,3,Divorced,2693,13335,1,No,22,4,2,1,1,2,3,1,0,0,0,4,41.3,11,3,3,5,Remote,4,Low,Entry (0-2),New (0-1),61.48091987418516,Moderate
38,No,Travel_Frequently,216,Research & Development,23,3,Life Sciences,12,4,Male,44,2,3,Manufacturing Director,3,Single,9526,8787,0,No,21,4,2,0,10,2,3,9,7,1,8,3,39.1,14,4,4,4,Hybrid,3,Average,Mid (6-10),Veteran (6-10),64.02960080163115,Moderate
36,No,Travel_Rarely,1299,Research & Development,27,3,Medical,13,3,Male,94,3,2,Healthcare Representative,3,Married,5237,16577,6,No,13,3,2,2,17,3,2,7,7,7,7,4,40.2,11,4,4,4,Onsite,3,Below Average,Senior (11-20),Veteran (6-10),62.092447366122286,Moderate
35,No,Travel_Rarely,809,Research & Development,16,3,Medical,14,1,Male,84,4,1,Laboratory Technician,2,Married,2426,16479,0,No,13,3,3,1,6,5,3,5,4,0,3,3,42.5,9,3,4,2,Hybrid,5,Low,Mid (6-10),Established (4-5),54.228369649030874,Moderate
29,No,Travel_Rarely,153,Research & Development,15,2,Life Sciences,15,4,Female,49,2,2,Laboratory Technician,3,Single,4193,12682,0,Yes,12,3,4,0,10,3,3,9,5,0,8,4,54.3,11,4,4,4,Remote,2,Below Average,Mid (6-10),Veteran (6-10),59.88544136663945,Moderate
31,No,Travel_Rarely,670,Research & Development,26,1,Life Sciences,16,1,Male,31,3,1,Research Scientist,3,Divorced,2911,15170,1,No,17,3,4,1,5,1,2,5,2,4,3,3,47.3,6,3,4,5,Onsite,2,Low,Early (3-5),Established (4-5),67.19320941405664,Moderate
34,No,Travel_Rarely,1346,Research & Development,19,2,Medical,18,2,Male,93,3,1,Laboratory Technician,4,Divorced,2661,8758,0,No,11,3,3,1,3,2,3,2,2,1,2,1,38.0,11,2,4,4,Remote,3,Low,Early (3-5),Settling (2-3),71.37224682255345,Healthy
28,Yes,Travel_Rarely,103,Research & Development,24,3,Life Sciences,19,3,Male,50,2,1,Laboratory Technician,3,Single,2028,12947,5,Yes,14,3,2,0,6,4,3,4,2,0,3,3,48.0,4,3,5,2,Onsite,2,Low,Mid (6-10),Established (4-5),52.70321546190394,Moderate
29,No,Travel_Rarely,1389,Research & Development,21,4,Life Sciences,20,2,Female,51,4,3,Manufacturing Director,1,Divorced,9980,10195,1,No,11,3,3,1,10,1,3,10,9,8,8,3,46.3,9,4,2,5,Hybrid,4,Average,Mid (6-10),Veteran (6-10),63.723602874879795,Moderate
32,No,Travel_Rarely,334,Research & Development,5,2,Life Sciences,21,1,Male,80,4,1,Research Scientist,2,Divorced,3298,15053,0,Yes,12,3,4,2,7,5,2,6,2,0,5,3,46.3,4,5,3,4,Hybrid,3,Below Average,Mid (6-10),Veteran (6-10),67.79145826650955,Moderate
22,No,Non-Travel,1123,Research & Development,16,2,Medical,22,4,Male,96,4,1,Laboratory Technician,4,Divorced,2935,7324,1,Yes,13,3,2,2,1,2,2,1,0,0,0,4,45.9,14,2,4,3,Onsite,3,Low,Entry (0-2),New (0-1),55.817868433633436,Moderate
53,No,Travel_Rarely,1219,Sales,2,4,Life Sciences,23,1,Female,78,2,4,Manager,4,Married,15427,22021,2,No,16,3,3,0,31,3,3,25,8,3,7,3,38.0,34,4,4,4,Onsite,4,High,Expert (20+),Lifer (10+),67.48592870132377,Moderate
38,No,Travel_Rarely,371,Research & Development,2,3,Life Sciences,24,4,Male,45,3,1,Research Scientist,4,Single,3944,4306,5,Yes,11,3,3,0,6,3,3,3,2,1,2,3,55.4,7,3,4,4,Remote,3,Below Average,Mid (6-10),Settling (2-3),67.45623142305513,Moderate
24,No,Non-Travel,673,Research & Development,11,2,Other,26,1,Female,96,4,2,Manufacturing Director,3,Divorced,4011,8232,0,No,18,3,4,1,5,5,2,4,2,1,3,4,39.7,7,3,5,5,Hybrid,4,Below Average,Early (3-5),Established (4-5),71.09538646889482,Healthy
36,Yes,Travel_Rarely,1218,Sales,9,4,Life Sciences,27,3,Male,82,2,1,Sales Representative,1,Single,3407,6986,7,No,23,4,2,0,10,4,3,5,3,0,3,3,49.8,8,5,4,3,Onsite,5,Below Average,Mid (6-10),Established (4-5),56.16034238930325,Moderate
34,No,Travel_Rarely,419,Research & Development,7,4,Life Sciences,28,1,Female,53,3,3,Research Director,2,Single,11994,21293,0,No,11,3,3,0,13,4,3,12,6,2,11,3,40.3,26,1,4,4,Remote,3,Above Average,Senior (11-20),Lifer (10+),51.798968682699694,Moderate
21,No,Travel_Rarely,391,Research & Development,15,2,Life Sciences,30,3,Male,96,3,1,Research Scientist,4,Single,1232,19281,1,No,14,3,4,0,0,6,3,0,0,0,0,2,40.3,6,2,3,3,Hybrid,4,Low,Entry (0-2),New (0-1),58.19545100652059,Moderate
34,Yes,Travel_Rarely,699,Research & Development,6,1,Medical,31,2,Male,83,3,1,Research Scientist,1,Single,2960,17102,2,No,11,3,3,0,8,2,3,4,2,1,3,3,45.8,9,2,4,2,Onsite,3,Low,Mid (6-10),Established (4-5),42.05713208663667,At Risk
53,No,Travel_Rarely,1282,Research & Development,5,3,Other,32,3,Female,58,3,5,Manager,3,Divorced,19094,10735,4,No,11,3,4,1,26,3,2,14,13,4,8,4,54.4,25,3,3,5,Onsite,4,High,Expert (20+),Lifer (10+),59.345319681451535,Moderate
32,Yes,Travel_Frequently,1125,Research & Development,16,1,Life Sciences,33,2,Female,72,1,1,Research Scientist,1,Single,3919,4681,1,Yes,22,4,2,0,10,5,3,10,2,6,7,3,59.5,10,4,3,2,Onsite,2,Below Average,Mid (6-10),Veteran (6-10),38.412796345560515,At Risk
42,No,Travel_Rarely,691,Sales,8,4,Marketing,35,3,Male,48,3,2,Sales Executive,2,Married,6825,21173,0,No,11,3,4,1,10,2,3,9,7,4,2,3,45.9,10,4,3,4,Onsite,2,Average,Mid (6-10),Veteran (6-10),61.2121487965416,Moderate
44,No,Travel_Rarely,477,Research & Development,7,4,Medical,36,1,Female,42,2,3,Healthcare Representative,4,Married,10248,2094,3,No,14,3,4,1,24,4,3,22,6,5,17,3,46.7,14,4,3,2,Onsite,3,Above Average,Expert (20+),Lifer (10+),53.12438623685486,Moderate
46,No,Travel_Rarely,705,Sales,2,4,Marketing,38,2,Female,83,3,5,Manager,1,Single,18947,22822,3,No,12,3,4,0,22,2,2,2,2,2,1,3,48.8,26,3,3,3,Onsite,3,High,Expert (20+),Settling (2-3),45.91901115020249,At Risk
33,No,Travel_Rarely,924,Research & Development,2,3,Medical,39,3,Male,78,3,1,Laboratory Technician,4,Single,2496,6670,4,No,11,3,4,0,7,3,3,1,1,0,0,3,42.7,5,3,3,4,Onsite,3,Low,Mid (6-10),New (0-1),63.75250112544174,Moderate
44,No,Travel_Rarely,1459,Research & Development,10,4,Other,40,4,Male,41,3,2,Healthcare Representative,4,Married,6465,19121,2,Yes,13,3,4,0,9,5,4,4,2,1,3,5,52.2,12,3,3,3,Hybrid,3,Average,Mid (6-10),Established (4-5),52.2708763647642,Moderate
30,No,Travel_Rarely,125,Research & Development,9,2,Medical,41,4,Male,83,2,1,Laboratory Technician,3,Single,2206,16117,1,No,13,3,1,0,10,5,3,10,0,1,8,3,36.3,10,2,3,5,Hybrid,4,Low,Mid (6-10),Veteran (6-10),56.91016964647528,Moderate
39,Yes,Travel_Rarely,895,Sales,5,3,Technical Degree,42,4,Male,56,3,2,Sales Representative,4,Married,2086,3335,3,No,14,3,3,1,19,6,4,1,0,0,0,3,40.3,11,3,5,3,Onsite,3,Low,Senior (11-20),New (0-1),67.96665582997441,Moderate
24,Yes,Travel_Rarely,813,Research & Development,1,3,Medical,45,2,Male,61,3,1,Research Scientist,4,Married,2293,3020,2,Yes,16,3,1,1,6,2,2,2,0,2,0,5,47.4,12,3,3,4,Onsite,2,Low,Mid (6-10),Settling (2-3),53.328582062724706,Moderate
43,No,Travel_Rarely,1273,Research & Development,2,2,Medical,46,4,Female,72,4,1,Research Scientist,3,Divorced,2645,21923,1,No,12,3,4,2,6,3,2,5,3,1,4,2,38.6,4,3,4,5,Hybrid,3,Low,Mid (6-10),Established (4-5),75.67997504126483,Healthy
50,Yes,Travel_Rarely,869,Sales,3,2,Marketing,47,1,Male,86,2,1,Sales Representative,3,Married,2683,3810,1,Yes,14,3,3,0,3,2,3,3,2,0,2,4,49.2,8,2,4,2,Hybrid,3,Low,Early (3-5),Settling (2-3),40.48302225881373,At Risk
35,No,Travel_Rarely,890,Sales,2,3,Marketing,49,4,Female,97,3,1,Sales Representative,4,Married,2014,9687,1,No,13,3,1,0,2,3,3,2,2,2,2,1,43.4,7,3,5,4,Onsite,3,Low,Entry (0-2),Settling (2-3),79.44828059065195,Healthy
36,No,Travel_Rarely,852,Research & Development,5,4,Life Sciences,51,2,Female,82,2,1,Research Scientist,1,Married,3419,13072,9,Yes,14,3,4,1,6,3,4,1,1,0,0,3,48.5,7,3,2,3,Onsite,2,Below Average,Mid (6-10),New (0-1),42.14387504583987,At Risk
33,No,Travel_Frequently,1141,Sales,1,3,Life Sciences,52,3,Female,42,4,2,Sales Executive,1,Married,5376,3193,2,No,19,3,1,2,10,3,3,5,3,1,3,3,47.0,5,2,3,4,Remote,4,Below Average,Mid (6-10),Established (4-5),53.353820148095245,Moderate
35,No,Travel_Rarely,464,Research & Development,4,2,Other,53,3,Male,75,3,1,Laboratory Technician,4,Divorced,1951,10910,1,No,12,3,3,1,1,3,3,1,0,0,0,4,35.0,6,1,3,3,Onsite,3,Low,Entry (0-2),New (0-1),45.534828666052086,At Risk
27,No,Travel_Rarely,1240,Research & Development,2,4,Life Sciences,54,4,Female,33,3,1,Laboratory Technician,1,Divorced,2341,19715,1,No,13,3,4,1,1,6,3,1,0,0,0,3,38.8,9,2,4,4,Onsite,4,Low,Entry (0-2),New (0-1),52.71494425349217,Moderate
26,Yes,Travel_Rarely,1357,Research & Development,25,3,Life Sciences,55,1,Male,48,1,1,Laboratory Technician,3,Single,2293,10558,1,No,12,3,3,0,1,2,2,1,0,0,1,3,37.5,9,3,3,2,Onsite,2,Low,Entry (0-2),New (0-1),38.81754848172704,At Risk
27,No,Travel_Frequently,994,Sales,8,3,Life Sciences,56,4,Male,37,3,3,Sales Executive,3,Single,8726,2975,1,No,15,3,4,0,9,0,3,9,8,1,7,3,35.1,16,3,3,4,Onsite,3,Average,Mid (6-10),Veteran (6-10),60.296173225749115,Moderate
30,No,Travel_Frequently,721,Research & Development,1,2,Medical,57,3,Female,58,3,2,Laboratory Technician,4,Single,4011,10781,1,No,23,4,4,0,12,2,3,12,8,3,7,2,40.8,10,4,4,5,Hybrid,5,Below Average,Senior (11-20),Lifer (10+),81.3016004119597,Healthy
41,Yes,Travel_Rarely,1360,Research & Development,12,3,Technical Degree,58,2,Female,49,3,5,Research Director,3,Married,19545,16280,1,No,12,3,4,0,23,0,3,22,15,15,8,3,45.1,28,2,1,4,Onsite,3,High,Expert (20+),Lifer (10+),48.5164091600372,At Risk
34,No,Non-Travel,1065,Sales,23,4,Marketing,60,2,Male,72,3,2,Sales Executive,3,Single,4568,10034,0,No,20,4,3,0,10,2,3,9,5,8,7,3,47.2,9,3,2,4,Hybrid,4,Below Average,Mid (6-10),Veteran (6-10),56.59244292813571,Moderate
37,No,Travel_Rarely,408,Research & Development,19,2,Life Sciences,61,2,Male,73,3,1,Research Scientist,2,Married,3022,10227,4,No,21,4,1,0,8,1,3,1,0,0,0,4,42.1,12,4,2,4,Onsite,3,Below Average,Mid (6-10),New (0-1),53.36425906393648,Moderate
46,No,Travel_Frequently,1211,Sales,5,4,Marketing,62,1,Male,98,3,2,Sales Executive,4,Single,5772,20445,4,Yes,21,4,3,0,14,4,3,9,6,0,8,4,43.6,11,5,3,3,Hybrid,3,Below Average,Senior (11-20),Veteran (6-10),63.02404254799249,Moderate
35,No,Travel_Rarely,1229,Research & Development,8,1,Life Sciences,63,4,Male,36,4,1,Laboratory Technician,4,Married,2269,4892,1,No,19,3,4,0,1,2,3,1,0,0,1,2,47.0,8,4,3,4,Remote,5,Low,Entry (0-2),New (0-1),76.61157022313503,Healthy
48,Yes,Travel_Rarely,626,Research & Development,1,2,Life Sciences,64,1,Male,98,2,3,Laboratory Technician,3,Single,5381,19294,9,Yes,13,3,4,0,23,2,3,1,0,0,0,5,58.0,10,5,3,2,Hybrid,3,Below Average,Expert (20+),New (0-1),45.75204293766394,At Risk
28,Yes,Travel_Rarely,1434,Research & Development,5,4,Technical Degree,65,3,Male,50,3,1,Laboratory Technician,3,Single,3441,11179,1,Yes,13,3,3,0,2,3,2,2,2,2,2,4,56.8,7,4,2,4,Hybrid,3,Below Average,Entry (0-2),Settling (2-3),54.684986770895485,Moderate
44,No,Travel_Rarely,1488,Sales,1,5,Marketing,68,2,Female,75,3,2,Sales Executive,1,Divorced,5454,4009,5,Yes,21,4,3,1,9,2,2,4,3,1,3,3,49.4,14,3,3,1,Onsite,3,Below Average,Mid (6-10),Established (4-5),35.261198983347,At Risk
35,No,Non-Travel,1097,Research & Development,11,2,Medical,70,3,Male,79,2,3,Healthcare Representative,1,Married,9884,8302,2,Yes,13,3,3,1,10,3,3,4,0,2,3,5,51.1,15,3,2,3,Onsite,3,Average,Mid (6-10),Established (4-5),31.719955983122826,At Risk
26,No,Travel_Rarely,1443,Sales,23,3,Marketing,72,3,Female,47,2,2,Sales Executive,4,Married,4157,21436,7,Yes,19,3,3,1,5,2,2,2,2,0,0,5,52.0,11,2,4,4,Hybrid,3,Below Average,Early (3-5),Settling (2-3),48.31740269763653,At Risk
33,No,Travel_Frequently,515,Research & Development,1,2,Life Sciences,73,1,Female,98,3,3,Research Director,4,Single,13458,15146,1,Yes,12,3,3,0,15,1,3,15,14,8,12,5,61.3,11,4,1,2,Onsite,4,Above Average,Senior (11-20),Lifer (10+),41.77121296386112,At Risk
35,No,Travel_Frequently,853,Sales,18,5,Life Sciences,74,2,Male,71,3,3,Sales Executive,1,Married,9069,11031,1,No,22,4,4,1,9,3,2,9,8,1,8,3,50.9,11,4,3,4,Hybrid,4,Average,Mid (6-10),Veteran (6-10),55.620220704115354,Moderate
35,No,Travel_Rarely,1142,Research & Development,23,4,Medical,75,3,Female,30,3,1,Laboratory Technician,1,Married,4014,16002,3,Yes,15,3,3,1,4,3,3,2,2,2,2,4,56.4,5,3,2,3,Onsite,3,Below Average,Early (3-5),Settling (2-3),40.20672161033101,At Risk
31,No,Travel_Rarely,655,Research & Development,7,4,Life Sciences,76,4,Male,48,3,2,Laboratory Technician,4,Divorced,5915,9528,3,No,22,4,4,1,10,3,2,7,7,1,7,3,39.9,16,5,4,4,Onsite,4,Below Average,Mid (6-10),Veteran (6-10),74.06523817129171,Healthy
37,No,Travel_Rarely,1115,Research & Development,1,4,Life Sciences,77,1,Male,51,2,2,Manufacturing Director,3,Divorced,5993,2689,1,No,18,3,3,1,7,2,4,7,5,0,7,4,35.8,11,3,3,4,Onsite,4,Below Average,Mid (6-10),Veteran (6-10),53.945007791274556,Moderate
32,No,Travel_Rarely,427,Research & Development,1,3,Medical,78,1,Male,33,3,2,Manufacturing Director,4,Married,6162,10877,1,Yes,22,4,2,1,9,3,3,9,8,7,8,4,50.7,12,4,4,4,Onsite,3,Average,Mid (6-10),Veteran (6-10),67.68437545854854,Moderate
38,No,Travel_Frequently,653,Research & Development,29,5,Life Sciences,79,4,Female,50,3,2,Laboratory Technician,4,Single,2406,5456,1,No,11,3,4,0,10,2,3,10,3,9,9,3,35.0,5,3,2,3,Hybrid,3,Low,Mid (6-10),Veteran (6-10),54.71986474440058,Moderate
50,No,Travel_Rarely,989,Research & Development,7,2,Medical,80,2,Female,43,2,5,Research Director,3,Divorced,18740,16701,5,Yes,12,3,4,1,29,2,2,27,3,13,8,4,52.8,14,3,1,3,Onsite,4,High,Expert (20+),Lifer (10+),36.93744072715275,At Risk
59,No,Travel_Rarely,1435,Sales,25,3,Life Sciences,81,1,Female,99,3,3,Sales Executive,1,Single,7637,2354,7,No,11,3,4,0,28,3,2,21,16,7,9,2,42.8,9,4,2,4,Remote,4,Average,Expert (20+),Lifer (10+),56.06064984149365,Moderate
36,No,Travel_Rarely,1223,Research & Development,8,3,Technical Degree,83,3,Female,59,3,3,Healthcare Representative,3,Divorced,10096,8202,1,No,13,3,2,3,17,2,3,17,14,12,8,4,40.7,13,3,2,4,Onsite,2,Above Average,Senior (11-20),Lifer (10+),52.448283493144,Moderate
55,No,Travel_Rarely,836,Research & Development,8,3,Medical,84,4,Female,33,3,4,Manager,3,Divorced,14756,19730,2,Yes,14,3,3,3,21,2,3,5,0,0,2,5,43.8,23,3,4,5,Onsite,4,Above Average,Expert (20+),Established (4-5),61.04049073680685,Moderate
36,No,Travel_Frequently,1195,Research & Development,11,3,Life Sciences,85,2,Male,95,2,2,Manufacturing Director,2,Single,6499,22656,1,No,13,3,3,0,6,3,3,6,5,0,3,3,43.2,13,4,4,5,Hybrid,3,Average,Mid (6-10),Veteran (6-10),65.90217898536628,Moderate
45,No,Travel_Rarely,1339,Research & Development,7,3,Life Sciences,86,2,Male,59,3,3,Research Scientist,1,Divorced,9724,18787,2,No,17,3,3,1,25,2,3,1,0,0,0,4,40.5,17,5,5,3,Onsite,4,Average,Expert (20+),New (0-1),60.06251944414143,Moderate
35,No,Travel_Frequently,664,Research & Development,1,3,Medical,88,2,Male,79,3,1,Research Scientist,1,Married,2194,5868,4,No,13,3,4,1,5,2,2,3,2,1,2,3,35.7,7,2,4,5,Onsite,3,Low,Early (3-5),Settling (2-3),55.9082501441863,Moderate
36,Yes,Travel_Rarely,318,Research & Development,9,3,Medical,90,4,Male,79,2,1,Research Scientist,3,Married,3388,21777,0,Yes,17,3,1,1,2,0,2,1,0,0,0,4,43.7,13,4,4,3,Onsite,4,Below Average,Entry (0-2),New (0-1),52.42093509047807,Moderate
59,No,Travel_Frequently,1225,Sales,1,1,Life Sciences,91,1,Female,57,2,2,Sales Executive,3,Single,5473,24668,7,No,11,3,4,0,20,2,2,4,3,1,3,3,41.8,10,2,3,2,Hybrid,4,Below Average,Senior (11-20),Established (4-5),38.78785120345841,At Risk
29,No,Travel_Rarely,1328,Research & Development,2,3,Life Sciences,94,3,Male,76,3,1,Research Scientist,2,Married,2703,4956,0,No,23,4,4,1,6,3,3,5,4,0,4,4,46.7,9,4,5,3,Onsite,4,Low,Mid (6-10),Established (4-5),59.146543873348946,Moderate
31,No,Travel_Rarely,1082,Research & Development,1,4,Medical,95,3,Male,87,3,1,Research Scientist,2,Single,2501,18775,1,No,17,3,2,0,1,4,3,1,1,1,0,3,46.2,9,4,3,1,Hybrid,3,Low,Entry (0-2),New (0-1),45.22543054625834,At Risk
32,No,Travel_Rarely,548,Research & Development,1,3,Life Sciences,96,2,Male,66,3,2,Research Scientist,2,Married,6220,7346,1,No,17,3,2,2,10,3,3,10,4,0,9,4,39.3,13,5,3,5,Remote,3,Average,Mid (6-10),Veteran (6-10),66.76919891546274,Moderate
36,No,Travel_Rarely,132,Research & Development,6,3,Life Sciences,97,2,Female,55,4,1,Laboratory Technician,4,Married,3038,22002,3,No,12,3,2,0,5,3,3,1,0,0,0,1,37.2,11,4,4,4,Onsite,5,Below Average,Early (3-5),New (0-1),84.45945995574013,Healthy
31,No,Travel_Rarely,746,Research & Development,8,4,Life Sciences,98,3,Female,61,3,2,Manufacturing Director,4,Single,4424,20682,1,No,23,4,4,0,11,2,3,11,7,1,8,4,43.0,8,4,4,3,Onsite,4,Below Average,Senior (11-20),Lifer (10+),62.355469375120784,Moderate
35,No,Travel_Rarely,776,Sales,1,4,Marketing,100,3,Male,32,2,2,Sales Executive,1,Single,4312,23016,0,No,14,3,2,0,16,2,3,15,13,2,8,3,37.1,8,3,4,4,Onsite,2,Below Average,Senior (11-20),Lifer (10+),52.74464153176079,Moderate
45,No,Travel_Rarely,193,Research & Development,6,4,Other,101,4,Male,52,3,3,Research Director,1,Married,13245,15067,4,Yes,14,3,2,0,17,3,4,0,0,0,0,4,49.0,26,2,5,4,Remote,3,Above Average,Senior (11-20),New (0-1),54.410115308847494,Moderate
37,No,Travel_Rarely,397,Research & Development,7,4,Medical,102,1,Male,30,3,3,Research Director,3,Single,13664,25258,4,No,13,3,1,0,16,3,4,5,2,0,2,3,44.9,23,3,3,2,Remote,3,Above Average,Senior (11-20),Established (4-5),51.77396125162724,Moderate
46,No,Travel_Rarely,945,Human Resources,5,2,Medical,103,2,Male,80,3,2,Human Resources,2,Divorced,5021,10425,8,Yes,22,4,4,1,16,2,3,4,2,0,2,2,56.7,15,5,3,2,Onsite,4,Below Average,Senior (11-20),Established (4-5),59.0707995351629,Moderate
30,No,Travel_Rarely,852,Research & Development,1,1,Life Sciences,104,4,Male,55,2,2,Laboratory Technician,4,Married,5126,15998,1,Yes,12,3,3,2,10,1,2,10,8,3,0,4,49.5,9,4,3,3,Remote,2,Below Average,Mid (6-10),Veteran (6-10),52.17353269255729,Moderate
35,No,Travel_Rarely,1214,Research & Development,1,3,Medical,105,2,Male,30,2,1,Research Scientist,3,Single,2859,26278,1,No,18,3,1,0,6,3,3,6,4,0,4,3,38.8,5,4,3,3,Onsite,4,Low,Mid (6-10),Veteran (6-10),54.99696442058999,Moderate
55,No,Travel_Rarely,111,Sales,1,2,Life Sciences,106,1,Male,70,3,3,Sales Executive,4,Married,10239,18092,3,No,14,3,4,1,24,4,3,1,0,1,0,4,39.1,18,4,5,2,Onsite,4,Above Average,Expert (20+),New (0-1),60.73029358930644,Moderate
38,No,Non-Travel,573,Research & Development,6,3,Medical,107,2,Female,79,1,2,Research Scientist,4,Divorced,5329,15717,7,Yes,12,3,4,3,17,3,3,13,11,1,9,4,52.6,4,4,4,4,Onsite,3,Below Average,Senior (11-20),Lifer (10+),58.99916307411559,Moderate
34,No,Travel_Rarely,1153,Research & Development,1,2,Medical,110,1,Male,94,3,2,Manufacturing Director,2,Married,4325,17736,1,No,15,3,3,0,5,2,3,5,2,1,3,3,40.2,15,3,3,4,Remote,3,Below Average,Early (3-5),Established (4-5),56.83984532605649,Moderate
56,No,Travel_Rarely,1400,Research & Development,7,3,Life Sciences,112,4,Male,49,1,3,Manufacturing Director,4,Single,7260,21698,4,No,11,3,1,0,37,3,2,6,4,0,2,3,44.9,12,2,3,3,Onsite,3,Average,Expert (20+),Veteran (6-10),43.23047899436231,At Risk
23,No,Travel_Rarely,541,Sales,2,1,Technical Degree,113,3,Male,62,3,1,Sales Representative,1,Divorced,2322,9518,3,No,13,3,3,1,3,3,3,0,0,0,0,4,43.3,7,3,3,3,Onsite,3,Low,Early (3-5),New (0-1),43.91045190794441,At Risk
51,No,Travel_Rarely,432,Research & Development,9,4,Life Sciences,116,4,Male,96,3,1,Laboratory Technician,4,Married,2075,18725,3,No,23,4,2,2,10,4,3,4,2,0,3,3,36.4,8,5,4,4,Hybrid,5,Low,Mid (6-10),Established (4-5),76.20083836402533,Healthy
30,No,Travel_Rarely,288,Research & Development,2,3,Life Sciences,117,3,Male,99,2,2,Healthcare Representative,4,Married,4152,15830,1,No,19,3,1,3,11,3,3,11,10,10,8,3,47.1,14,3,3,4,Hybrid,3,Below Average,Senior (11-20),Lifer (10+),59.409894933225274,Moderate
46,Yes,Travel_Rarely,669,Sales,9,2,Medical,118,3,Male,64,2,3,Sales Executive,4,Single,9619,13596,1,No,16,3,4,0,9,3,3,9,8,4,7,4,41.5,15,4,2,3,Hybrid,4,Average,Mid (6-10),Veteran (6-10),50.6054025876775,Moderate
40,No,Travel_Frequently,530,Research & Development,1,4,Life Sciences,119,3,Male,78,2,4,Healthcare Representative,2,Married,13503,14115,1,No,22,4,4,1,22,3,2,22,3,11,11,4,44.8,22,5,2,4,Remote,3,Above Average,Expert (20+),Lifer (10+),51.258356149471496,Moderate
51,No,Travel_Rarely,632,Sales,21,4,Marketing,120,3,Male,71,3,2,Sales Executive,4,Single,5441,8423,0,Yes,22,4,4,0,11,2,1,10,7,1,0,5,49.3,12,3,5,4,Onsite,4,Below Average,Senior (11-20),Veteran (6-10),58.60044246521788,Moderate
30,No,Travel_Rarely,1334,Sales,4,2,Medical,121,3,Female,63,2,2,Sales Executive,2,Divorced,5209,19760,1,Yes,12,3,2,3,11,4,2,11,8,2,7,3,39.5,19,2,5,3,Onsite,2,Below Average,Senior (11-20),Lifer (10+),48.067889982420354,At Risk
46,No,Travel_Frequently,638,Research & Development,1,3,Medical,124,3,Male,40,2,3,Healthcare Representative,1,Married,10673,3142,2,Yes,13,3,3,1,21,5,2,10,9,9,5,4,58.1,15,5,3,5,Onsite,4,Above Average,Expert (20+),Veteran (6-10),56.83466463082002,Moderate
32,No,Travel_Rarely,1093,Sales,6,4,Medical,125,2,Male,87,3,2,Sales Executive,3,Single,5010,24301,1,No,16,3,1,0,12,0,3,11,8,5,7,3,44.0,13,3,2,5,Hybrid,3,Below Average,Senior (11-20),Lifer (10+),61.92134901156345,Moderate
54,No,Travel_Rarely,1217,Research & Development,2,4,Technical Degree,126,1,Female,60,3,3,Research Director,3,Married,13549,24001,9,No,12,3,1,1,16,5,1,4,3,0,3,2,43.1,15,3,4,2,Onsite,3,Above Average,Senior (11-20),Established (4-5),53.21505040603147,Moderate
24,No,Travel_Rarely,1353,Sales,3,2,Other,128,1,Female,33,3,2,Sales Executive,3,Married,4999,17519,0,No,21,4,1,1,4,2,2,3,2,0,2,3,42.2,16,3,5,3,Remote,4,Below Average,Early (3-5),Settling (2-3),60.23912754481455,Moderate
28,No,Non-Travel,120,Sales,4,3,Medical,129,2,Male,43,3,2,Sales Executive,3,Married,4221,8863,1,No,15,3,2,0,5,3,4,5,4,0,4,3,42.4,7,3,5,4,Onsite,3,Below Average,Early (3-5),Established (4-5),69.83923401370956,Moderate
58,No,Travel_Rarely,682,Sales,10,4,Medical,131,4,Male,37,3,4,Sales Executive,3,Single,13872,24409,0,No,13,3,3,0,38,1,2,37,10,1,8,3,38.6,17,5,4,4,Hybrid,4,Above Average,Expert (20+),Lifer (10+),70.60891027159909,Healthy
44,No,Non-Travel,489,Research & Development,23,3,Medical,132,2,Male,67,3,2,Laboratory Technician,2,Married,2042,25043,4,No,12,3,3,1,17,3,4,3,2,1,2,3,38.2,7,2,5,4,Onsite,3,Low,Senior (11-20),Settling (2-3),62.01060264353183,Moderate
37,Yes,Travel_Rarely,807,Human Resources,6,4,Human Resources,133,3,Male,63,3,1,Human Resources,1,Divorced,2073,23648,4,Yes,22,4,4,0,7,3,3,3,2,0,2,3,51.3,9,3,4,3,Onsite,5,Low,Mid (6-10),Settling (2-3),51.758341640549524,Moderate
32,No,Travel_Rarely,827,Research & Development,1,1,Life Sciences,134,4,Male,71,3,1,Research Scientist,1,Single,2956,15178,1,No,13,3,4,0,1,2,3,1,0,0,0,3,35.0,8,3,4,2,Onsite,3,Low,Entry (0-2),New (0-1),46.42943555712177,At Risk
20,Yes,Travel_Frequently,871,Research & Development,6,3,Life Sciences,137,4,Female,66,2,1,Laboratory Technician,4,Single,2926,19783,1,Yes,18,3,2,0,1,5,3,1,0,1,0,4,53.8,9,3,3,4,Onsite,3,Low,Entry (0-2),New (0-1),55.26573549823356,Moderate
34,No,Travel_Rarely,665,Research & Development,6,4,Other,138,1,Female,41,3,2,Research Scientist,3,Single,4809,12482,1,No,14,3,3,0,16,3,3,16,13,2,10,3,35.7,7,3,4,3,Onsite,3,Below Average,Senior (11-20),Lifer (10+),58.670997439934766,Moderate
37,No,Non-Travel,1040,Research & Development,2,2,Life Sciences,139,3,Male,100,2,2,Healthcare Representative,4,Divorced,5163,15850,5,No,14,3,4,1,17,2,4,1,0,0,0,3,42.2,10,4,5,4,Remote,3,Below Average,Senior (11-20),New (0-1),73.3252591916708,Healthy
59,No,Non-Travel,1420,Human Resources,2,4,Human Resources,140,3,Female,32,2,5,Manager,4,Married,18844,21922,9,No,21,4,4,1,30,3,3,3,2,2,2,4,45.5,19,5,3,3,Onsite,4,High,Expert (20+),Settling (2-3),58.681436355776015,Moderate
50,No,Travel_Frequently,1115,Research & Development,1,3,Life Sciences,141,1,Female,73,3,5,Research Director,2,Married,18172,9755,3,Yes,19,3,1,0,28,1,2,8,3,0,7,5,49.6,27,4,3,3,Onsite,3,High,Expert (20+),Veteran (6-10),45.45932365039681,At Risk
25,Yes,Travel_Rarely,240,Sales,5,3,Marketing,142,3,Male,46,2,2,Sales Executive,3,Single,5744,26959,1,Yes,11,3,4,0,6,1,3,6,4,0,3,4,55.6,6,2,3,4,Hybrid,4,Below Average,Mid (6-10),Veteran (6-10),47.43710412805583,At Risk
25,No,Travel_Rarely,1280,Research & Development,7,1,Medical,143,4,Male,64,2,1,Research Scientist,4,Married,2889,26897,1,No,11,3,3,2,2,2,3,2,2,2,1,3,36.7,9,3,3,4,Remote,3,Low,Entry (0-2),Settling (2-3),59.409894933225274,Moderate
22,No,Travel_Rarely,534,Research & Development,15,3,Medical,144,2,Female,59,3,1,Laboratory Technician,4,Single,2871,23785,1,No,15,3,3,0,1,5,3,0,0,0,0,3,36.4,13,3,5,2,Onsite,4,Low,Entry (0-2),New (0-1),60.50214955381305,Moderate
51,No,Travel_Frequently,1456,Research & Development,1,4,Medical,145,1,Female,30,2,3,Healthcare Representative,1,Single,7484,25796,3,No,20,4,3,0,23,1,2,13,12,12,8,2,44.2,13,4,2,3,Hybrid,3,Average,Expert (20+),Lifer (10+),46.38913756584942,At Risk
34,Yes,Travel_Frequently,658,Research & Development,7,3,Life Sciences,147,1,Male,66,1,2,Laboratory Technician,3,Single,6074,22887,1,Yes,24,4,4,0,9,3,3,9,7,0,6,4,58.8,10,5,5,3,Hybrid,3,Average,Mid (6-10),Veteran (6-10),58.28996285909371,Moderate
54,No,Non-Travel,142,Human Resources,26,3,Human Resources,148,4,Female,30,4,4,Manager,4,Single,17328,13871,2,Yes,12,3,3,0,23,3,3,5,3,4,4,4,53.3,19,4,2,4,Hybrid,3,High,Expert (20+),Established (4-5),64.61952105553821,Moderate
24,No,Travel_Rarely,1127,Research & Development,18,1,Life Sciences,150,2,Male,52,3,1,Laboratory Technician,3,Married,2774,13257,0,No,12,3,3,1,6,2,3,5,3,1,2,5,39.8,9,4,4,3,Onsite,2,Low,Mid (6-10),Established (4-5),54.75498204043645,Moderate
34,No,Travel_Rarely,1031,Research & Development,6,4,Life Sciences,151,3,Female,45,2,2,Research Scientist,2,Divorced,4505,15000,6,No,15,3,3,1,12,3,3,1,0,0,0,3,42.8,13,5,3,3,Onsite,3,Below Average,Senior (11-20),New (0-1),55.91293999138247,Moderate
37,No,Travel_Rarely,1189,Sales,3,3,Life Sciences,152,3,Male,87,3,3,Sales Executive,4,Single,7428,14506,2,No,12,3,1,0,12,3,3,5,3,1,3,4,45.4,17,4,2,3,Hybrid,5,Average,Senior (11-20),Established (4-5),54.948008779893975,Moderate
34,No,Travel_Rarely,1354,Research & Development,5,3,Medical,153,3,Female,45,2,3,Manager,1,Single,11631,5615,2,No,12,3,4,0,14,6,3,11,10,5,8,3,43.3,17,2,3,4,Hybrid,3,Above Average,Senior (11-20),Lifer (10+),44.668607763662294,At Risk
36,No,Travel_Frequently,1467,Sales,11,2,Technical Degree,154,2,Female,92,3,3,Sales Executive,4,Married,9738,22952,0,No,14,3,3,1,10,6,3,9,7,2,8,2,41.1,11,4,4,4,Remote,5,Average,Mid (6-10),Veteran (6-10),75.97269432853194,Healthy
36,No,Travel_Rarely,922,Research & Development,3,2,Life Sciences,155,1,Female,39,3,1,Laboratory Technician,4,Divorced,2835,2561,5,No,22,4,1,1,7,2,3,1,0,0,0,4,36.3,5,5,3,4,Hybrid,4,Low,Mid (6-10),New (0-1),68.35294863142023,Moderate
43,No,Travel_Frequently,394,Sales,26,2,Life Sciences,158,3,Male,92,3,4,Manager,4,Married,16959,19494,1,Yes,12,3,4,2,25,3,4,25,12,4,12,5,55.5,18,2,2,4,Remote,3,High,Expert (20+),Lifer (10+),49.52374868009345,At Risk
30,No,Travel_Frequently,1312,Research & Development,23,3,Life Sciences,159,1,Male,96,1,1,Research Scientist,3,Divorced,2613,22310,1,No,25,4,3,3,10,2,2,10,7,0,9,4,36.1,10,4,4,5,Onsite,4,Low,Mid (6-10),Veteran (6-10),58.73614106511709,Moderate
33,No,Non-Travel,750,Sales,22,2,Marketing,160,3,Male,95,3,2,Sales Executive,2,Married,6146,15480,0,No,13,3,1,1,8,2,4,7,7,0,7,2,35.0,9,5,4,3,Hybrid,4,Average,Mid (6-10),Veteran (6-10),70.23903610893768,Healthy
56,Yes,Travel_Rarely,441,Research & Development,14,4,Life Sciences,161,2,Female,72,3,1,Research Scientist,2,Married,4963,4510,9,Yes,18,3,1,3,7,2,3,5,4,4,3,5,51.1,9,5,3,2,Remote,3,Below Average,Mid (6-10),Established (4-5),46.638321230187785,At Risk
51,No,Travel_Rarely,684,Research & Development,6,3,Life Sciences,162,1,Male,51,3,5,Research Director,3,Single,19537,6462,7,No,13,3,3,0,23,5,3,20,18,15,15,2,49.2,16,4,2,3,Hybrid,4,High,Expert (20+),Lifer (10+),59.779999750184764,Moderate
31,Yes,Travel_Rarely,249,Sales,6,4,Life Sciences,163,2,Male,76,1,2,Sales Executive,3,Married,6172,20739,4,Yes,18,3,2,0,12,3,2,7,7,7,7,5,39.1,6,3,3,4,Hybrid,2,Average,Senior (11-20),Veteran (6-10),41.187041778599124,At Risk
26,No,Travel_Rarely,841,Research & Development,6,3,Other,164,3,Female,46,2,1,Research Scientist,2,Married,2368,23300,1,No,19,3,3,0,5,3,2,5,4,4,3,5,36.4,9,4,3,5,Onsite,1,Low,Early (3-5),Established (4-5),51.77452962503584,Moderate
58,Yes,Travel_Rarely,147,Research & Development,23,4,Medical,165,4,Female,94,3,3,Healthcare Representative,4,Married,10312,3465,1,No,12,3,4,1,40,3,2,40,10,15,6,3,45.9,12,3,1,3,Remote,4,Above Average,Expert (20+),Lifer (10+),48.88053425405355,At Risk
19,Yes,Travel_Rarely,528,Sales,22,1,Marketing,167,4,Male,50,3,1,Sales Representative,3,Single,1675,26820,1,Yes,19,3,4,0,0,2,2,0,0,0,0,4,59.3,12,3,2,3,Onsite,4,Low,Entry (0-2),New (0-1),44.983777216982624,At Risk
22,No,Travel_Rarely,594,Research & Development,2,1,Technical Degree,169,3,Male,100,3,1,Laboratory Technician,4,Married,2523,19299,0,No,14,3,3,1,3,2,3,2,1,2,1,3,39.7,5,4,3,2,Hybrid,5,Low,Early (3-5),Settling (2-3),57.466992429071325,Moderate
49,No,Travel_Rarely,470,Research & Development,20,4,Medical,170,3,Female,96,3,2,Manufacturing Director,1,Married,6567,5549,1,No,14,3,3,0,16,2,2,15,11,5,11,3,39.0,11,3,3,2,Remote,4,Average,Senior (11-20),Lifer (10+),40.590105066774754,At Risk
43,No,Travel_Frequently,957,Research & Development,28,3,Medical,171,2,Female,72,4,1,Research Scientist,3,Single,4739,16090,4,No,12,3,4,0,18,2,3,3,2,1,2,2,38.9,6,5,4,4,Remote,3,Below Average,Senior (11-20),Settling (2-3),81.2312760915409,Healthy
50,No,Travel_Frequently,809,Sales,12,3,Marketing,174,3,Female,77,3,3,Sales Executive,4,Single,9208,6645,4,No,11,3,4,0,16,3,3,2,2,2,1,3,48.1,13,3,4,4,Hybrid,4,Average,Senior (11-20),Settling (2-3),67.45623142305513,Moderate
31,Yes,Travel_Rarely,542,Sales,20,3,Life Sciences,175,2,Female,71,1,2,Sales Executive,3,Married,4559,24788,3,Yes,11,3,3,1,4,2,3,2,2,2,2,3,49.6,13,2,3,3,Remote,3,Below Average,Early (3-5),Settling (2-3),41.90975128740331,At Risk
41,No,Travel_Rarely,802,Sales,9,1,Life Sciences,176,3,Male,96,3,3,Sales Executive,3,Divorced,8189,21196,3,Yes,13,3,3,1,12,2,3,9,7,0,7,4,53.8,17,4,3,3,Remote,4,Average,Senior (11-20),Veteran (6-10),55.195411177814755,Moderate
26,No,Travel_Rarely,1355,Human Resources,25,1,Life Sciences,177,3,Female,61,3,1,Human Resources,3,Married,2942,8916,1,No,23,4,4,1,8,3,3,8,7,5,7,2,37.7,11,3,2,5,Hybrid,4,Low,Mid (6-10),Veteran (6-10),66.06550844655517,Moderate
36,No,Travel_Rarely,216,Research & Development,6,2,Medical,178,2,Male,84,3,2,Manufacturing Director,2,Divorced,4941,2819,6,No,20,4,4,2,7,0,3,3,2,0,1,4,37.3,8,4,4,3,Onsite,4,Below Average,Mid (6-10),Settling (2-3),55.44281357573554,Moderate
51,Yes,Travel_Frequently,1150,Research & Development,8,4,Life Sciences,179,1,Male,53,1,3,Manufacturing Director,4,Single,10650,25150,2,No,15,3,4,0,18,2,3,4,2,0,3,3,43.1,14,3,4,3,Remote,2,Above Average,Senior (11-20),Established (4-5),53.442112955194446,Moderate
39,No,Travel_Rarely,1329,Sales,4,4,Life Sciences,182,4,Female,47,2,2,Sales Executive,3,Married,5902,14590,4,No,14,3,3,1,17,1,4,15,11,5,9,3,46.8,14,4,1,3,Hybrid,3,Below Average,Senior (11-20),Lifer (10+),49.72510401809681,At Risk
25,No,Travel_Rarely,959,Sales,28,3,Life Sciences,183,1,Male,41,2,2,Sales Executive,3,Married,8639,24835,2,No,18,3,4,0,6,3,3,2,2,2,2,4,42.4,13,4,3,3,Hybrid,2,Average,Mid (6-10),Settling (2-3),50.85280498559829,Moderate
30,No,Travel_Rarely,1240,Human Resources,9,3,Human Resources,184,3,Male,48,3,2,Human Resources,4,Married,6347,13982,0,Yes,19,3,4,0,12,2,1,11,9,4,7,3,55.0,11,5,3,4,Remote,4,Average,Senior (11-20),Lifer (10+),68.22590768094469,Moderate
32,Yes,Travel_Rarely,1033,Research & Development,9,3,Medical,190,1,Female,41,3,1,Laboratory Technician,1,Single,4200,10224,7,No,22,4,1,0,10,2,4,5,4,0,4,3,37.6,9,4,4,3,Hybrid,4,Below Average,Mid (6-10),Established (4-5),58.26624530376825,Moderate
45,No,Travel_Rarely,1316,Research & Development,29,3,Medical,192,3,Male,83,3,1,Research Scientist,4,Single,3452,9752,5,No,13,3,2,0,9,2,2,6,5,0,3,4,35.0,6,3,3,4,Remote,4,Below Average,Mid (6-10),Veteran (6-10),57.472741497716406,Moderate
38,No,Travel_Rarely,364,Research & Development,3,5,Technical Degree,193,4,Female,32,3,2,Research Scientist,3,Single,4317,2302,3,Yes,20,4,2,0,19,2,3,3,2,2,2,3,53.4,17,5,4,4,Remote,4,Below Average,Senior (11-20),Settling (2-3),72.7445104643327,Healthy
30,No,Travel_Rarely,438,Research & Development,18,3,Life Sciences,194,1,Female,75,3,1,Research Scientist,3,Single,2632,23910,1,No,14,3,3,0,5,4,2,5,4,0,4,3,40.1,7,3,4,2,Hybrid,4,Low,Early (3-5),Established (4-5),51.20649116377339,Moderate
32,No,Travel_Frequently,689,Sales,9,2,Medical,195,4,Male,35,1,2,Sales Executive,4,Divorced,4668,22812,0,No,17,3,4,3,9,2,4,8,7,0,7,3,39.6,20,3,4,4,Remote,3,Below Average,Mid (6-10),Veteran (6-10),60.90661923135582,Moderate
30,No,Travel_Rarely,201,Research & Development,5,3,Technical Degree,197,4,Female,84,3,1,Research Scientist,1,Divorced,3204,10415,5,No,14,3,4,1,8,3,3,3,2,2,2,4,52.4,9,3,3,4,Remote,3,Below Average,Mid (6-10),Settling (2-3),49.23935799137217,At Risk
30,No,Travel_Rarely,1427,Research & Development,2,1,Medical,198,2,Male,35,2,1,Laboratory Technician,4,Single,2720,11162,0,No,13,3,4,0,6,3,3,5,3,1,2,2,40.8,8,4,3,3,Hybrid,3,Low,Mid (6-10),Established (4-5),62.59745175527433,Moderate
41,No,Travel_Frequently,857,Research & Development,10,3,Life Sciences,199,4,Male,91,2,4,Manager,1,Divorced,17181,12888,4,No,13,3,2,1,21,2,2,7,6,7,7,2,41.9,35,3,2,4,Onsite,2,High,Expert (20+),Veteran (6-10),47.34574017879207,At Risk
41,No,Travel_Rarely,933,Research & Development,9,4,Life Sciences,200,3,Male,94,3,1,Laboratory Technician,1,Married,2238,6961,2,No,21,4,4,1,7,2,3,5,0,1,4,3,37.9,4,4,4,3,Onsite,4,Low,Mid (6-10),Established (4-5),56.130645111034625,Moderate
19,No,Travel_Rarely,1181,Research & Development,3,1,Medical,201,2,Female,79,3,1,Laboratory Technician,2,Single,1483,16102,1,No,14,3,4,0,1,3,3,1,0,0,0,3,44.2,6,3,4,2,Onsite,3,Low,Entry (0-2),New (0-1),49.88576345681439,At Risk
40,No,Travel_Frequently,1395,Research & Development,26,3,Medical,202,2,Female,54,3,2,Research Scientist,2,Divorced,5605,8504,1,No,11,3,1,1,20,2,3,20,7,2,13,3,41.6,10,5,3,2,Onsite,4,Below Average,Senior (11-20),Lifer (10+),54.926640100171184,Moderate
35,No,Travel_Rarely,662,Sales,1,5,Marketing,204,3,Male,94,3,3,Sales Executive,2,Married,7295,11439,1,No,13,3,1,2,10,3,3,10,8,0,6,4,36.8,14,4,5,4,Onsite,4,Average,Mid (6-10),Veteran (6-10),64.4754499567767,Moderate
53,No,Travel_Rarely,1436,Sales,6,2,Marketing,205,2,Male,34,3,2,Sales Representative,3,Married,2306,16047,2,Yes,20,4,4,1,13,3,1,7,7,4,5,3,52.9,16,3,3,4,Onsite,3,Low,Senior (11-20),Veteran (6-10),56.02497284028186,Moderate
45,No,Travel_Rarely,194,Research & Development,9,3,Life Sciences,206,2,Male,60,3,2,Laboratory Technician,2,Divorced,2348,10901,8,No,18,3,3,1,20,2,1,17,9,0,15,3,40.0,17,2,5,4,Onsite,3,Low,Senior (11-20),Lifer (10+),55.60380206533095,Moderate
32,No,Travel_Frequently,967,Sales,8,3,Marketing,207,2,Female,43,3,3,Sales Executive,4,Single,8998,15589,1,No,14,3,4,0,9,2,3,9,8,3,7,4,50.1,18,4,3,4,Hybrid,3,Average,Mid (6-10),Veteran (6-10),63.98064516093513,Moderate
29,No,Non-Travel,1496,Research & Development,1,1,Technical Degree,208,4,Male,41,3,2,Manufacturing Director,3,Married,4319,26283,1,No,13,3,1,1,10,1,3,10,7,0,9,3,45.4,4,4,2,2,Hybrid,4,Below Average,Mid (6-10),Veteran (6-10),50.30693423176531,Moderate
51,No,Travel_Rarely,1169,Research & Development,7,4,Medical,211,2,Male,34,2,2,Manufacturing Director,3,Married,6132,13983,2,No,17,3,3,0,10,2,3,1,0,0,0,5,39.3,11,5,4,2,Onsite,4,Average,Mid (6-10),New (0-1),49.45577323527733,At Risk
58,No,Travel_Rarely,1145,Research & Development,9,3,Medical,214,2,Female,75,2,1,Research Scientist,2,Married,3346,11873,4,Yes,20,4,2,1,9,3,2,1,0,0,0,4,59.3,4,5,4,3,Onsite,2,Below Average,Mid (6-10),New (0-1),53.33691066127055,Moderate
40,No,Travel_Rarely,630,Sales,4,4,Marketing,215,3,Male,67,2,3,Sales Executive,4,Married,10855,8552,7,No,11,3,1,1,15,2,2,12,11,2,11,2,43.7,21,4,3,4,Hybrid,3,Above Average,Senior (11-20),Lifer (10+),65.79075764596844,Moderate
34,No,Travel_Frequently,303,Sales,2,4,Marketing,216,3,Female,75,3,1,Sales Representative,3,Married,2231,11314,6,No,18,3,4,1,6,3,3,4,3,1,2,4,43.0,5,2,3,3,Onsite,3,Low,Mid (6-10),Established (4-5),46.450804236844554,At Risk
22,No,Travel_Rarely,1256,Research & Development,19,1,Medical,217,3,Male,80,3,1,Research Scientist,4,Married,2323,11992,1,No,24,4,1,2,2,6,3,2,2,2,2,2,41.5,9,2,4,4,Hybrid,3,Low,Entry (0-2),Settling (2-3),67.22808738756174,Moderate
27,No,Non-Travel,691,Research & Development,9,3,Medical,218,4,Male,57,3,1,Research Scientist,2,Divorced,2024,5970,6,No,18,3,4,1,6,1,1,2,2,2,2,4,37.8,11,3,3,4,Hybrid,3,Low,Mid (6-10),Settling (2-3),48.42448550559754,At Risk
28,No,Travel_Rarely,440,Research & Development,21,3,Medical,221,3,Male,42,3,1,Research Scientist,4,Married,2713,6672,1,No,11,3,3,1,5,2,1,5,2,0,2,4,38.6,7,3,3,4,Hybrid,4,Low,Early (3-5),Established (4-5),55.33714130498279,Moderate
57,No,Travel_Rarely,334,Research & Development,24,2,Life Sciences,223,3,Male,83,4,3,Healthcare Representative,4,Divorced,9439,23402,3,Yes,16,3,2,1,12,2,1,5,3,1,4,3,55.5,9,5,4,3,Hybrid,3,Average,Senior (11-20),Established (4-5),70.94333808734682,Healthy
27,No,Non-Travel,1450,Research & Development,3,3,Medical,224,3,Male,79,2,1,Research Scientist,3,Divorced,2566,25326,1,Yes,15,3,4,1,1,2,2,1,1,0,1,5,52.9,9,4,4,4,Hybrid,2,Low,Entry (0-2),New (0-1),53.605681738914114,Moderate
50,No,Travel_Rarely,1452,Research & Development,11,3,Life Sciences,226,3,Female,53,3,5,Manager,2,Single,19926,17053,3,No,15,3,2,0,21,5,3,5,4,4,4,4,44.0,31,4,4,3,Onsite,5,High,Expert (20+),Established (4-5),55.44281357573554,Moderate
41,No,Travel_Rarely,465,Research & Development,14,3,Life Sciences,227,1,Male,56,3,1,Research Scientist,3,Divorced,2451,4609,4,No,12,3,1,1,13,2,3,9,8,1,8,4,35.8,6,2,3,2,Onsite,4,Low,Senior (11-20),Veteran (6-10),41.121898153416815,At Risk
30,No,Travel_Rarely,1339,Sales,5,3,Life Sciences,228,2,Female,41,3,3,Sales Executive,4,Married,9419,8053,2,No,12,3,3,1,12,2,3,10,9,7,4,5,44.3,14,3,2,3,Onsite,3,Average,Senior (11-20),Veteran (6-10),46.43154587441717,At Risk
38,No,Travel_Rarely,702,Sales,1,4,Life Sciences,230,1,Female,59,2,2,Sales Executive,4,Single,8686,12930,4,No,22,4,3,0,12,2,4,8,3,0,7,3,48.6,15,5,3,3,Remote,3,Average,Senior (11-20),Veteran (6-10),64.96119598350136,Moderate
32,No,Travel_Rarely,120,Research & Development,6,5,Life Sciences,231,3,Male,43,3,1,Research Scientist,3,Single,3038,12430,3,No,20,4,1,0,8,2,3,5,4,1,4,2,35.3,11,4,3,4,Onsite,4,Below Average,Mid (6-10),Established (4-5),68.81263613122591,Moderate
27,No,Travel_Rarely,1157,Research & Development,17,3,Technical Degree,233,3,Male,51,3,1,Research Scientist,2,Married,3058,13364,0,Yes,16,3,4,1,6,3,2,5,2,1,1,3,53.0,6,4,1,3,Hybrid,3,Below Average,Mid (6-10),Established (4-5),46.34018192515341,At Risk
19,Yes,Travel_Frequently,602,Sales,1,1,Technical Degree,235,3,Female,100,1,1,Sales Representative,1,Single,2325,20989,0,No,21,4,1,0,1,5,4,0,0,0,0,3,44.4,7,3,3,3,Hybrid,2,Low,Entry (0-2),New (0-1),41.5049991512368,At Risk
36,No,Travel_Frequently,1480,Research & Development,3,2,Medical,238,4,Male,30,3,1,Laboratory Technician,2,Single,2088,15062,4,No,12,3,3,0,13,3,2,8,7,7,2,3,40.1,6,3,2,3,Onsite,3,Low,Senior (11-20),Veteran (6-10),45.67160875228171,At Risk
30,No,Non-Travel,111,Research & Development,9,3,Medical,239,3,Male,66,3,2,Laboratory Technician,1,Divorced,3072,11012,1,No,11,3,3,2,12,4,3,12,9,6,10,3,42.9,10,3,3,5,Hybrid,4,Below Average,Senior (11-20),Lifer (10+),58.71242350979161,Moderate
45,No,Travel_Rarely,1268,Sales,4,2,Life Sciences,240,3,Female,30,3,2,Sales Executive,1,Divorced,5006,6319,4,Yes,11,3,1,1,9,3,4,5,4,0,3,4,48.4,9,2,3,3,Remote,5,Below Average,Mid (6-10),Established (4-5),41.67374863019294,At Risk
56,No,Travel_Rarely,713,Research & Development,8,3,Life Sciences,241,3,Female,67,3,1,Research Scientist,1,Divorced,4257,13939,4,Yes,18,3,3,1,19,3,3,2,2,2,2,4,54.6,7,4,4,3,Hybrid,4,Below Average,Senior (11-20),Settling (2-3),51.98648567604292,Moderate
33,No,Travel_Rarely,134,Research & Development,2,3,Life Sciences,242,3,Male,90,3,1,Research Scientist,4,Single,2500,10515,0,No,14,3,1,0,4,2,4,3,1,0,2,3,38.1,5,4,2,5,Onsite,4,Low,Early (3-5),Settling (2-3),71.88558057447482,Healthy
19,Yes,Travel_Rarely,303,Research & Development,2,3,Life Sciences,243,2,Male,47,2,1,Laboratory Technician,4,Single,1102,9241,1,No,22,4,3,0,1,3,2,1,0,1,0,4,44.3,12,2,3,3,Hybrid,4,Low,Entry (0-2),New (0-1),43.42892575158708,At Risk
46,No,Travel_Rarely,526,Sales,1,2,Marketing,244,2,Female,92,3,3,Sales Executive,1,Divorced,10453,2137,1,No,25,4,3,3,24,2,3,24,13,15,7,3,47.3,9,5,1,2,Hybrid,4,Above Average,Expert (20+),Lifer (10+),44.062851605251765,At Risk
38,No,Travel_Rarely,1380,Research & Development,9,2,Life Sciences,245,3,Female,75,3,1,Laboratory Technician,4,Single,2288,6319,1,No,12,3,3,0,2,3,3,2,2,2,1,5,50.0,10,3,2,2,Onsite,4,Low,Entry (0-2),Settling (2-3),41.10263979098943,At Risk
31,No,Travel_Rarely,140,Research & Development,12,1,Medical,246,3,Female,95,3,1,Research Scientist,4,Married,3929,6984,8,Yes,23,4,3,1,7,0,3,4,2,0,2,4,51.2,6,4,4,3,Onsite,5,Below Average,Mid (6-10),Established (4-5),62.355469375120784,Moderate
34,No,Travel_Rarely,629,Research & Development,27,2,Medical,247,4,Female,95,3,1,Research Scientist,2,Single,2311,5711,2,No,15,3,4,0,9,3,3,3,2,1,2,2,40.9,10,3,5,3,Onsite,4,Low,Mid (6-10),Settling (2-3),63.06255927284726,Moderate
41,Yes,Travel_Rarely,1356,Sales,20,2,Marketing,248,2,Female,70,3,1,Sales Representative,2,Single,3140,21728,1,Yes,22,4,4,0,4,5,2,4,3,0,2,3,55.3,3,4,4,3,Hybrid,3,Below Average,Early (3-5),Established (4-5),57.45137281799363,Moderate
50,No,Travel_Rarely,328,Research & Development,1,3,Medical,249,3,Male,86,2,1,Laboratory Technician,3,Married,3690,3425,2,No,15,3,4,1,5,2,2,3,2,0,2,3,39.0,7,3,4,3,Hybrid,3,Below Average,Early (3-5),Settling (2-3),52.19279105498467,Moderate
53,No,Travel_Rarely,1084,Research & Development,13,2,Medical,250,4,Female,57,4,2,Manufacturing Director,1,Divorced,4450,26250,1,No,11,3,3,2,5,3,3,4,2,1,3,3,42.5,8,2,3,4,Hybrid,4,Below Average,Early (3-5),Established (4-5),53.353820148095245,Moderate
33,No,Travel_Rarely,931,Research & Development,14,3,Medical,252,4,Female,72,3,1,Research Scientist,2,Married,2756,4673,1,No,13,3,4,1,8,5,3,8,7,1,6,4,38.4,4,4,3,4,Hybrid,3,Low,Mid (6-10),Veteran (6-10),57.067989361549884,Moderate
40,No,Travel_Rarely,989,Research & Development,4,1,Medical,253,4,Female,46,3,5,Manager,3,Married,19033,6499,1,No,14,3,2,1,21,2,3,20,8,9,9,4,46.3,27,4,2,5,Onsite,4,High,Expert (20+),Lifer (10+),62.14949304705685,Moderate
55,No,Travel_Rarely,692,Research & Development,14,4,Medical,254,3,Male,61,4,5,Research Director,2,Single,18722,13339,8,No,11,3,4,0,36,3,3,24,15,2,15,4,50.9,31,4,4,5,Remote,4,High,Expert (20+),Lifer (10+),70.44323193480751,Healthy
34,No,Travel_Frequently,1069,Research & Development,2,1,Life Sciences,256,4,Male,45,2,2,Manufacturing Director,3,Married,9547,14074,1,No,17,3,3,0,10,2,2,10,9,1,9,2,37.9,11,5,2,4,Hybrid,4,Average,Mid (6-10),Veteran (6-10),63.00300291914752,Moderate
51,No,Travel_Rarely,313,Research & Development,3,3,Medical,258,4,Female,98,3,4,Healthcare Representative,2,Single,13734,7192,3,No,18,3,3,0,21,6,3,7,7,1,0,2,48.7,12,5,5,4,Onsite,5,Above Average,Expert (20+),Veteran (6-10),77.1360722972452,Healthy
52,No,Travel_Rarely,699,Research & Development,1,4,Life Sciences,259,3,Male,65,2,5,Manager,3,Married,19999,5678,0,No,14,3,1,1,34,5,3,33,18,11,9,3,50.9,22,5,2,4,Onsite,3,High,Expert (20+),Lifer (10+),60.994443676889446,Moderate
27,No,Travel_Rarely,894,Research & Development,9,3,Medical,260,4,Female,99,3,1,Research Scientist,2,Single,2279,11781,1,No,16,3,4,0,7,2,2,7,7,0,3,4,39.9,5,2,4,4,Onsite,2,Low,Mid (6-10),Veteran (6-10),49.89151252545947,At Risk
35,Yes,Travel_Rarely,556,Research & Development,23,2,Life Sciences,261,2,Male,50,2,2,Manufacturing Director,3,Married,5916,15497,3,Yes,13,3,1,0,8,1,3,1,0,0,1,4,37.7,9,2,4,2,Onsite,3,Below Average,Mid (6-10),New (0-1),40.48302225881373,At Risk
43,No,Non-Travel,1344,Research & Development,7,3,Medical,262,4,Male,37,4,1,Research Scientist,4,Divorced,2089,5228,4,No,14,3,4,3,7,3,4,5,4,2,2,2,36.4,9,2,2,3,Onsite,5,Low,Mid (6-10),Established (4-5),60.969927093857294,Moderate
45,No,Non-Travel,1195,Research & Development,2,2,Medical,264,1,Male,65,2,4,Manager,4,Married,16792,20462,9,No,23,4,4,1,22,1,3,20,8,11,8,4,49.3,21,4,2,3,Onsite,3,High,Expert (20+),Lifer (10+),50.6054025876775,Moderate
37,No,Travel_Rarely,290,Research & Development,21,3,Life Sciences,267,2,Male,65,4,1,Research Scientist,1,Married,3564,22977,1,Yes,12,3,1,1,8,3,2,8,7,1,7,4,49.3,6,3,3,4,Hybrid,4,Below Average,Mid (6-10),Veteran (6-10),51.44636399085501,Moderate
35,No,Travel_Frequently,138,Research & Development,2,3,Medical,269,2,Female,37,3,2,Laboratory Technician,2,Single,4425,15986,5,No,11,3,4,0,10,5,3,6,2,1,2,2,37.1,11,4,2,3,Onsite,4,Below Average,Mid (6-10),Veteran (6-10),56.323671850492154,Moderate
42,No,Non-Travel,926,Research & Development,21,2,Medical,270,3,Female,36,3,2,Manufacturing Director,3,Divorced,5265,16439,2,No,16,3,2,1,11,5,3,5,3,0,2,3,39.1,10,3,3,1,Hybrid,3,Below Average,Senior (11-20),Established (4-5),44.30945497546587,At Risk
38,No,Travel_Rarely,1261,Research & Development,2,4,Life Sciences,271,4,Male,88,3,2,Manufacturing Director,3,Married,6553,7259,9,No,14,3,2,0,14,3,3,1,0,0,0,3,44.5,7,2,5,4,Hybrid,3,Average,Senior (11-20),New (0-1),63.33133035049082,Moderate
38,No,Travel_Rarely,1084,Research & Development,29,3,Technical Degree,273,4,Male,54,3,2,Manufacturing Director,4,Married,6261,4185,3,No,18,3,1,1,9,3,1,7,7,1,7,2,44.9,10,3,4,4,Remote,3,Average,Mid (6-10),Veteran (6-10),67.3291904725796,Moderate
27,No,Travel_Frequently,472,Research & Development,1,1,Technical Degree,274,3,Male,60,2,2,Manufacturing Director,1,Married,4298,9679,5,No,19,3,3,1,6,1,3,2,2,2,0,3,40.1,14,3,5,4,Onsite,1,Below Average,Mid (6-10),Settling (2-3),56.44837182937421,Moderate
49,No,Non-Travel,1002,Research & Development,18,4,Life Sciences,275,4,Male,92,3,2,Manufacturing Director,4,Divorced,6804,23793,1,Yes,15,3,1,2,7,0,3,7,7,1,7,4,48.6,7,2,4,4,Onsite,3,Average,Mid (6-10),Veteran (6-10),58.93976851757834,Moderate
34,No,Travel_Frequently,878,Research & Development,10,4,Medical,277,4,Male,43,3,1,Research Scientist,3,Divorced,3815,5972,1,Yes,17,3,4,1,5,4,4,5,3,2,0,5,50.1,9,3,3,2,Hybrid,3,Below Average,Early (3-5),Established (4-5),43.48564238164383,At Risk
40,No,Travel_Rarely,905,Research & Development,19,2,Medical,281,3,Male,99,3,2,Laboratory Technician,4,Married,2741,16523,8,Yes,15,3,3,1,15,2,4,7,2,3,7,5,44.3,10,3,3,2,Remote,4,Low,Senior (11-20),Veteran (6-10),46.94197028133645,At Risk
38,Yes,Travel_Rarely,1180,Research & Development,29,1,Medical,282,2,Male,70,3,2,Healthcare Representative,1,Married,6673,11354,7,Yes,19,3,2,0,17,2,3,1,0,0,0,3,62.5,12,4,4,2,Onsite,3,Average,Senior (11-20),New (0-1),50.80173902760687,Moderate
29,Yes,Travel_Rarely,121,Sales,27,3,Marketing,283,2,Female,35,3,3,Sales Executive,4,Married,7639,24525,1,No,22,4,4,3,10,3,2,10,4,1,9,3,42.1,20,4,4,3,Onsite,4,Average,Mid (6-10),Veteran (6-10),64.36402861737886,Moderate
22,No,Travel_Rarely,1136,Research & Development,5,3,Life Sciences,284,4,Male,60,4,1,Research Scientist,2,Divorced,2328,12392,1,Yes,16,3,1,1,4,2,2,4,2,2,2,4,56.3,9,4,3,4,Hybrid,3,Low,Early (3-5),Established (4-5),59.274995361032744,Moderate
36,No,Travel_Frequently,635,Research & Development,18,1,Medical,286,2,Female,73,3,1,Laboratory Technician,4,Single,2153,7703,1,No,13,3,1,0,8,2,3,8,1,1,7,3,45.7,7,2,2,4,Hybrid,4,Low,Mid (6-10),Veteran (6-10),55.67646735734323,Moderate
40,No,Non-Travel,1151,Research & Development,9,5,Life Sciences,287,4,Male,63,2,2,Healthcare Representative,4,Married,4876,14242,9,No,14,3,4,1,5,5,1,3,2,0,2,4,46.7,15,4,5,5,Onsite,4,Below Average,Early (3-5),Settling (2-3),68.10320526190597,Moderate
46,No,Travel_Rarely,644,Research & Development,1,4,Medical,288,4,Male,97,3,3,Healthcare Representative,1,Divorced,9396,12368,7,No,16,3,3,1,17,3,3,4,2,0,3,5,40.9,12,5,4,3,Hybrid,4,Average,Senior (11-20),Established (4-5),52.21462971153631,Moderate
32,Yes,Travel_Rarely,1045,Sales,4,4,Medical,291,4,Male,32,1,3,Sales Executive,4,Married,10400,25812,1,No,11,3,3,0,14,2,2,14,8,9,8,4,45.0,7,2,1,5,Onsite,3,Above Average,Senior (11-20),Lifer (10+),42.33667113099929,At Risk
30,No,Non-Travel,829,Research & Development,1,1,Life Sciences,292,3,Male,88,2,3,Manufacturing Director,3,Single,8474,20925,1,No,22,4,3,0,12,2,3,11,8,5,8,4,42.5,15,4,3,5,Remote,3,Average,Senior (11-20),Lifer (10+),61.51061715245378,Moderate
27,No,Travel_Frequently,1242,Sales,20,3,Life Sciences,293,4,Female,90,3,2,Sales Executive,3,Single,9981,12916,1,No,14,3,4,0,7,2,3,7,7,0,7,4,37.5,8,4,3,3,Remote,3,Average,Mid (6-10),Veteran (6-10),55.195411177814755,Moderate
51,No,Travel_Rarely,1469,Research & Development,8,4,Life Sciences,296,2,Male,81,2,3,Research Director,2,Married,12490,15736,5,No,16,3,4,2,16,5,1,10,9,4,7,4,45.5,24,3,4,5,Hybrid,4,Above Average,Senior (11-20),Veteran (6-10),53.11451569442222,Moderate
30,Yes,Travel_Rarely,1005,Research & Development,3,3,Technical Degree,297,4,Female,88,3,1,Research Scientist,1,Single,2657,8556,5,Yes,11,3,3,0,8,5,3,5,2,0,4,4,43.0,11,2,4,4,Hybrid,4,Low,Mid (6-10),Established (4-5),48.57078481850047,At Risk
41,No,Travel_Rarely,896,Sales,6,3,Life Sciences,298,4,Female,75,3,3,Manager,4,Single,13591,14674,3,Yes,18,3,3,0,16,3,3,1,0,0,0,5,57.8,29,3,4,4,Remote,2,Above Average,Senior (11-20),New (0-1),59.16791255307173,Moderate
30,Yes,Travel_Frequently,334,Sales,26,4,Marketing,299,3,Female,52,2,2,Sales Executive,1,Single,6696,22967,5,No,15,3,3,0,9,5,2,6,3,0,1,3,40.0,9,3,3,2,Remote,3,Average,Mid (6-10),Veteran (6-10),36.24749887455827,At Risk
29,Yes,Travel_Rarely,992,Research & Development,1,3,Technical Degree,300,3,Male,85,3,1,Research Scientist,3,Single,2058,19757,0,No,14,3,4,0,7,1,2,6,2,1,5,3,41.2,11,2,3,4,Onsite,4,Low,Mid (6-10),Veteran (6-10),53.78826956253039,Moderate
45,No,Non-Travel,1052,Sales,6,3,Medical,302,4,Female,57,2,3,Sales Executive,4,Single,8865,16840,6,No,12,3,4,0,23,2,3,19,7,12,8,3,43.7,12,5,1,3,Remote,3,Average,Expert (20+),Lifer (10+),55.418135195540906,Moderate
54,No,Travel_Rarely,1147,Sales,3,3,Marketing,303,4,Female,52,3,2,Sales Executive,1,Married,5940,17011,2,No,14,3,4,1,16,4,3,6,2,0,5,3,40.1,13,3,5,5,Onsite,2,Below Average,Senior (11-20),Veteran (6-10),66.11988410501843,Moderate
36,No,Travel_Rarely,1396,Research & Development,5,2,Life Sciences,304,4,Male,62,3,2,Laboratory Technician,2,Single,5914,9945,8,No,16,3,4,0,16,3,4,13,11,3,7,5,42.6,9,5,4,5,Hybrid,3,Below Average,Senior (11-20),Lifer (10+),68.46436997081807,Moderate
33,No,Travel_Rarely,147,Research & Development,4,4,Medical,305,3,Female,47,2,1,Research Scientist,2,Married,2622,13248,6,No,21,4,4,0,7,3,3,3,2,1,1,2,37.7,8,3,4,3,Onsite,3,Low,Mid (6-10),Settling (2-3),55.01622278301739,Moderate
37,No,Travel_Frequently,663,Research & Development,11,3,Other,306,2,Male,47,3,3,Research Director,4,Divorced,12185,10056,1,Yes,14,3,3,3,10,1,3,10,8,0,7,5,51.9,18,2,2,5,Hybrid,2,Above Average,Mid (6-10),Veteran (6-10),52.71705457078757,Moderate
38,No,Travel_Rarely,119,Sales,3,3,Life Sciences,307,1,Male,76,3,3,Sales Executive,3,Divorced,10609,9647,0,No,12,3,3,2,17,6,2,16,10,5,13,2,38.0,6,5,2,4,Remote,3,Above Average,Senior (11-20),Lifer (10+),67.34560911136398,Moderate
31,No,Non-Travel,979,Research & Development,1,4,Medical,308,3,Male,90,1,2,Manufacturing Director,3,Married,4345,4381,0,No,12,3,4,1,6,2,3,5,4,1,4,3,41.6,13,3,3,4,Onsite,3,Below Average,Mid (6-10),Established (4-5),51.610960841316164,Moderate
59,No,Travel_Rarely,142,Research & Development,3,3,Life Sciences,309,3,Male,70,2,1,Research Scientist,4,Married,2177,8456,3,No,17,3,1,1,7,6,3,1,0,0,0,4,47.4,7,4,4,2,Onsite,3,Low,Mid (6-10),New (0-1),52.683957099476565,Moderate
37,No,Travel_Frequently,319,Sales,4,4,Marketing,311,1,Male,41,3,1,Sales Representative,4,Divorced,2793,2539,4,No,17,3,3,1,13,2,3,9,8,5,8,3,35.6,9,3,3,5,Onsite,3,Low,Senior (11-20),Veteran (6-10),69.08140720886948,Moderate
29,No,Travel_Frequently,1413,Sales,1,1,Medical,312,2,Female,42,3,3,Sales Executive,4,Married,7918,6599,1,No,14,3,4,1,11,5,3,11,10,4,1,2,39.9,14,3,3,2,Onsite,3,Average,Senior (11-20),Lifer (10+),57.238848393577946,Moderate
35,No,Travel_Frequently,944,Sales,1,3,Marketing,314,3,Female,92,3,3,Sales Executive,3,Single,8789,9096,1,No,14,3,1,0,10,3,4,10,7,0,8,3,43.9,16,4,3,5,Onsite,2,Average,Mid (6-10),Veteran (6-10),72.1329829723956,Healthy
29,Yes,Travel_Rarely,896,Research & Development,18,1,Medical,315,3,Male,86,2,1,Research Scientist,4,Single,2389,14961,1,Yes,13,3,3,0,4,3,2,4,3,0,1,5,48.5,9,3,3,2,Hybrid,3,Low,Early (3-5),Established (4-5),38.32816370365272,At Risk
52,No,Travel_Rarely,1323,Research & Development,2,3,Life Sciences,316,3,Female,89,2,1,Laboratory Technician,4,Single,3212,3300,7,No,15,3,2,0,6,3,2,2,2,2,2,2,41.8,11,3,2,3,Onsite,1,Below Average,Mid (6-10),Settling (2-3),52.38581779444219,Moderate
42,No,Travel_Rarely,532,Research & Development,4,2,Technical Degree,319,3,Male,58,3,5,Manager,4,Married,19232,4933,1,No,11,3,4,0,22,3,3,22,17,11,15,4,47.6,21,3,1,5,Onsite,3,High,Expert (20+),Lifer (10+),57.52978717865097,Moderate
59,No,Travel_Rarely,818,Human Resources,6,2,Medical,321,2,Male,52,3,1,Human Resources,3,Married,2267,25657,8,No,17,3,4,0,7,2,2,2,2,2,2,3,42.9,10,3,3,4,Onsite,4,Low,Mid (6-10),Settling (2-3),58.160573033015496,Moderate
50,No,Travel_Rarely,854,Sales,1,4,Medical,323,4,Female,68,3,5,Manager,4,Divorced,19517,24118,3,No,11,3,3,1,32,3,2,7,0,0,6,3,50.8,25,4,5,3,Onsite,3,High,Expert (20+),Veteran (6-10),68.06775891499227,Moderate
33,Yes,Travel_Rarely,813,Research & Development,14,3,Medical,325,3,Male,58,3,1,Laboratory Technician,4,Married,2436,22149,5,Yes,13,3,3,1,8,2,1,5,4,0,4,5,50.2,9,4,2,4,Remote,3,Low,Mid (6-10),Established (4-5),51.861555042862776,Moderate
43,No,Travel_Rarely,1034,Sales,16,3,Marketing,327,4,Female,80,3,4,Manager,4,Married,16064,7744,5,Yes,22,4,3,1,22,3,3,17,13,1,9,5,56.8,22,4,4,5,Remote,4,High,Expert (20+),Lifer (10+),68.86912210698458,Moderate
33,Yes,Travel_Rarely,465,Research & Development,2,2,Life Sciences,328,1,Female,39,3,1,Laboratory Technician,1,Married,2707,21509,7,No,20,4,1,0,13,3,4,9,7,1,7,2,41.5,6,4,4,2,Onsite,2,Low,Senior (11-20),Veteran (6-10),57.08149865533221,Moderate
52,No,Non-Travel,771,Sales,2,4,Life Sciences,329,1,Male,79,2,5,Manager,3,Single,19068,21030,1,Yes,18,3,4,0,33,2,4,33,7,15,12,5,61.6,33,4,3,5,Onsite,3,High,Expert (20+),Lifer (10+),59.5020579101957,Moderate
32,No,Travel_Rarely,1401,Sales,4,2,Life Sciences,330,3,Female,56,3,1,Sales Representative,2,Married,3931,20990,2,No,11,3,1,1,6,5,3,4,3,1,2,2,39.1,6,4,5,2,Hybrid,1,Below Average,Mid (6-10),Established (4-5),62.10595665990461,Moderate
32,Yes,Travel_Rarely,515,Research & Development,1,3,Life Sciences,331,4,Male,62,2,1,Laboratory Technician,3,Single,3730,9571,0,Yes,14,3,4,0,4,2,1,3,2,1,2,5,42.7,12,4,3,3,Onsite,3,Below Average,Early (3-5),Settling (2-3),42.43744516513932,At Risk
39,No,Travel_Rarely,1431,Research & Development,1,4,Medical,332,3,Female,96,3,1,Laboratory Technician,3,Divorced,2232,15417,7,No,14,3,3,3,7,1,3,3,2,1,2,2,44.0,4,3,3,4,Hybrid,3,Low,Mid (6-10),Settling (2-3),64.44033266074082,Moderate
32,No,Non-Travel,976,Sales,26,4,Marketing,333,3,Male,100,3,2,Sales Executive,4,Married,4465,12069,0,No,18,3,1,0,4,2,3,3,2,2,2,3,40.6,12,3,3,3,Remote,2,Below Average,Early (3-5),Settling (2-3),58.423595042013986,Moderate
41,No,Travel_Rarely,1411,Research & Development,19,2,Life Sciences,334,3,Male,36,3,2,Research Scientist,1,Divorced,3072,19877,2,No,16,3,1,2,17,2,2,1,0,0,0,4,35.0,20,2,3,3,Remote,5,Below Average,Senior (11-20),New (0-1),37.402548244725686,At Risk
40,No,Travel_Rarely,1300,Research & Development,24,2,Technical Degree,335,1,Male,62,3,2,Research Scientist,4,Divorced,3319,24447,1,No,17,3,1,2,9,3,3,9,8,4,7,4,44.5,10,4,3,4,Hybrid,4,Below Average,Mid (6-10),Veteran (6-10),63.98064516093513,Moderate
45,No,Travel_Rarely,252,Research & Development,1,3,Other,336,3,Male,70,4,5,Manager,4,Married,19202,15970,0,No,11,3,3,1,25,2,3,24,0,1,7,3,43.5,33,4,4,4,Onsite,3,High,Expert (20+),Lifer (10+),76.17114108575672,Healthy
31,No,Travel_Frequently,1327,Research & Development,3,4,Medical,337,2,Male,73,3,3,Research Director,3,Divorced,13675,13523,9,No,12,3,1,1,9,3,3,2,2,2,2,3,42.2,20,3,4,4,Hybrid,4,Above Average,Mid (6-10),Settling (2-3),63.99990352336251,Moderate
33,No,Travel_Rarely,832,Research & Development,5,4,Life Sciences,338,3,Female,63,2,1,Research Scientist,4,Married,2911,14776,1,No,13,3,3,1,2,2,2,2,2,0,2,3,41.7,7,4,4,3,Onsite,2,Low,Entry (0-2),Settling (2-3),60.0214224251624,Moderate
34,No,Travel_Rarely,470,Research & Development,2,4,Life Sciences,339,4,Male,84,2,2,Manufacturing Director,1,Married,5957,23687,6,No,13,3,2,1,13,3,3,11,9,5,9,3,41.9,11,3,4,4,Remote,2,Below Average,Senior (11-20),Lifer (10+),52.74464153176079,Moderate
37,No,Travel_Rarely,1017,Research & Development,1,2,Medical,340,3,Female,83,2,1,Research Scientist,1,Married,3920,18697,2,No,14,3,1,1,17,2,2,3,1,0,2,4,43.2,13,2,5,4,Remote,1,Below Average,Senior (11-20),Settling (2-3),45.79630873116377,At Risk
45,No,Travel_Frequently,1199,Research & Development,7,4,Life Sciences,341,1,Male,77,4,2,Manufacturing Director,3,Married,6434,5118,4,No,17,3,4,1,9,1,3,3,2,0,2,3,39.4,12,3,4,4,Onsite,5,Average,Mid (6-10),Settling (2-3),68.342509715579,Moderate
37,Yes,Travel_Frequently,504,Research & Development,10,3,Medical,342,1,Male,61,3,3,Manufacturing Director,3,Divorced,10048,22573,6,No,11,3,2,2,17,5,3,1,0,0,0,3,44.7,10,3,4,3,Hybrid,4,Above Average,Senior (11-20),New (0-1),58.670997439934766,Moderate
39,No,Travel_Frequently,505,Research & Development,2,4,Technical Degree,343,3,Female,64,3,3,Healthcare Representative,3,Single,10938,6420,0,No,25,4,4,0,20,1,3,19,6,11,8,4,41.6,22,5,2,3,Onsite,4,Above Average,Senior (11-20),Lifer (10+),55.86398435068646,Moderate
29,No,Travel_Rarely,665,Research & Development,15,3,Life Sciences,346,3,Male,60,3,1,Research Scientist,4,Single,2340,22673,1,No,19,3,1,0,6,1,3,6,5,1,5,5,42.6,8,4,5,4,Onsite,3,Low,Mid (6-10),Veteran (6-10),67.24394632117023,Moderate
42,No,Travel_Rarely,916,Research & Development,17,2,Life Sciences,347,4,Female,82,4,2,Research Scientist,1,Single,6545,23016,3,Yes,13,3,3,0,10,1,3,3,2,0,2,5,55.7,14,5,4,3,Onsite,4,Average,Mid (6-10),Settling (2-3),56.55723590375279,Moderate
29,No,Travel_Rarely,1247,Sales,20,2,Marketing,349,4,Male,45,3,2,Sales Executive,4,Divorced,6931,10732,2,No,14,3,4,1,10,2,3,3,2,0,2,2,37.4,5,3,4,3,Remote,3,Average,Mid (6-10),Settling (2-3),66.2714847746191,Moderate
25,No,Travel_Rarely,685,Research & Development,1,3,Life Sciences,350,1,Female,62,3,2,Manufacturing Director,3,Married,4898,7505,0,No,12,3,4,2,5,3,3,4,2,1,2,3,45.4,14,3,4,3,Hybrid,4,Below Average,Early (3-5),Established (4-5),58.670997439934766,Moderate
42,No,Travel_Rarely,269,Research & Development,2,3,Medical,351,4,Female,56,2,1,Laboratory Technician,1,Divorced,2593,8007,0,Yes,11,3,3,1,10,4,3,9,6,7,8,5,46.2,12,3,2,3,Onsite,3,Low,Mid (6-10),Veteran (6-10),31.719955983122826,At Risk
40,No,Travel_Rarely,1416,Research & Development,2,2,Medical,352,1,Male,49,3,5,Research Director,3,Divorced,19436,5949,0,No,19,3,4,1,22,5,3,21,7,3,9,3,48.8,21,4,3,4,Onsite,3,High,Expert (20+),Lifer (10+),64.66847669623421,Moderate
51,No,Travel_Rarely,833,Research & Development,1,3,Life Sciences,353,3,Male,96,3,1,Research Scientist,4,Married,2723,23231,1,No,11,3,2,0,1,0,2,1,0,0,0,3,41.9,4,2,3,4,Onsite,3,Low,Entry (0-2),New (0-1),57.24459746222301,Moderate
31,Yes,Travel_Frequently,307,Research & Development,29,2,Medical,355,3,Male,71,2,1,Laboratory Technician,2,Single,3479,11652,0,No,11,3,2,0,6,2,4,5,4,1,4,4,46.2,7,3,4,2,Remote,3,Below Average,Mid (6-10),Established (4-5),43.534598022339836,At Risk
32,No,Travel_Frequently,1311,Research & Development,7,3,Life Sciences,359,2,Male,100,4,1,Laboratory Technician,2,Married,2794,26062,1,No,20,4,3,0,5,3,1,5,1,0,3,2,40.3,10,4,4,3,Hybrid,4,Low,Early (3-5),Established (4-5),63.80253825246819,Moderate
38,No,Non-Travel,1327,Sales,2,2,Life Sciences,361,4,Male,39,2,2,Sales Executive,4,Married,5249,19682,3,No,18,3,4,1,13,0,3,8,7,7,5,3,39.7,12,3,3,3,Hybrid,2,Below Average,Senior (11-20),Veteran (6-10),54.08098884979751,Moderate
32,No,Travel_Rarely,128,Research & Development,2,1,Technical Degree,362,4,Male,84,2,2,Laboratory Technician,1,Single,2176,19737,4,No,13,3,4,0,9,5,3,6,2,0,4,1,41.0,7,3,5,4,Onsite,2,Low,Mid (6-10),Veteran (6-10),64.73669069935761,Moderate
46,No,Travel_Rarely,488,Sales,2,3,Technical Degree,363,3,Female,75,1,4,Manager,2,Married,16872,14977,3,Yes,12,3,2,1,28,2,2,7,7,7,7,3,50.9,20,3,2,4,Hybrid,4,High,Expert (20+),Veteran (6-10),42.315302451276516,At Risk
28,Yes,Travel_Rarely,529,Research & Development,2,4,Life Sciences,364,1,Male,79,3,1,Laboratory Technician,3,Single,3485,14935,2,No,11,3,3,0,5,5,1,0,0,0,0,3,44.4,5,2,4,2,Remote,3,Below Average,Early (3-5),New (0-1),44.698587500554666,At Risk
29,No,Travel_Rarely,1210,Sales,2,3,Medical,366,1,Male,78,2,2,Sales Executive,2,Married,6644,3687,2,No,19,3,2,2,10,2,3,0,0,0,0,2,35.0,8,4,2,2,Onsite,3,Average,Mid (6-10),New (0-1),46.65215957484792,At Risk
31,No,Travel_Rarely,1463,Research & Development,23,3,Medical,367,2,Male,64,2,2,Healthcare Representative,4,Married,5582,14408,0,No,21,4,2,1,10,2,3,9,0,7,8,4,36.9,7,3,2,5,Remote,3,Below Average,Mid (6-10),Veteran (6-10),56.89091128404791,Moderate
25,No,Non-Travel,675,Research & Development,5,2,Life Sciences,369,2,Male,85,4,2,Healthcare Representative,1,Divorced,4000,18384,1,No,12,3,4,2,6,2,3,6,3,1,5,2,36.8,7,2,3,2,Hybrid,3,Below Average,Mid (6-10),Veteran (6-10),46.84016741623145,At Risk
45,No,Travel_Rarely,1385,Research & Development,20,2,Medical,372,3,Male,79,3,4,Healthcare Representative,4,Married,13496,7501,0,Yes,14,3,2,0,21,2,3,20,7,4,10,4,56.3,19,4,2,5,Remote,3,Above Average,Expert (20+),Lifer (10+),65.60582094674947,Moderate
36,No,Travel_Rarely,1403,Research & Development,6,3,Life Sciences,373,4,Male,47,3,1,Laboratory Technician,4,Married,3210,20251,0,No,11,3,3,1,16,4,3,15,13,10,11,3,46.4,4,3,2,4,Hybrid,3,Below Average,Senior (11-20),Lifer (10+),60.048770827828335,Moderate
55,No,Travel_Rarely,452,Research & Development,1,3,Medical,374,4,Male,81,3,5,Manager,1,Single,19045,18938,0,Yes,14,3,3,0,37,2,3,36,10,4,13,5,51.0,32,3,3,4,Onsite,2,High,Expert (20+),Lifer (10+),45.09519855638045,At Risk
47,Yes,Non-Travel,666,Research & Development,29,4,Life Sciences,376,1,Male,88,3,3,Manager,2,Married,11849,10268,1,Yes,12,3,4,1,10,2,2,10,7,9,9,3,49.8,16,1,2,3,Hybrid,4,Above Average,Mid (6-10),Veteran (6-10),36.92700181131151,At Risk
28,No,Travel_Rarely,1158,Research & Development,9,3,Medical,377,4,Male,94,3,1,Research Scientist,4,Married,2070,2613,1,No,23,4,4,1,5,3,2,5,2,0,4,4,40.7,8,4,5,5,Remote,4,Low,Early (3-5),Established (4-5),74.58141164685607,Healthy
37,No,Travel_Rarely,228,Sales,6,4,Medical,378,3,Male,98,3,2,Sales Executive,4,Married,6502,22825,4,No,14,3,2,1,7,5,4,5,4,0,1,3,44.9,10,2,3,2,Remote,5,Average,Mid (6-10),Established (4-5),50.85798568083476,Moderate
21,No,Travel_Rarely,996,Research & Development,3,2,Medical,379,4,Male,100,2,1,Research Scientist,3,Single,3230,10531,1,No,17,3,1,0,3,4,4,3,2,1,0,2,35.1,10,4,3,3,Hybrid,3,Below Average,Early (3-5),Settling (2-3),61.27672404831532,Moderate
37,No,Non-Travel,728,Research & Development,1,4,Medical,380,1,Female,80,3,3,Research Director,4,Divorced,13603,11677,2,Yes,18,3,1,2,15,2,3,5,2,0,2,4,53.0,23,3,4,3,Onsite,2,Above Average,Senior (11-20),Established (4-5),57.98316590463568,Moderate
35,No,Travel_Rarely,1315,Research & Development,22,3,Life Sciences,381,2,Female,71,4,3,Manager,2,Divorced,11996,19100,7,No,18,3,2,1,10,6,2,7,7,6,2,3,47.3,13,4,3,2,Remote,4,Above Average,Mid (6-10),Veteran (6-10),52.76134262916895,Moderate
38,No,Travel_Rarely,322,Sales,7,2,Medical,382,1,Female,44,4,2,Sales Executive,1,Divorced,5605,19191,1,Yes,24,4,3,1,8,3,3,8,0,7,7,3,52.1,9,5,2,3,Hybrid,3,Below Average,Mid (6-10),Veteran (6-10),57.43809417850939,Moderate
26,No,Travel_Frequently,1479,Research & Development,1,3,Life Sciences,384,3,Female,84,3,2,Manufacturing Director,2,Divorced,6397,26767,1,No,20,4,1,1,6,6,1,6,5,1,4,3,43.5,14,3,5,4,Remote,4,Average,Mid (6-10),Veteran (6-10),59.976105535816046,Moderate
50,No,Travel_Rarely,797,Research & Development,4,1,Life Sciences,385,1,Male,96,3,5,Research Director,2,Divorced,19144,15815,3,No,14,3,1,2,28,4,2,10,4,1,6,3,50.4,12,3,5,3,Hybrid,3,High,Expert (20+),Veteran (6-10),56.782799645121926,Moderate
53,No,Travel_Rarely,1070,Research & Development,3,4,Medical,386,3,Male,45,3,4,Research Director,3,Married,17584,21016,3,Yes,16,3,4,3,21,5,2,5,3,1,3,4,44.8,25,3,5,3,Hybrid,5,High,Expert (20+),Established (4-5),56.094968109822844,Moderate
42,No,Travel_Rarely,635,Sales,1,1,Life Sciences,387,2,Male,99,3,2,Sales Executive,3,Married,4907,24532,1,No,25,4,3,0,20,3,3,20,16,11,6,4,43.8,10,4,3,3,Remote,5,Below Average,Senior (11-20),Lifer (10+),55.195411177814755,Moderate
29,No,Travel_Frequently,442,Sales,2,2,Life Sciences,388,2,Male,44,3,2,Sales Executive,4,Single,4554,20260,1,No,18,3,1,0,10,3,2,10,7,0,9,4,39.3,13,3,4,4,Onsite,3,Below Average,Mid (6-10),Veteran (6-10),61.17647179532981,Moderate
55,No,Travel_Rarely,147,Research & Development,20,2,Technical Degree,389,2,Male,37,3,2,Laboratory Technician,4,Married,5415,15972,3,Yes,19,3,4,1,12,4,3,10,7,0,8,3,40.3,10,5,5,3,Hybrid,3,Below Average,Senior (11-20),Veteran (6-10),74.575662578211,Healthy
26,No,Travel_Frequently,496,Research & Development,11,2,Medical,390,1,Male,60,3,2,Healthcare Representative,1,Married,4741,22722,1,Yes,13,3,3,1,5,3,3,5,3,3,3,5,49.6,11,2,3,4,Onsite,3,Below Average,Early (3-5),Established (4-5),40.72289508589536,At Risk
37,No,Travel_Rarely,1372,Research & Development,1,3,Life Sciences,391,4,Female,42,3,1,Research Scientist,4,Single,2115,15881,1,No,12,3,2,0,17,3,3,17,12,5,7,1,45.1,10,2,4,3,Remote,4,Low,Senior (11-20),Lifer (10+),66.0433407391257,Moderate
44,Yes,Travel_Frequently,920,Research & Development,24,3,Life Sciences,392,4,Male,43,3,1,Laboratory Technician,3,Divorced,3161,19920,3,Yes,22,4,4,1,19,0,1,1,0,0,0,4,49.3,12,4,3,2,Remote,4,Below Average,Senior (11-20),New (0-1),45.59530470891976,At Risk
38,No,Travel_Rarely,688,Research & Development,23,4,Life Sciences,393,4,Male,82,3,2,Healthcare Representative,4,Divorced,5745,18899,9,No,14,3,2,1,10,2,3,2,2,1,2,4,44.9,15,3,4,5,Hybrid,3,Below Average,Mid (6-10),Settling (2-3),68.64097807149118,Moderate
26,Yes,Travel_Rarely,1449,Research & Development,16,4,Medical,394,1,Male,45,3,1,Laboratory Technician,2,Divorced,2373,14180,2,Yes,13,3,4,1,5,2,3,3,2,0,2,4,57.8,7,3,3,2,Onsite,3,Low,Early (3-5),Settling (2-3),42.037873724209284,At Risk
28,No,Travel_Rarely,1117,Research & Development,8,2,Life Sciences,395,4,Female,66,3,1,Research Scientist,4,Single,3310,4488,1,No,21,4,4,0,5,3,3,5,3,0,2,3,44.9,10,4,5,3,Hybrid,4,Below Average,Early (3-5),Established (4-5),70.20335910772589,Healthy
49,No,Travel_Frequently,636,Research & Development,10,4,Life Sciences,396,3,Female,35,3,5,Research Director,1,Single,18665,25594,9,Yes,11,3,4,0,22,4,3,3,2,1,2,4,57.5,23,3,4,2,Hybrid,4,High,Expert (20+),Settling (2-3),42.285276122130064,At Risk
36,No,Travel_Rarely,506,Research & Development,3,3,Technical Degree,397,3,Male,30,3,2,Research Scientist,2,Single,4485,26285,4,No,12,3,4,0,10,2,3,8,0,7,7,3,44.1,8,3,1,5,Hybrid,4,Below Average,Mid (6-10),Veteran (6-10),54.761290814257435,Moderate
31,No,Travel_Frequently,444,Sales,5,3,Marketing,399,4,Female,84,3,1,Sales Representative,2,Divorced,2789,3909,1,No,11,3,3,1,2,5,2,2,2,2,2,3,40.7,9,3,5,3,Remote,3,Low,Entry (0-2),Settling (2-3),56.782799645121926,Moderate
26,Yes,Travel_Rarely,950,Sales,4,4,Marketing,401,4,Male,48,2,2,Sales Executive,4,Single,5828,8450,1,Yes,12,3,2,0,8,0,3,8,7,7,4,5,41.6,13,2,1,3,Onsite,3,Below Average,Mid (6-10),Veteran (6-10),34.012905914102184,At Risk
37,No,Travel_Frequently,889,Research & Development,9,3,Medical,403,2,Male,53,3,1,Research Scientist,4,Married,2326,11411,1,Yes,12,3,3,3,4,3,2,4,2,1,2,4,50.8,8,4,4,3,Hybrid,3,Low,Early (3-5),Established (4-5),60.219869182387164,Moderate
42,No,Travel_Frequently,555,Sales,26,3,Marketing,404,3,Female,77,3,4,Sales Executive,2,Married,13525,14864,5,No,14,3,4,1,23,2,4,20,4,4,8,3,39.9,20,4,3,5,Hybrid,4,Above Average,Expert (20+),Lifer (10+),68.67665507270297,Moderate
18,Yes,Travel_Rarely,230,Research & Development,3,3,Life Sciences,405,3,Male,54,3,1,Laboratory Technician,3,Single,1420,25233,1,No,13,3,3,0,0,2,3,0,0,0,0,4,48.3,13,2,4,3,Onsite,5,Low,Entry (0-2),New (0-1),50.15453453445796,Moderate
35,No,Travel_Rarely,1232,Sales,16,3,Marketing,406,3,Male,96,3,3,Sales Executive,2,Married,8020,5100,0,No,15,3,3,2,12,3,2,11,9,6,9,4,42.7,11,5,4,5,Hybrid,3,Average,Senior (11-20),Lifer (10+),68.33732902034252,Moderate
36,No,Travel_Frequently,566,Research & Development,18,4,Life Sciences,407,3,Male,81,4,1,Laboratory Technician,4,Married,3688,7122,4,No,18,3,4,2,4,2,3,1,0,0,0,4,40.1,8,4,4,3,Remote,4,Below Average,Early (3-5),New (0-1),66.69807556733727,Moderate
51,No,Travel_Rarely,1302,Research & Development,2,3,Medical,408,4,Male,84,1,2,Manufacturing Director,2,Divorced,5482,16321,5,No,18,3,4,1,13,3,3,4,1,1,2,4,43.3,15,3,4,5,Onsite,2,Below Average,Senior (11-20),Established (4-5),53.04310988767299,Moderate
41,No,Travel_Rarely,334,Sales,2,4,Life Sciences,410,4,Male,88,3,4,Manager,2,Single,16015,15896,1,No,19,3,2,0,22,2,3,22,10,0,4,3,44.3,23,3,4,5,Remote,3,High,Expert (20+),Lifer (10+),65.87248170709763,Moderate
18,No,Travel_Rarely,812,Sales,10,3,Medical,411,4,Female,69,2,1,Sales Representative,3,Single,1200,9724,1,No,12,3,1,0,0,2,3,0,0,0,0,3,46.4,8,1,2,3,Hybrid,3,Low,Entry (0-2),New (0-1),38.17632371152128,At Risk
28,No,Travel_Rarely,1476,Research & Development,16,2,Medical,412,2,Male,68,4,2,Healthcare Representative,1,Single,5661,4824,0,No,19,3,3,0,9,2,3,8,3,0,7,4,38.6,17,4,4,3,Hybrid,4,Below Average,Mid (6-10),Veteran (6-10),56.3290918682594,Moderate
31,No,Travel_Rarely,218,Sales,7,3,Technical Degree,416,2,Male,100,4,2,Sales Executive,4,Married,6929,12241,4,No,11,3,2,1,10,3,2,8,7,7,7,4,42.7,6,4,2,4,Onsite,5,Average,Mid (6-10),Veteran (6-10),62.48392086280459,Moderate
39,No,Travel_Rarely,1132,Research & Development,1,3,Medical,417,3,Male,48,4,3,Healthcare Representative,4,Divorced,9613,10942,0,No,17,3,1,3,19,5,2,18,10,3,7,3,40.4,19,4,4,4,Onsite,3,Average,Senior (11-20),Lifer (10+),74.0355408930231,Healthy
36,No,Non-Travel,1105,Research & Development,24,4,Life Sciences,419,2,Female,47,3,2,Laboratory Technician,2,Married,5674,6927,7,No,15,3,3,1,11,3,3,9,8,0,8,3,35.8,10,4,3,3,Onsite,4,Below Average,Senior (11-20),Veteran (6-10),55.883242713113845,Moderate
32,No,Travel_Rarely,906,Sales,7,3,Life Sciences,420,4,Male,91,2,2,Sales Executive,3,Married,5484,16985,1,No,14,3,3,1,13,3,2,13,8,4,8,4,39.5,12,1,2,4,Remote,2,Below Average,Senior (11-20),Lifer (10+),37.2254701672237,At Risk
38,No,Travel_Rarely,849,Research & Development,25,2,Life Sciences,421,1,Female,81,2,3,Research Director,2,Married,12061,26707,3,No,17,3,3,1,19,2,3,10,8,0,1,3,42.5,12,2,5,4,Hybrid,3,Above Average,Senior (11-20),Veteran (6-10),55.53239625858173,Moderate
58,No,Non-Travel,390,Research & Development,1,4,Life Sciences,422,4,Male,32,1,2,Healthcare Representative,3,Divorced,5660,17056,2,Yes,13,3,4,1,12,2,3,5,3,1,2,4,51.8,10,3,4,5,Remote,4,Below Average,Senior (11-20),Established (4-5),56.4994377873656,Moderate
31,No,Travel_Rarely,691,Research & Development,5,4,Technical Degree,423,3,Male,86,3,1,Research Scientist,4,Married,4821,10077,0,Yes,12,3,3,1,6,4,3,5,2,0,3,4,45.4,7,5,4,4,Onsite,3,Below Average,Mid (6-10),Established (4-5),72.05667892903364,Healthy
31,No,Travel_Rarely,106,Human Resources,2,3,Human Resources,424,1,Male,62,2,2,Human Resources,1,Married,6410,17822,3,No,12,3,4,0,9,1,3,2,2,1,0,3,35.5,9,5,3,4,Onsite,1,Average,Mid (6-10),Settling (2-3),57.7855181751176,Moderate
45,No,Travel_Frequently,1249,Research & Development,7,3,Life Sciences,425,1,Male,97,3,3,Laboratory Technician,1,Divorced,5210,20308,1,No,18,3,1,1,24,2,3,24,9,9,11,4,42.3,19,5,2,3,Hybrid,3,Below Average,Expert (20+),Lifer (10+),48.95132855130121,At Risk
31,No,Travel_Rarely,192,Research & Development,2,4,Life Sciences,426,3,Male,32,3,1,Research Scientist,4,Divorced,2695,7747,0,Yes,18,3,2,1,3,2,1,2,2,2,2,4,41.0,7,3,4,4,Remote,3,Low,Early (3-5),Settling (2-3),59.04087160259619,Moderate
33,No,Travel_Frequently,553,Research & Development,5,4,Life Sciences,428,4,Female,74,3,3,Manager,2,Married,11878,23364,6,No,11,3,2,2,12,2,3,10,6,8,8,4,45.6,19,2,2,5,Hybrid,4,Above Average,Senior (11-20),Veteran (6-10),49.94855820639403,At Risk
39,No,Travel_Rarely,117,Research & Development,10,1,Medical,429,3,Male,99,3,4,Manager,1,Married,17068,5355,1,Yes,14,3,4,0,21,3,3,21,9,11,10,5,51.0,19,4,3,3,Onsite,4,High,Expert (20+),Lifer (10+),44.13859594343781,At Risk
43,No,Travel_Frequently,185,Research & Development,10,4,Life Sciences,430,3,Female,33,3,1,Laboratory Technician,4,Single,2455,10675,0,No,19,3,1,0,9,5,3,8,7,1,7,3,35.0,13,4,4,4,Hybrid,3,Low,Mid (6-10),Veteran (6-10),71.82853489354024,Healthy
49,No,Travel_Rarely,1091,Research & Development,1,2,Technical Degree,431,3,Female,90,2,4,Healthcare Representative,3,Single,13964,17810,7,Yes,12,3,4,0,25,2,3,7,1,0,7,5,57.6,17,3,3,5,Remote,2,Above Average,Expert (20+),Veteran (6-10),52.994154246976976,Moderate
52,Yes,Travel_Rarely,723,Research & Development,8,4,Medical,433,3,Male,85,2,2,Research Scientist,2,Married,4941,17747,2,No,15,3,1,0,11,3,2,8,2,7,7,3,38.9,6,4,2,3,Onsite,2,Below Average,Senior (11-20),Veteran (6-10),45.70130603055034,At Risk
27,No,Travel_Rarely,1220,Research & Development,5,3,Life Sciences,434,3,Female,85,3,1,Research Scientist,2,Single,2478,20938,1,Yes,12,3,2,0,4,2,2,4,3,1,2,4,53.3,8,2,3,2,Onsite,3,Low,Early (3-5),Established (4-5),35.529970060990564,At Risk
32,No,Travel_Rarely,588,Sales,8,2,Technical Degree,436,3,Female,65,2,2,Sales Executive,2,Married,5228,24624,1,Yes,11,3,4,0,13,2,3,13,12,11,9,4,57.2,11,2,2,5,Remote,3,Below Average,Senior (11-20),Lifer (10+),45.605952014177554,At Risk
27,No,Travel_Rarely,1377,Sales,2,3,Life Sciences,437,4,Male,74,3,2,Sales Executive,3,Single,4478,5242,1,Yes,11,3,1,0,5,3,3,5,4,0,4,4,47.3,15,3,3,5,Onsite,3,Below Average,Early (3-5),Established (4-5),61.48091987418516,Moderate
31,No,Travel_Rarely,691,Sales,7,3,Marketing,438,4,Male,73,3,2,Sales Executive,4,Divorced,7547,7143,4,No,12,3,4,3,13,3,3,7,7,1,7,4,41.6,11,3,4,5,Hybrid,4,Average,Senior (11-20),Veteran (6-10),68.64097807149118,Moderate
32,No,Travel_Rarely,1018,Research & Development,2,4,Medical,439,1,Female,74,4,2,Research Scientist,4,Single,5055,10557,7,No,16,3,3,0,10,0,2,7,7,0,7,2,41.3,8,4,4,3,Hybrid,4,Below Average,Mid (6-10),Veteran (6-10),72.85079424458705,Healthy
28,Yes,Travel_Rarely,1157,Research & Development,2,4,Medical,440,1,Male,84,1,1,Research Scientist,4,Married,3464,24737,5,Yes,13,3,4,0,5,4,2,3,2,2,2,5,54.3,9,4,2,2,Hybrid,2,Below Average,Early (3-5),Settling (2-3),34.65413068430795,At Risk
30,No,Travel_Rarely,1275,Research & Development,28,2,Medical,441,4,Female,64,3,2,Research Scientist,4,Married,5775,11934,1,No,13,3,4,2,11,2,3,10,8,1,9,2,42.0,10,4,3,4,Onsite,3,Below Average,Senior (11-20),Veteran (6-10),72.26896403091855,Healthy
31,No,Travel_Frequently,798,Research & Development,7,2,Life Sciences,442,3,Female,48,2,3,Manufacturing Director,3,Married,8943,14034,1,No,24,4,1,1,10,2,3,10,9,8,9,2,39.6,20,5,3,5,Onsite,3,Average,Mid (6-10),Veteran (6-10),74.1712394929223,Healthy
39,No,Travel_Frequently,672,Research & Development,7,2,Medical,444,3,Male,54,2,5,Manager,4,Married,19272,21141,1,No,15,3,1,1,21,2,3,21,9,13,3,5,44.3,18,3,1,4,Remote,1,High,Expert (20+),Lifer (10+),43.71411546801504,At Risk
39,Yes,Travel_Rarely,1162,Sales,3,2,Medical,445,4,Female,41,3,2,Sales Executive,3,Married,5238,17778,4,Yes,18,3,1,0,12,3,2,1,0,0,0,5,49.4,16,3,4,5,Onsite,3,Below Average,Senior (11-20),New (0-1),58.90489054407323,Moderate
33,No,Travel_Frequently,508,Sales,10,3,Marketing,446,2,Male,46,2,2,Sales Executive,4,Single,4682,4317,3,No,14,3,3,0,9,6,2,7,7,0,1,4,46.2,10,3,5,2,Remote,3,Below Average,Mid (6-10),Veteran (6-10),49.879783733871236,At Risk
47,No,Travel_Rarely,1482,Research & Development,5,5,Life Sciences,447,4,Male,42,3,5,Research Director,3,Married,18300,16375,4,No,11,3,2,1,21,2,3,3,2,1,1,4,45.7,26,3,4,4,Onsite,3,High,Expert (20+),Settling (2-3),59.85574408837081,Moderate
43,No,Travel_Frequently,559,Research & Development,10,4,Life Sciences,448,3,Female,82,2,2,Laboratory Technician,3,Divorced,5257,6227,1,No,11,3,2,1,9,3,4,9,7,0,0,3,47.9,16,5,3,3,Onsite,3,Below Average,Mid (6-10),Veteran (6-10),61.50486808380873,Moderate
27,No,Non-Travel,210,Sales,1,1,Marketing,449,3,Male,73,3,2,Sales Executive,2,Married,6349,22107,0,Yes,13,3,4,1,6,0,3,5,4,1,4,3,52.7,12,3,2,3,Remote,4,Average,Mid (6-10),Established (4-5),47.80720894501533,At Risk
54,No,Travel_Frequently,928,Research & Development,20,4,Life Sciences,450,4,Female,31,3,2,Research Scientist,3,Single,4869,16885,3,No,12,3,4,0,20,4,2,4,3,0,3,3,39.1,16,4,3,4,Remote,3,Below Average,Senior (11-20),Established (4-5),62.53287650350059,Moderate
43,No,Travel_Rarely,1001,Research & Development,7,3,Life Sciences,451,3,Female,43,3,3,Healthcare Representative,1,Married,9985,9262,8,No,16,3,1,1,10,1,2,1,0,0,0,3,37.3,23,3,3,4,Onsite,3,Average,Mid (6-10),New (0-1),51.24791723363025,Moderate
45,No,Travel_Rarely,549,Research & Development,8,4,Other,452,4,Male,75,3,2,Research Scientist,4,Married,3697,9278,9,No,14,3,1,2,12,3,3,10,9,9,8,4,35.0,11,5,3,5,Hybrid,2,Below Average,Senior (11-20),Veteran (6-10),73.68185471484799,Healthy
40,No,Travel_Rarely,1124,Sales,1,2,Medical,453,2,Male,57,1,2,Sales Executive,4,Married,7457,13273,2,Yes,22,4,3,3,6,2,2,4,3,0,2,4,40.7,10,4,3,5,Onsite,3,Average,Mid (6-10),Established (4-5),58.4887386671963,Moderate
29,Yes,Travel_Rarely,318,Research & Development,8,4,Other,454,2,Male,77,1,1,Laboratory Technician,1,Married,2119,4759,1,Yes,11,3,4,0,7,4,2,7,7,0,7,3,54.7,9,3,5,4,Onsite,3,Low,Mid (6-10),Veteran (6-10),49.970165444424104,At Risk
29,No,Travel_Rarely,738,Research & Development,9,5,Other,455,2,Male,30,2,1,Laboratory Technician,4,Single,3983,7621,0,No,17,3,3,0,4,2,3,3,2,2,2,3,41.6,9,3,4,4,Onsite,3,Below Average,Early (3-5),Settling (2-3),63.113625230838664,Moderate
30,No,Travel_Rarely,570,Sales,5,3,Marketing,456,4,Female,30,2,2,Sales Executive,3,Divorced,6118,5431,1,No,13,3,3,3,10,2,3,10,9,1,2,3,35.0,7,3,3,4,Hybrid,4,Average,Mid (6-10),Veteran (6-10),55.95356703353265,Moderate
27,No,Travel_Rarely,1130,Sales,8,4,Marketing,458,2,Female,56,3,2,Sales Executive,2,Married,6214,3415,1,No,18,3,1,1,8,3,3,8,7,0,7,3,44.7,11,3,5,5,Hybrid,3,Average,Mid (6-10),Veteran (6-10),69.57621200471105,Moderate
37,No,Travel_Rarely,1192,Research & Development,5,2,Medical,460,4,Male,61,3,2,Manufacturing Director,4,Divorced,6347,23177,7,No,16,3,3,2,8,2,2,6,2,0,4,2,40.0,17,4,2,5,Hybrid,4,Average,Mid (6-10),Veteran (6-10),71.75853962399927,Healthy
38,No,Travel_Rarely,343,Research & Development,15,2,Life Sciences,461,3,Male,92,2,3,Research Director,4,Divorced,11510,15682,0,Yes,14,3,2,1,12,3,3,11,10,2,9,4,50.3,19,1,5,4,Onsite,3,Above Average,Senior (11-20),Lifer (10+),53.92858915249016,Moderate
31,No,Travel_Rarely,1232,Research & Development,7,4,Medical,462,3,Female,39,3,3,Manufacturing Director,4,Single,7143,25713,1,Yes,14,3,3,0,11,2,2,11,9,4,10,4,62.5,18,4,3,3,Hybrid,4,Average,Senior (11-20),Lifer (10+),56.51613888477376,Moderate
29,No,Travel_Rarely,144,Sales,10,1,Marketing,463,4,Female,39,2,2,Sales Executive,2,Divorced,8268,11866,1,Yes,14,3,1,2,7,2,3,7,7,1,7,4,52.2,9,3,3,4,Remote,4,Average,Mid (6-10),Veteran (6-10),48.35307969884831,At Risk
35,No,Travel_Rarely,1296,Research & Development,5,4,Technical Degree,464,3,Male,62,3,3,Manufacturing Director,2,Single,8095,18264,0,No,13,3,4,0,17,5,3,16,6,0,13,3,41.5,11,4,2,4,Onsite,4,Average,Senior (11-20),Lifer (10+),57.508418498928194,Moderate
23,No,Travel_Rarely,1309,Research & Development,26,1,Life Sciences,465,3,Male,83,3,1,Research Scientist,4,Divorced,2904,16092,1,No,12,3,3,2,4,2,2,4,2,0,2,3,36.8,3,2,4,4,Onsite,2,Low,Early (3-5),Established (4-5),60.94832775983642,Moderate
41,No,Travel_Rarely,483,Research & Development,6,3,Medical,466,4,Male,95,2,2,Manufacturing Director,2,Single,6032,10110,6,Yes,15,3,4,0,8,3,3,5,4,1,2,3,38.8,8,3,3,4,Remote,4,Average,Mid (6-10),Established (4-5),52.497239133840026,Moderate
47,No,Travel_Frequently,1309,Sales,4,1,Medical,467,2,Male,99,3,2,Sales Representative,3,Single,2976,25751,3,No,19,3,1,0,5,3,3,0,0,0,0,2,38.2,15,4,4,3,Onsite,4,Low,Early (3-5),New (0-1),67.18746034541158,Moderate
42,No,Travel_Rarely,810,Research & Development,23,5,Life Sciences,468,1,Female,44,3,4,Research Director,4,Single,15992,15901,2,No,14,3,2,0,16,2,3,1,0,0,0,3,43.3,17,2,3,3,Onsite,3,High,Senior (11-20),New (0-1),54.05129157152888,Moderate
29,No,Non-Travel,746,Sales,2,3,Life Sciences,469,4,Male,61,3,2,Sales Executive,3,Married,4649,16928,1,No,14,3,1,1,4,3,2,4,3,0,2,3,38.0,9,3,3,3,Remote,4,Below Average,Early (3-5),Established (4-5),52.83166694958774,Moderate
42,No,Travel_Rarely,544,Human Resources,2,1,Technical Degree,470,3,Male,52,3,1,Human Resources,3,Divorced,2696,24017,0,Yes,11,3,3,1,4,5,3,3,2,1,0,4,47.3,8,2,3,4,Hybrid,3,Low,Early (3-5),Settling (2-3),51.77971032027231,Moderate
32,No,Travel_Rarely,1062,Research & Development,2,3,Medical,471,3,Female,75,3,1,Laboratory Technician,2,Married,2370,3956,1,No,13,3,3,1,8,4,3,8,0,0,7,4,39.9,6,2,4,5,Onsite,2,Low,Mid (6-10),Veteran (6-10),57.356018801620834,Moderate
48,No,Travel_Rarely,530,Sales,29,1,Medical,473,1,Female,91,3,3,Manager,3,Married,12504,23978,3,No,21,4,2,1,15,3,1,0,0,0,0,4,43.3,18,4,3,4,Hybrid,3,Above Average,Senior (11-20),New (0-1),56.253116875775255,Moderate
37,No,Travel_Rarely,1319,Research & Development,6,3,Medical,474,3,Male,51,4,2,Research Scientist,1,Divorced,5974,17001,4,Yes,13,3,1,2,13,2,3,7,7,6,7,4,49.5,18,4,2,4,Hybrid,3,Below Average,Senior (11-20),Veteran (6-10),54.250537356460335,Moderate
30,No,Non-Travel,641,Sales,25,2,Technical Degree,475,4,Female,85,3,2,Sales Executive,3,Married,4736,6069,7,Yes,12,3,2,1,4,2,4,2,2,2,2,4,52.8,9,3,4,4,Remote,3,Below Average,Early (3-5),Settling (2-3),61.99134428110443,Moderate
26,No,Travel_Rarely,933,Sales,1,3,Life Sciences,476,3,Male,57,3,2,Sales Executive,3,Married,5296,20156,1,No,17,3,2,1,8,3,3,8,7,7,7,2,42.9,11,4,5,4,Hybrid,3,Below Average,Mid (6-10),Veteran (6-10),76.22009672645274,Healthy
42,No,Travel_Rarely,1332,Research & Development,2,4,Other,477,1,Male,98,2,2,Healthcare Representative,4,Single,6781,17078,3,No,23,4,2,0,14,6,3,1,0,0,0,3,36.7,13,4,5,2,Onsite,3,Average,Senior (11-20),New (0-1),60.53184683208167,Moderate
21,Yes,Travel_Frequently,756,Sales,1,1,Technical Degree,478,1,Female,99,2,1,Sales Representative,2,Single,2174,9150,1,Yes,11,3,3,0,3,3,3,3,2,1,2,4,53.0,5,2,2,2,Remote,3,Low,Early (3-5),Settling (2-3),29.61923376389431,Critical
36,No,Non-Travel,845,Sales,1,5,Medical,479,4,Female,45,3,2,Sales Executive,4,Single,6653,15276,4,No,15,3,2,0,7,6,3,1,0,0,0,3,40.7,14,4,4,3,Remote,3,Average,Mid (6-10),New (0-1),66.49962881011248,Moderate
36,No,Travel_Frequently,541,Sales,3,4,Medical,481,1,Male,48,2,3,Sales Executive,4,Married,9699,7246,4,No,11,3,1,1,16,2,3,13,9,1,12,3,42.7,13,5,3,3,Onsite,3,Average,Senior (11-20),Lifer (10+),62.82559579076772,Moderate
57,No,Travel_Rarely,593,Research & Development,1,4,Medical,482,4,Male,88,3,2,Healthcare Representative,3,Married,6755,2967,2,No,11,3,3,0,15,2,3,3,2,1,2,4,43.9,15,2,3,5,Onsite,4,Average,Senior (11-20),Settling (2-3),57.108616403700054,Moderate
40,No,Travel_Rarely,1171,Research & Development,10,4,Life Sciences,483,4,Female,46,4,1,Laboratory Technician,3,Married,2213,22495,3,Yes,13,3,3,1,10,3,3,7,7,1,7,5,47.9,12,3,4,4,Hybrid,5,Low,Mid (6-10),Veteran (6-10),60.05419084559558,Moderate
21,No,Non-Travel,895,Sales,9,2,Medical,484,1,Male,39,3,1,Sales Representative,4,Single,2610,2851,1,No,24,4,3,0,3,3,2,3,2,2,2,3,44.2,7,3,4,2,Hybrid,5,Low,Early (3-5),Settling (2-3),54.66281906346602,Moderate
33,Yes,Travel_Rarely,350,Sales,5,3,Marketing,485,4,Female,34,3,1,Sales Representative,3,Single,2851,9150,1,Yes,13,3,2,0,1,2,3,1,0,0,0,4,53.2,9,3,4,5,Hybrid,4,Low,Entry (0-2),New (0-1),65.18465017179855,Moderate
37,No,Travel_Rarely,921,Research & Development,10,3,Medical,486,3,Female,98,3,1,Laboratory Technician,1,Married,3452,17663,6,No,20,4,2,1,17,3,3,5,4,0,3,4,37.2,5,4,4,3,Hybrid,4,Below Average,Senior (11-20),Established (4-5),51.98648567604292,Moderate
46,No,Non-Travel,1144,Research & Development,7,4,Medical,487,3,Female,30,3,2,Manufacturing Director,3,Married,5258,16044,2,No,14,3,3,0,7,2,4,1,0,0,0,3,41.7,12,2,5,3,Onsite,4,Below Average,Mid (6-10),New (0-1),60.1380244597967,Moderate
41,Yes,Travel_Frequently,143,Sales,4,3,Marketing,488,1,Male,56,3,2,Sales Executive,2,Single,9355,9558,1,No,18,3,3,0,8,5,3,8,7,7,7,4,36.5,16,4,2,3,Onsite,4,Average,Mid (6-10),Veteran (6-10),48.03535298050874,At Risk
50,No,Travel_Rarely,1046,Research & Development,10,3,Technical Degree,491,4,Male,100,2,3,Healthcare Representative,4,Single,10496,2755,6,No,15,3,4,0,20,2,3,4,3,1,3,3,43.0,15,3,3,3,Hybrid,3,Above Average,Senior (11-20),Established (4-5),54.08098884979751,Moderate
40,Yes,Travel_Rarely,575,Sales,22,2,Marketing,492,3,Male,68,2,2,Sales Executive,3,Married,6380,6110,2,Yes,12,3,1,2,8,6,3,6,4,1,0,4,54.5,14,3,5,4,Remote,4,Average,Mid (6-10),Veteran (6-10),59.216868193767745,Moderate
31,No,Travel_Rarely,408,Research & Development,9,4,Life Sciences,493,3,Male,42,2,1,Research Scientist,2,Single,2657,7551,0,Yes,16,3,4,0,3,5,3,2,2,2,2,3,44.2,2,4,2,4,Hybrid,2,Low,Early (3-5),Settling (2-3),53.16581230671172,Moderate
21,Yes,Travel_Rarely,156,Sales,12,3,Life Sciences,494,3,Female,90,4,1,Sales Representative,2,Single,2716,25422,1,No,15,3,4,0,1,0,3,1,0,0,0,3,39.1,6,2,2,4,Hybrid,3,Low,Entry (0-2),New (0-1),53.10641775017446,Moderate
29,No,Travel_Rarely,1283,Research & Development,23,3,Life Sciences,495,4,Male,54,3,1,Research Scientist,4,Single,2201,18168,9,No,16,3,4,0,6,4,3,3,2,1,2,3,35.0,11,3,3,3,Hybrid,4,Low,Mid (6-10),Settling (2-3),58.423595042013986,Moderate
35,No,Travel_Rarely,755,Research & Development,9,4,Life Sciences,496,3,Male,97,2,2,Healthcare Representative,2,Single,6540,19394,9,No,19,3,3,0,10,5,3,1,1,0,0,4,38.9,7,4,5,3,Onsite,3,Average,Mid (6-10),New (0-1),54.803937681132474,Moderate
27,No,Travel_Rarely,1469,Research & Development,1,2,Medical,497,4,Male,82,3,1,Laboratory Technician,2,Divorced,3816,17881,1,No,11,3,2,1,5,2,3,5,2,0,4,4,40.0,11,4,5,4,Onsite,3,Below Average,Early (3-5),Established (4-5),64.4754499567767,Moderate
28,No,Travel_Rarely,304,Sales,9,4,Life Sciences,498,2,Male,92,3,2,Sales Executive,4,Single,5253,20750,1,No,16,3,4,0,7,1,3,7,5,0,7,5,41.7,10,2,5,4,Hybrid,3,Below Average,Mid (6-10),Veteran (6-10),58.499339380200034,Moderate
49,No,Travel_Rarely,1261,Research & Development,7,3,Other,499,2,Male,31,2,3,Healthcare Representative,3,Single,10965,12066,8,No,24,4,3,0,26,2,3,5,2,0,0,3,38.5,14,5,4,2,Onsite,3,Above Average,Expert (20+),Established (4-5),57.74409210526075,Moderate
51,No,Travel_Rarely,1178,Sales,14,2,Life Sciences,500,3,Female,87,3,2,Sales Executive,4,Married,4936,14862,4,No,11,3,3,1,18,2,2,7,7,0,7,4,47.0,11,3,5,4,Onsite,4,Below Average,Senior (11-20),Veteran (6-10),64.88020209294322,Moderate
36,No,Travel_Rarely,329,Research & Development,2,3,Life Sciences,501,4,Female,96,3,1,Research Scientist,3,Married,2543,11868,4,No,13,3,2,1,6,3,3,2,2,2,2,3,36.1,11,3,4,3,Onsite,3,Low,Mid (6-10),Settling (2-3),58.670997439934766,Moderate
34,Yes,Non-Travel,1362,Sales,19,3,Marketing,502,1,Male,67,4,2,Sales Executive,4,Single,5304,4652,8,Yes,13,3,2,0,9,3,2,5,2,0,4,5,53.4,11,1,4,3,Onsite,3,Below Average,Mid (6-10),Established (4-5),47.30140552815663,At Risk
55,No,Travel_Rarely,1311,Research & Development,2,3,Life Sciences,505,3,Female,97,3,4,Manager,4,Single,16659,23258,2,Yes,13,3,3,0,30,2,3,5,4,1,2,4,51.1,17,3,4,2,Hybrid,4,High,Expert (20+),Established (4-5),52.65425982120794,Moderate
24,No,Travel_Rarely,1371,Sales,10,4,Marketing,507,4,Female,77,3,2,Sales Executive,3,Divorced,4260,5915,1,Yes,12,3,4,1,5,2,4,5,2,0,3,3,49.0,10,4,3,2,Hybrid,3,Below Average,Early (3-5),Established (4-5),56.146264722112335,Moderate
30,No,Travel_Rarely,202,Sales,2,1,Technical Degree,508,3,Male,72,3,1,Sales Representative,2,Married,2476,17434,1,No,18,3,1,1,1,3,3,1,0,0,0,3,46.7,8,4,4,4,Onsite,3,Low,Entry (0-2),New (0-1),64.91587909415499,Moderate
26,Yes,Travel_Frequently,575,Research & Development,3,1,Technical Degree,510,3,Male,73,3,1,Research Scientist,1,Single,3102,6582,0,No,22,4,3,0,7,2,3,6,4,0,4,2,35.0,6,3,3,3,Onsite,3,Below Average,Mid (6-10),Veteran (6-10),52.19877077792783,Moderate
22,No,Travel_Rarely,253,Research & Development,11,3,Medical,511,1,Female,43,3,1,Research Scientist,2,Married,2244,24440,1,No,13,3,4,1,2,1,3,2,1,1,2,3,43.3,5,2,4,2,Onsite,4,Low,Entry (0-2),Settling (2-3),45.513459986329295,At Risk
36,No,Travel_Rarely,164,Sales,2,2,Medical,513,2,Male,61,2,3,Sales Executive,3,Married,7596,3809,1,No,13,3,2,2,10,2,3,10,9,9,0,3,46.6,15,5,2,4,Remote,2,Average,Mid (6-10),Veteran (6-10),60.994443676889446,Moderate
30,Yes,Travel_Frequently,464,Research & Development,4,3,Technical Degree,514,3,Male,40,3,1,Research Scientist,4,Single,2285,3427,9,Yes,23,4,3,0,3,4,3,1,0,0,0,4,48.6,3,4,4,3,Onsite,3,Low,Early (3-5),New (0-1),62.355469375120784,Moderate
37,No,Travel_Rarely,1107,Research & Development,14,3,Life Sciences,515,4,Female,95,3,1,Laboratory Technician,1,Divorced,3034,26914,1,No,12,3,3,1,18,2,2,18,7,12,17,3,46.0,5,4,3,5,Remote,2,Below Average,Senior (11-20),Lifer (10+),60.94912678754309,Moderate
40,No,Travel_Rarely,759,Sales,2,2,Marketing,516,4,Female,46,3,2,Sales Executive,2,Divorced,5715,22553,7,No,12,3,3,2,8,5,3,5,4,1,3,5,40.1,10,3,1,4,Hybrid,2,Below Average,Mid (6-10),Established (4-5),41.14406586084628,At Risk
42,No,Travel_Rarely,201,Research & Development,1,4,Life Sciences,517,2,Female,95,3,1,Laboratory Technician,1,Divorced,2576,20490,3,No,16,3,2,1,8,5,3,5,2,1,2,4,40.8,10,3,4,5,Hybrid,4,Low,Mid (6-10),Established (4-5),58.27199437241332,Moderate
37,No,Travel_Rarely,1305,Research & Development,10,4,Life Sciences,518,3,Male,49,3,2,Manufacturing Director,2,Single,4197,21123,2,Yes,12,3,4,0,18,2,2,1,0,0,1,3,53.7,11,2,4,3,Remote,4,Below Average,Senior (11-20),New (0-1),48.70676587702343,At Risk
43,No,Travel_Rarely,982,Research & Development,12,3,Life Sciences,520,1,Male,59,2,4,Research Director,2,Divorced,14336,4345,1,No,11,3,3,1,25,3,3,25,10,3,9,3,43.6,21,3,4,5,Remote,3,Above Average,Expert (20+),Lifer (10+),61.52987551488117,Moderate
40,No,Travel_Rarely,555,Research & Development,2,3,Medical,521,2,Female,78,2,2,Laboratory Technician,3,Married,3448,13436,6,No,22,4,2,1,20,3,3,1,0,0,0,4,44.3,5,5,4,3,Onsite,3,Below Average,Senior (11-20),New (0-1),58.92883875369679,Moderate
54,No,Travel_Rarely,821,Research & Development,5,2,Medical,522,1,Male,86,3,5,Research Director,1,Married,19406,8509,4,No,11,3,3,1,24,4,2,4,2,1,2,3,49.6,22,4,4,2,Hybrid,4,High,Expert (20+),Established (4-5),48.66613883487325,At Risk
34,No,Non-Travel,1381,Sales,4,4,Marketing,523,3,Female,72,3,2,Sales Executive,3,Married,6538,12740,9,No,15,3,1,1,6,3,3,3,2,1,2,5,35.0,13,4,4,4,Remote,2,Average,Mid (6-10),Settling (2-3),60.083888123864206,Moderate
31,No,Travel_Rarely,480,Research & Development,7,2,Medical,524,2,Female,31,3,2,Manufacturing Director,1,Married,4306,4156,1,No,12,3,2,1,13,5,1,13,10,3,12,4,47.9,11,2,5,4,Hybrid,4,Below Average,Senior (11-20),Lifer (10+),48.00331473064663,At Risk
43,No,Travel_Frequently,313,Research & Development,21,3,Medical,525,4,Male,61,3,1,Laboratory Technician,4,Married,2258,15238,7,No,20,4,1,1,8,1,3,3,2,1,2,3,35.0,11,4,3,3,Remote,3,Low,Mid (6-10),Settling (2-3),62.79589851249908,Moderate
43,No,Travel_Rarely,1473,Research & Development,8,4,Other,526,3,Female,74,3,2,Healthcare Representative,3,Divorced,4522,2227,4,Yes,14,3,4,0,8,3,3,5,2,0,2,3,59.4,10,3,4,3,Onsite,3,Below Average,Mid (6-10),Established (4-5),58.670997439934766,Moderate
25,No,Travel_Rarely,891,Sales,4,2,Life Sciences,527,2,Female,99,2,2,Sales Executive,4,Single,4487,12090,1,Yes,11,3,2,0,5,3,3,5,4,1,3,5,54.7,14,3,5,3,Hybrid,3,Below Average,Early (3-5),Established (4-5),53.2001305750409,Moderate
37,No,Non-Travel,1063,Research & Development,25,5,Medical,529,2,Female,72,3,2,Research Scientist,3,Married,4449,23866,3,Yes,15,3,1,2,15,2,3,13,11,10,7,4,43.2,11,4,1,4,Hybrid,4,Below Average,Senior (11-20),Lifer (10+),53.1168566660157,Moderate
31,No,Travel_Rarely,329,Research & Development,1,2,Life Sciences,530,4,Male,98,2,1,Laboratory Technician,1,Married,2218,16193,1,No,12,3,3,1,4,3,3,4,2,3,2,4,38.0,10,5,3,2,Onsite,3,Low,Early (3-5),Established (4-5),42.983546573270395,At Risk
39,No,Travel_Frequently,1218,Research & Development,1,1,Life Sciences,531,2,Male,52,3,5,Manager,3,Divorced,19197,8213,1,Yes,14,3,3,1,21,3,3,21,8,1,6,3,49.1,21,2,5,4,Onsite,3,High,Expert (20+),Lifer (10+),63.33133035049082,Moderate
56,No,Travel_Frequently,906,Sales,6,3,Life Sciences,532,3,Female,86,4,4,Sales Executive,1,Married,13212,18256,9,No,11,3,4,3,36,0,2,7,7,7,7,3,44.0,23,4,3,4,Onsite,3,Above Average,Expert (20+),Veteran (6-10),59.96282689633183,Moderate
30,No,Travel_Rarely,1082,Sales,12,3,Technical Degree,533,2,Female,83,3,2,Sales Executive,3,Single,6577,19558,0,No,11,3,2,0,6,6,3,5,4,4,4,3,39.9,14,3,4,2,Hybrid,3,Average,Mid (6-10),Established (4-5),53.34209135650701,Moderate
41,No,Travel_Rarely,645,Sales,1,3,Marketing,534,2,Male,49,4,3,Sales Executive,1,Married,8392,19566,1,No,16,3,3,1,10,2,3,10,7,0,7,3,45.7,17,5,3,4,Onsite,3,Average,Mid (6-10),Veteran (6-10),66.47073055955055,Moderate
28,No,Travel_Rarely,1300,Research & Development,17,2,Medical,536,3,Male,79,3,2,Laboratory Technician,1,Divorced,4558,13535,1,No,12,3,4,1,10,2,3,10,0,1,8,3,46.3,11,3,3,4,Remote,4,Below Average,Mid (6-10),Veteran (6-10),53.383517426363866,Moderate
25,Yes,Travel_Rarely,688,Research & Development,3,3,Medical,538,1,Male,91,3,1,Laboratory Technician,1,Married,4031,9396,5,No,13,3,3,1,6,5,3,2,2,0,2,4,45.2,12,3,3,4,Onsite,2,Below Average,Mid (6-10),Settling (2-3),49.23935799137217,At Risk
52,No,Travel_Rarely,319,Research & Development,3,3,Medical,543,4,Male,39,2,3,Manufacturing Director,3,Married,7969,19609,2,Yes,14,3,3,0,28,4,3,5,4,0,4,3,52.1,18,4,5,4,Onsite,3,Average,Expert (20+),Established (4-5),67.73333109924455,Moderate
45,No,Travel_Rarely,192,Research & Development,10,2,Life Sciences,544,1,Male,69,3,1,Research Scientist,4,Married,2654,9655,3,No,21,4,4,2,8,3,2,2,2,0,2,3,39.6,7,4,4,3,Hybrid,4,Low,Mid (6-10),Settling (2-3),64.36402861737886,Moderate
52,No,Travel_Rarely,1490,Research & Development,4,2,Life Sciences,546,4,Female,30,3,4,Manager,4,Married,16555,10310,2,No,13,3,4,0,31,2,1,5,2,1,4,4,39.0,31,3,3,4,Onsite,1,High,Expert (20+),Established (4-5),55.33714130498279,Moderate
42,No,Travel_Frequently,532,Research & Development,29,2,Life Sciences,547,1,Female,92,3,2,Research Scientist,3,Divorced,4556,12932,2,No,11,3,2,1,19,3,3,5,4,0,2,4,37.9,8,4,3,3,Hybrid,2,Below Average,Senior (11-20),Established (4-5),55.195411177814755,Moderate
30,No,Travel_Rarely,317,Research & Development,2,3,Life Sciences,548,3,Female,43,1,2,Manufacturing Director,4,Single,6091,24793,2,No,20,4,3,0,11,2,3,5,4,0,2,4,45.0,10,4,5,3,Remote,4,Average,Senior (11-20),Established (4-5),57.373987288301244,Moderate
60,No,Travel_Rarely,422,Research & Development,7,3,Life Sciences,549,1,Female,41,3,5,Manager,1,Married,19566,3854,5,No,11,3,4,0,33,5,1,29,8,11,10,3,53.7,24,4,2,3,Hybrid,3,High,Expert (20+),Lifer (10+),44.45198413034057,At Risk
46,No,Travel_Rarely,1485,Research & Development,18,3,Medical,550,3,Female,87,3,2,Manufacturing Director,3,Divorced,4810,26314,2,No,14,3,3,1,19,5,2,10,7,0,8,2,37.0,8,4,4,4,Onsite,4,Below Average,Senior (11-20),Veteran (6-10),70.3807662361057,Healthy
42,No,Travel_Frequently,1368,Research & Development,28,4,Technical Degree,551,4,Female,88,2,2,Healthcare Representative,4,Married,4523,4386,0,No,11,3,4,3,7,4,4,6,5,0,4,4,37.9,7,3,2,4,Hybrid,4,Below Average,Mid (6-10),Veteran (6-10),53.697605393353776,Moderate
24,Yes,Travel_Rarely,1448,Sales,1,1,Technical Degree,554,1,Female,62,3,1,Sales Representative,2,Single,3202,21972,1,Yes,16,3,2,0,6,4,3,5,3,1,4,4,50.4,11,4,2,3,Hybrid,4,Below Average,Mid (6-10),Established (4-5),48.03535298050874,At Risk
34,Yes,Travel_Frequently,296,Sales,6,2,Marketing,555,4,Female,33,1,1,Sales Representative,3,Divorced,2351,12253,0,No,16,3,4,1,3,3,2,2,2,1,0,3,41.5,4,3,3,4,Onsite,3,Low,Early (3-5),Settling (2-3),49.47536064858254,At Risk
38,No,Travel_Frequently,1490,Research & Development,2,2,Life Sciences,556,4,Male,42,3,1,Laboratory Technician,4,Married,1702,12106,1,Yes,23,4,3,1,1,3,3,1,0,0,0,5,48.6,11,4,3,3,Onsite,4,Low,Entry (0-2),New (0-1),54.50757964251568,Moderate
40,No,Travel_Rarely,1398,Sales,2,4,Life Sciences,558,3,Female,79,3,5,Manager,3,Married,18041,13022,0,No,14,3,4,0,21,2,3,20,15,1,12,4,47.3,31,3,5,4,Remote,1,High,Expert (20+),Lifer (10+),63.55947438598422,Moderate
26,No,Travel_Rarely,1349,Research & Development,23,3,Life Sciences,560,1,Female,90,3,1,Research Scientist,4,Divorced,2886,3032,1,No,22,4,2,2,3,3,1,3,2,0,2,4,39.3,8,4,2,2,Onsite,3,Low,Early (3-5),Settling (2-3),45.347902310998975,At Risk
30,No,Non-Travel,1400,Research & Development,3,3,Life Sciences,562,3,Male,53,3,1,Laboratory Technician,4,Married,2097,16734,4,No,15,3,3,1,9,3,1,5,3,1,4,3,41.1,5,4,3,4,Onsite,3,Low,Mid (6-10),Established (4-5),63.853604210459594,Moderate
29,No,Travel_Rarely,986,Research & Development,3,4,Medical,564,2,Male,93,2,3,Research Director,3,Married,11935,21526,1,No,18,3,3,0,10,2,3,10,2,0,7,5,44.8,23,4,4,4,Hybrid,3,Above Average,Mid (6-10),Veteran (6-10),55.741281931647734,Moderate
29,Yes,Travel_Rarely,408,Research & Development,25,5,Technical Degree,565,3,Female,71,2,1,Research Scientist,2,Married,2546,18300,5,No,16,3,2,0,6,2,4,2,2,1,1,5,38.8,7,2,3,4,Onsite,3,Low,Mid (6-10),Settling (2-3),41.972216986105124,At Risk
19,Yes,Travel_Rarely,489,Human Resources,2,2,Technical Degree,566,1,Male,52,2,1,Human Resources,4,Single,2564,18437,1,No,12,3,3,0,1,3,4,1,0,0,0,3,37.1,7,2,2,2,Hybrid,2,Low,Entry (0-2),New (0-1),42.81164919100488,At Risk
30,No,Non-Travel,1398,Sales,22,4,Other,567,3,Female,69,3,3,Sales Executive,1,Married,8412,2890,0,No,11,3,3,0,10,3,3,9,8,7,8,4,42.2,9,3,2,4,Hybrid,4,Average,Mid (6-10),Veteran (6-10),45.53562769375876,At Risk
57,No,Travel_Rarely,210,Sales,29,3,Marketing,568,1,Male,56,2,4,Manager,4,Divorced,14118,22102,3,No,12,3,3,1,32,3,2,1,0,0,0,4,44.5,17,3,3,3,Remote,4,Above Average,Expert (20+),New (0-1),47.80122922207218,At Risk
50,No,Travel_Rarely,1099,Research & Development,29,4,Life Sciences,569,2,Male,88,2,4,Manager,3,Married,17046,9314,0,No,15,3,2,1,28,2,3,27,10,15,7,5,42.6,23,4,1,4,Hybrid,3,High,Expert (20+),Lifer (10+),44.63009103880752,At Risk
30,No,Non-Travel,1116,Research & Development,2,3,Medical,571,3,Female,49,3,1,Laboratory Technician,4,Single,2564,7181,0,No,14,3,3,0,12,2,2,11,7,6,7,2,39.4,8,4,4,3,Hybrid,4,Low,Senior (11-20),Lifer (10+),68.50818805237057,Moderate
60,No,Travel_Frequently,1499,Sales,28,3,Marketing,573,3,Female,80,2,3,Sales Executive,1,Married,10266,2845,4,No,19,3,4,0,22,5,4,18,13,13,11,4,48.2,14,5,2,5,Remote,3,Above Average,Expert (20+),Lifer (10+),57.40213471867387,Moderate
47,No,Travel_Rarely,983,Research & Development,2,2,Medical,574,1,Female,65,3,2,Manufacturing Director,4,Divorced,5070,7389,5,No,13,3,3,3,20,2,3,5,0,0,4,4,43.3,12,2,4,2,Onsite,4,Below Average,Senior (11-20),Established (4-5),48.28195635072283,At Risk
46,No,Travel_Rarely,1009,Research & Development,2,3,Life Sciences,575,1,Male,51,3,4,Research Director,3,Married,17861,2288,6,No,13,3,3,0,26,2,1,3,2,0,1,2,44.5,21,3,4,3,Remote,3,High,Expert (20+),Settling (2-3),58.54395648945923,Moderate
35,No,Travel_Rarely,144,Research & Development,22,3,Life Sciences,577,4,Male,46,1,1,Laboratory Technician,3,Single,4230,19225,0,No,15,3,3,0,6,2,3,5,4,4,3,2,42.4,6,5,4,3,Onsite,3,Below Average,Mid (6-10),Established (4-5),62.87455143146372,Moderate
54,No,Travel_Rarely,548,Research & Development,8,4,Life Sciences,578,3,Female,42,3,2,Laboratory Technician,3,Single,3780,23428,7,No,11,3,3,0,19,3,3,1,0,0,0,2,39.8,20,2,1,5,Onsite,4,Below Average,Senior (11-20),New (0-1),57.98947467845665,Moderate
34,No,Travel_Rarely,1303,Research & Development,2,4,Life Sciences,579,4,Male,62,2,1,Research Scientist,3,Divorced,2768,8416,3,No,12,3,3,1,14,3,3,7,3,5,7,3,44.3,4,4,3,3,Onsite,3,Low,Senior (11-20),Veteran (6-10),54.99696442058999,Moderate
46,No,Travel_Rarely,1125,Sales,10,3,Marketing,580,3,Female,94,2,3,Sales Executive,4,Married,9071,11563,2,Yes,19,3,3,1,15,3,3,3,2,1,2,5,52.6,16,5,5,4,Hybrid,2,Average,Senior (11-20),Settling (2-3),67.27364359943887,Moderate
31,No,Travel_Rarely,1274,Research & Development,9,1,Life Sciences,581,3,Male,33,3,3,Manufacturing Director,2,Divorced,10648,14394,1,No,25,4,4,1,13,6,4,13,8,0,8,5,41.4,22,5,4,4,Remote,3,Above Average,Senior (11-20),Lifer (10+),63.13546388739031,Moderate
33,Yes,Travel_Rarely,1277,Research & Development,15,1,Medical,582,2,Male,56,3,3,Manager,3,Married,13610,24619,7,Yes,12,3,4,0,15,2,4,7,6,7,7,4,48.7,19,2,3,3,Remote,4,Above Average,Senior (11-20),Veteran (6-10),48.58640442957818,At Risk
33,Yes,Travel_Rarely,587,Research & Development,10,1,Medical,584,1,Male,38,1,1,Laboratory Technician,4,Divorced,3408,6705,7,No,13,3,1,3,8,2,3,4,3,1,3,5,35.0,5,2,4,3,Onsite,2,Below Average,Mid (6-10),Established (4-5),40.781490614725925,At Risk
30,No,Travel_Rarely,413,Sales,7,1,Marketing,585,4,Male,57,3,1,Sales Representative,2,Single,2983,18398,0,No,14,3,1,0,4,3,3,3,2,1,2,2,35.1,7,4,3,4,Onsite,4,Low,Early (3-5),Settling (2-3),65.3563082315333,Moderate
35,No,Travel_Rarely,1276,Research & Development,16,3,Life Sciences,586,4,Male,72,3,3,Healthcare Representative,3,Married,7632,14295,4,Yes,12,3,3,0,10,2,3,8,7,0,0,3,52.4,11,4,3,3,Hybrid,4,Average,Mid (6-10),Veteran (6-10),59.339570612806455,Moderate
31,Yes,Travel_Frequently,534,Research & Development,20,3,Life Sciences,587,1,Male,66,3,3,Healthcare Representative,3,Married,9824,22908,3,No,12,3,1,0,12,2,3,1,0,0,0,4,43.2,13,4,2,2,Hybrid,3,Average,Senior (11-20),New (0-1),46.16277479677361,At Risk
34,Yes,Travel_Frequently,988,Human Resources,23,3,Human Resources,590,2,Female,43,3,3,Human Resources,1,Divorced,9950,11533,9,Yes,15,3,3,3,11,2,3,3,2,0,2,5,59.7,14,5,3,3,Hybrid,4,Average,Senior (11-20),Settling (2-3),48.510899413922914,At Risk
42,No,Travel_Frequently,1474,Research & Development,5,2,Other,591,2,Male,97,3,1,Laboratory Technician,3,Married,2093,9260,4,No,17,3,4,1,8,4,3,2,2,2,0,3,48.5,7,3,3,2,Onsite,3,Low,Mid (6-10),Settling (2-3),49.63836105889361,At Risk
36,No,Non-Travel,635,Sales,10,4,Medical,592,2,Male,32,3,3,Sales Executive,4,Single,9980,15318,1,No,14,3,4,0,10,3,2,10,3,9,7,2,46.0,14,4,3,3,Onsite,4,Average,Mid (6-10),Veteran (6-10),64.80445775475717,Moderate
22,Yes,Travel_Frequently,1368,Research & Development,4,1,Technical Degree,593,3,Male,99,2,1,Laboratory Technician,3,Single,3894,9129,5,No,16,3,3,0,4,3,3,2,2,1,2,3,41.6,13,3,2,5,Onsite,3,Below Average,Early (3-5),Settling (2-3),57.578742819346985,Moderate
48,No,Travel_Rarely,163,Sales,2,5,Marketing,595,2,Female,37,3,2,Sales Executive,4,Married,4051,19658,2,No,14,3,1,1,14,2,3,9,7,6,7,2,35.0,16,3,3,3,Onsite,3,Below Average,Senior (11-20),Veteran (6-10),62.5677544770057,Moderate
55,No,Travel_Rarely,1117,Sales,18,5,Life Sciences,597,1,Female,83,3,4,Manager,2,Single,16835,9873,3,No,23,4,4,0,37,2,3,10,9,7,7,4,41.9,24,3,3,4,Onsite,3,High,Expert (20+),Veteran (6-10),52.69568589106479,Moderate
41,No,Non-Travel,267,Sales,10,2,Life Sciences,599,4,Male,56,3,2,Sales Executive,4,Single,6230,13430,7,No,14,3,4,0,16,3,3,14,3,1,10,3,37.9,12,3,2,4,Remote,3,Average,Senior (11-20),Lifer (10+),60.048770827828335,Moderate
35,No,Travel_Rarely,619,Sales,1,3,Marketing,600,2,Male,85,3,2,Sales Executive,3,Married,4717,18659,9,No,11,3,3,0,15,2,3,11,9,6,9,2,38.6,5,2,4,4,Onsite,3,Below Average,Senior (11-20),Lifer (10+),63.771759487869126,Moderate
40,No,Travel_Rarely,302,Research & Development,6,3,Life Sciences,601,2,Female,75,3,4,Manufacturing Director,3,Single,13237,20364,7,No,15,3,3,0,22,3,3,20,6,5,13,3,43.4,16,4,3,4,Onsite,2,Above Average,Expert (20+),Lifer (10+),64.66847669623421,Moderate
39,No,Travel_Frequently,443,Research & Development,8,1,Life Sciences,602,3,Female,48,3,1,Laboratory Technician,3,Married,3755,17872,1,No,11,3,1,1,8,3,3,8,3,0,7,2,37.7,7,4,4,5,Onsite,3,Below Average,Mid (6-10),Veteran (6-10),77.84527251226707,Healthy
31,No,Travel_Rarely,828,Sales,2,1,Life Sciences,604,2,Male,77,3,2,Sales Executive,4,Single,6582,8346,4,Yes,13,3,3,0,10,2,4,6,5,0,5,4,39.2,10,4,3,3,Hybrid,3,Average,Mid (6-10),Veteran (6-10),60.787339270241006,Moderate
42,No,Travel_Rarely,319,Research & Development,24,3,Medical,605,4,Male,56,3,3,Manufacturing Director,1,Married,7406,6950,1,Yes,21,4,4,1,10,5,2,10,9,5,8,5,61.3,14,4,4,5,Remote,4,Average,Mid (6-10),Veteran (6-10),56.364538215173084,Moderate
45,No,Travel_Rarely,561,Sales,2,3,Other,606,4,Male,61,3,2,Sales Executive,2,Married,4805,16177,0,No,19,3,2,1,9,3,4,8,7,3,7,2,36.0,4,2,4,4,Hybrid,4,Below Average,Mid (6-10),Veteran (6-10),62.45103178091013,Moderate
26,Yes,Travel_Frequently,426,Human Resources,17,4,Life Sciences,608,2,Female,58,3,1,Human Resources,3,Divorced,2741,22808,0,Yes,11,3,2,1,8,2,2,7,7,1,0,5,51.7,8,3,3,3,Hybrid,2,Low,Mid (6-10),Veteran (6-10),44.54334807960433,At Risk
29,No,Travel_Rarely,232,Research & Development,19,3,Technical Degree,611,4,Male,34,3,2,Manufacturing Director,4,Divorced,4262,22645,4,No,12,3,2,2,8,2,4,3,2,1,2,3,48.6,7,4,5,4,Remote,5,Below Average,Mid (6-10),Settling (2-3),77.66786538388727,Healthy
33,No,Travel_Rarely,922,Research & Development,1,5,Medical,612,1,Female,95,4,4,Research Director,3,Divorced,16184,22578,4,No,19,3,3,1,10,2,3,6,1,0,5,3,40.4,21,3,4,2,Hybrid,4,High,Mid (6-10),Veteran (6-10),57.6846975487235,Moderate
31,No,Travel_Rarely,688,Sales,7,3,Life Sciences,613,3,Male,44,2,3,Manager,4,Divorced,11557,25291,9,No,21,4,3,1,10,3,2,5,4,0,1,3,35.0,16,3,5,3,Hybrid,3,Above Average,Mid (6-10),Established (4-5),59.35284925229071,Moderate
18,Yes,Travel_Frequently,1306,Sales,5,3,Marketing,614,2,Male,69,3,1,Sales Representative,2,Single,1878,8059,1,Yes,14,3,4,0,0,3,3,0,0,0,0,3,51.6,6,3,3,3,Hybrid,4,Low,Entry (0-2),New (0-1),51.51093924262874,Moderate
40,No,Non-Travel,1094,Sales,28,3,Other,615,3,Male,58,1,3,Sales Executive,1,Divorced,10932,11373,3,No,15,3,3,1,20,2,3,1,0,0,1,3,47.0,16,5,4,3,Remote,2,Above Average,Senior (11-20),New (0-1),51.817736197086774,Moderate
41,No,Non-Travel,509,Research & Development,2,4,Other,616,1,Female,62,2,2,Healthcare Representative,3,Single,6811,2112,2,Yes,17,3,1,0,10,3,3,8,7,0,7,3,57.0,10,3,3,5,Remote,3,Average,Mid (6-10),Veteran (6-10),61.28247311696039,Moderate
26,No,Travel_Rarely,775,Sales,29,2,Medical,618,1,Male,45,3,2,Sales Executive,3,Divorced,4306,4267,5,No,12,3,1,2,8,5,3,0,0,0,0,5,36.2,10,2,4,2,Onsite,3,Below Average,Mid (6-10),New (0-1),40.681469016038506,At Risk
35,No,Travel_Rarely,195,Sales,1,3,Medical,620,1,Female,80,3,2,Sales Executive,3,Single,4859,6698,1,No,16,3,4,0,5,3,3,5,4,0,3,3,43.1,9,4,3,4,Onsite,3,Below Average,Early (3-5),Established (4-5),64.66847669623421,Moderate
34,No,Travel_Rarely,258,Sales,21,4,Life Sciences,621,4,Male,74,4,2,Sales Executive,4,Single,5337,19921,1,No,12,3,4,0,10,3,3,10,7,5,7,3,39.2,13,3,2,5,Remote,4,Below Average,Mid (6-10),Veteran (6-10),69.72028310347255,Moderate
26,Yes,Travel_Rarely,471,Research & Development,24,3,Technical Degree,622,3,Male,66,1,1,Laboratory Technician,4,Single,2340,23213,1,Yes,18,3,2,0,1,3,1,1,0,0,0,4,48.9,5,3,5,3,Onsite,3,Low,Entry (0-2),New (0-1),48.73048343234888,At Risk
37,No,Travel_Rarely,799,Research & Development,1,3,Technical Degree,623,2,Female,59,3,3,Manufacturing Director,4,Single,7491,23848,4,No,17,3,4,0,12,3,4,6,5,1,2,3,52.4,11,3,4,2,Onsite,2,Average,Senior (11-20),Veteran (6-10),58.93401944893326,Moderate
46,No,Travel_Frequently,1034,Research & Development,18,1,Medical,624,1,Female,86,3,3,Healthcare Representative,3,Married,10527,8984,5,No,11,3,4,0,28,3,2,2,2,1,2,3,37.4,9,5,3,2,Remote,4,Above Average,Expert (20+),Settling (2-3),56.24736780713019,Moderate
41,No,Travel_Rarely,1276,Sales,2,5,Life Sciences,625,2,Female,91,3,4,Manager,1,Married,16595,5626,7,No,16,3,2,1,22,2,3,18,16,11,8,4,45.1,14,4,2,3,Hybrid,3,High,Expert (20+),Lifer (10+),44.579025080816116,At Risk
37,No,Non-Travel,142,Sales,9,4,Medical,626,1,Male,69,3,3,Sales Executive,2,Divorced,8834,24666,1,No,13,3,4,1,9,6,3,9,5,7,7,4,44.5,16,3,2,2,Hybrid,3,Average,Mid (6-10),Veteran (6-10),38.33414342659589,At Risk
52,No,Travel_Rarely,956,Research & Development,6,2,Technical Degree,630,4,Male,78,3,2,Research Scientist,1,Divorced,5577,22087,3,Yes,12,3,2,2,18,3,3,10,9,6,9,4,57.4,13,5,4,3,Hybrid,4,Below Average,Senior (11-20),Veteran (6-10),56.35878914652802,Moderate
32,Yes,Non-Travel,1474,Sales,11,4,Other,631,4,Male,60,4,2,Sales Executive,3,Married,4707,23914,8,No,12,3,4,0,6,2,3,4,2,1,2,3,41.5,8,1,2,2,Onsite,3,Below Average,Mid (6-10),Established (4-5),41.53263001252648,At Risk
24,No,Travel_Frequently,535,Sales,24,3,Medical,632,4,Male,38,3,1,Sales Representative,4,Married,2400,5530,0,No,13,3,3,2,3,3,3,2,2,2,1,3,40.8,9,4,4,5,Hybrid,2,Low,Early (3-5),Settling (2-3),77.15744097696799,Healthy
38,No,Travel_Rarely,1495,Research & Development,10,3,Medical,634,3,Female,76,3,2,Healthcare Representative,3,Married,9824,22174,3,No,19,3,3,1,18,4,3,1,0,0,0,1,39.5,8,4,5,4,Hybrid,4,Average,Senior (11-20),New (0-1),80.36425616144443,Healthy
37,No,Travel_Rarely,446,Research & Development,1,4,Life Sciences,635,2,Female,65,3,2,Manufacturing Director,2,Married,6447,15701,6,No,12,3,2,1,8,2,2,6,5,4,3,2,43.0,10,3,2,4,Onsite,3,Average,Mid (6-10),Veteran (6-10),55.14467427070117,Moderate
49,No,Travel_Rarely,1245,Research & Development,18,4,Life Sciences,638,4,Male,58,2,5,Research Director,3,Divorced,19502,2125,1,Yes,17,3,3,1,31,5,3,31,9,0,9,5,56.5,23,4,5,5,Remote,2,High,Expert (20+),Lifer (10+),64.77391831268889,Moderate
24,No,Travel_Rarely,691,Research & Development,23,3,Medical,639,2,Male,89,4,1,Research Scientist,4,Married,2725,21630,1,Yes,11,3,2,2,6,3,3,6,5,1,4,5,53.3,9,3,3,4,Onsite,3,Low,Mid (6-10),Veteran (6-10),59.8067884476748,Moderate
26,No,Travel_Rarely,703,Sales,28,2,Marketing,641,1,Male,66,3,2,Sales Executive,2,Married,6272,7428,1,No,20,4,4,2,6,5,4,5,3,1,4,3,38.8,11,4,5,4,Remote,4,Average,Mid (6-10),Established (4-5),70.75520958450203,Healthy
24,No,Travel_Rarely,823,Research & Development,17,2,Other,643,4,Male,94,2,1,Laboratory Technician,2,Married,2127,9100,1,No,21,4,4,1,1,2,3,1,0,0,0,3,41.1,4,4,5,3,Hybrid,3,Low,Entry (0-2),New (0-1),58.94809711612419,Moderate
50,No,Travel_Frequently,1246,Human Resources,3,3,Medical,644,1,Male,99,3,5,Manager,2,Married,18200,7999,1,No,11,3,3,1,32,2,3,32,5,10,7,4,45.5,24,3,2,4,Hybrid,4,High,Expert (20+),Lifer (10+),48.99195559345139,At Risk
25,No,Travel_Rarely,622,Sales,13,1,Medical,645,2,Male,40,3,1,Sales Representative,3,Married,2096,26376,1,No,11,3,3,0,7,1,3,7,4,0,6,5,44.1,11,3,3,4,Remote,2,Low,Mid (6-10),Veteran (6-10),52.0078543557657,Moderate
24,Yes,Travel_Frequently,1287,Research & Development,7,3,Life Sciences,647,1,Female,55,3,1,Laboratory Technician,3,Married,2886,14168,1,Yes,16,3,4,1,6,4,3,6,3,1,2,5,50.6,7,3,3,2,Hybrid,3,Low,Mid (6-10),Veteran (6-10),41.35004218891021,At Risk
30,Yes,Travel_Frequently,448,Sales,12,4,Life Sciences,648,2,Male,74,2,1,Sales Representative,1,Married,2033,14470,1,No,18,3,3,1,1,2,4,1,0,0,0,3,35.0,9,3,3,5,Remote,3,Low,Entry (0-2),New (0-1),56.505417510308774,Moderate
34,No,Travel_Rarely,254,Research & Development,1,2,Life Sciences,649,2,Male,83,2,1,Research Scientist,4,Married,3622,22794,1,Yes,13,3,4,1,6,3,3,6,5,1,3,3,51.6,7,3,5,3,Onsite,3,Below Average,Mid (6-10),Veteran (6-10),61.48844944502433,Moderate
31,Yes,Travel_Rarely,1365,Sales,13,4,Medical,650,2,Male,46,3,2,Sales Executive,1,Divorced,4233,11512,2,No,17,3,3,0,9,2,1,3,1,1,2,2,39.1,12,2,2,3,Hybrid,3,Below Average,Mid (6-10),Settling (2-3),39.85153662436207,At Risk
35,No,Travel_Rarely,538,Research & Development,25,2,Other,652,1,Male,54,2,2,Laboratory Technician,4,Single,3681,14004,4,No,14,3,4,0,9,3,3,3,2,0,2,3,38.5,9,4,4,4,Remote,4,Below Average,Mid (6-10),Settling (2-3),67.48592870132377,Moderate
31,No,Travel_Rarely,525,Sales,6,4,Medical,653,1,Male,66,4,2,Sales Executive,4,Divorced,5460,6219,4,No,22,4,4,2,13,4,4,7,7,5,7,3,37.9,12,3,3,4,Onsite,4,Below Average,Senior (11-20),Veteran (6-10),70.23070751039184,Healthy
27,No,Travel_Rarely,798,Research & Development,6,4,Medical,655,1,Female,66,2,1,Research Scientist,3,Divorced,2187,5013,0,No,12,3,3,2,6,5,2,5,3,0,3,2,45.9,5,2,4,3,Hybrid,3,Low,Mid (6-10),Established (4-5),51.964647019491274,Moderate
37,No,Travel_Rarely,558,Sales,2,3,Marketing,656,4,Male,75,3,2,Sales Executive,3,Married,9602,3010,4,Yes,11,3,3,1,17,3,2,3,0,1,0,3,44.2,14,5,3,4,Remote,4,Average,Senior (11-20),Settling (2-3),66.9051799739857,Moderate
20,No,Travel_Rarely,959,Research & Development,1,3,Life Sciences,657,4,Female,83,2,1,Research Scientist,2,Single,2836,11757,1,No,13,3,4,0,1,0,4,1,0,0,0,2,51.4,6,4,3,2,Onsite,3,Low,Entry (0-2),New (0-1),52.49149006519496,Moderate
42,No,Travel_Rarely,622,Research & Development,2,4,Life Sciences,659,3,Female,81,3,2,Healthcare Representative,4,Married,4089,5718,1,No,13,3,2,2,10,4,3,10,2,2,2,4,45.3,10,2,4,3,Hybrid,2,Below Average,Mid (6-10),Veteran (6-10),53.61086243415058,Moderate
43,No,Travel_Rarely,782,Research & Development,6,4,Other,661,2,Male,50,2,4,Research Director,4,Divorced,16627,2671,4,Yes,14,3,3,1,21,3,2,1,0,0,0,5,51.4,21,4,4,3,Hybrid,4,High,Expert (20+),New (0-1),51.733103555178985,Moderate
38,No,Travel_Rarely,362,Research & Development,1,1,Life Sciences,662,3,Female,43,3,1,Research Scientist,1,Single,2619,14561,3,No,17,3,4,0,8,3,2,0,0,0,0,3,40.2,10,3,4,4,Remote,3,Low,Mid (6-10),New (0-1),54.95164753124365,Moderate
43,No,Travel_Frequently,1001,Research & Development,9,5,Medical,663,4,Male,72,3,2,Laboratory Technician,3,Divorced,5679,19627,3,Yes,13,3,2,1,10,3,3,8,7,4,7,5,53.1,17,5,1,5,Onsite,3,Below Average,Mid (6-10),Veteran (6-10),58.67390678493685,Moderate
48,No,Travel_Rarely,1236,Research & Development,1,4,Life Sciences,664,4,Female,40,2,4,Manager,1,Married,15402,17997,7,No,11,3,1,1,21,3,1,3,2,0,2,4,47.8,27,3,4,4,Onsite,3,High,Expert (20+),Settling (2-3),44.329281711301846,At Risk
44,No,Travel_Rarely,1112,Human Resources,1,4,Life Sciences,665,1,Female,50,2,2,Human Resources,3,Single,5985,26894,4,No,11,3,2,0,10,1,4,2,2,0,2,2,42.9,10,5,2,2,Remote,3,Below Average,Mid (6-10),Settling (2-3),56.61639113775927,Moderate
34,No,Travel_Rarely,204,Sales,14,3,Technical Degree,666,3,Female,31,3,1,Sales Representative,3,Divorced,2579,2912,1,Yes,18,3,4,2,8,3,3,8,2,0,6,5,53.2,3,4,4,5,Hybrid,4,Low,Mid (6-10),Veteran (6-10),65.41279420729195,Moderate
27,Yes,Travel_Rarely,1420,Sales,2,1,Marketing,667,3,Male,85,3,1,Sales Representative,1,Divorced,3041,16346,0,No,11,3,2,1,5,3,3,4,3,0,2,4,40.0,6,3,4,4,Onsite,2,Below Average,Early (3-5),Established (4-5),52.94308828898557,Moderate
21,No,Travel_Rarely,1343,Sales,22,1,Technical Degree,669,3,Male,49,3,1,Sales Representative,3,Single,3447,24444,1,No,11,3,3,0,3,2,3,3,2,1,2,2,38.8,7,4,3,4,Hybrid,4,Below Average,Early (3-5),Settling (2-3),68.81263613122591,Moderate
44,No,Travel_Rarely,1315,Research & Development,3,4,Other,671,4,Male,35,3,5,Manager,4,Married,19513,9358,4,Yes,12,3,1,1,26,2,4,2,2,0,1,4,54.2,32,3,3,3,Remote,4,High,Expert (20+),Settling (2-3),56.415035799755906,Moderate
22,No,Travel_Rarely,604,Research & Development,6,1,Medical,675,1,Male,69,3,1,Research Scientist,3,Married,2773,12145,0,No,20,4,4,0,3,3,3,2,2,2,2,2,38.8,6,4,3,4,Hybrid,4,Low,Early (3-5),Settling (2-3),68.81263613122591,Moderate
33,No,Travel_Rarely,1216,Sales,8,4,Marketing,677,3,Male,39,3,2,Sales Executive,3,Divorced,7104,20431,0,No,12,3,4,0,6,3,3,5,0,1,2,2,45.6,9,4,4,5,Remote,4,Average,Mid (6-10),Established (4-5),77.84527251226707,Healthy
32,No,Travel_Rarely,646,Research & Development,9,4,Life Sciences,679,1,Female,92,3,2,Research Scientist,4,Married,6322,18089,1,Yes,12,3,4,1,6,2,2,6,4,0,5,5,52.4,7,5,4,3,Hybrid,4,Average,Mid (6-10),Veteran (6-10),60.44801321788056,Moderate
30,No,Travel_Frequently,160,Research & Development,3,3,Medical,680,3,Female,71,3,1,Research Scientist,3,Divorced,2083,22653,1,No,20,4,3,1,1,2,3,1,0,0,0,5,35.0,7,3,5,2,Onsite,3,Low,Entry (0-2),New (0-1),48.75750278413701,At Risk
53,No,Travel_Rarely,238,Sales,1,1,Medical,682,4,Female,34,3,2,Sales Executive,1,Single,8381,7507,7,No,20,4,4,0,18,2,4,14,7,8,10,2,42.9,9,4,3,4,Hybrid,5,Average,Senior (11-20),Lifer (10+),64.03558052457431,Moderate
34,No,Travel_Rarely,1397,Research & Development,1,5,Life Sciences,683,2,Male,42,3,1,Research Scientist,4,Married,2691,7660,1,No,12,3,4,1,10,4,2,10,9,8,8,3,41.2,14,2,3,4,Hybrid,2,Low,Mid (6-10),Veteran (6-10),57.24459746222301,Moderate
45,Yes,Travel_Frequently,306,Sales,26,4,Life Sciences,684,1,Female,100,3,2,Sales Executive,1,Married,4286,5630,2,No,14,3,4,2,5,4,3,1,1,0,0,3,41.0,12,2,3,1,Onsite,3,Below Average,Early (3-5),New (0-1),33.02449570559552,At Risk
26,No,Travel_Rarely,991,Research & Development,6,3,Life Sciences,686,3,Female,71,3,1,Laboratory Technician,4,Married,2659,17759,1,Yes,13,3,3,1,3,2,3,3,2,0,2,3,50.3,5,2,4,4,Onsite,3,Low,Early (3-5),Settling (2-3),63.08392795257004,Moderate
37,No,Travel_Rarely,482,Research & Development,3,3,Other,689,3,Male,36,3,3,Manufacturing Director,3,Married,9434,9606,1,No,15,3,3,1,10,2,3,10,7,7,8,3,47.1,16,3,1,4,Onsite,5,Average,Mid (6-10),Veteran (6-10),52.888712630522306,Moderate
29,No,Travel_Rarely,1176,Sales,3,2,Medical,690,2,Female,62,3,2,Sales Executive,3,Married,5561,3487,1,No,14,3,1,1,6,5,2,6,0,1,2,2,45.7,8,3,4,4,Hybrid,3,Below Average,Mid (6-10),Veteran (6-10),66.00846276562059,Moderate
35,No,Travel_Rarely,1017,Research & Development,6,4,Life Sciences,691,2,Male,82,1,2,Research Scientist,4,Single,6646,19368,1,No,13,3,2,0,17,3,3,17,11,11,8,3,38.0,12,5,2,5,Onsite,3,Average,Senior (11-20),Lifer (10+),65.43707146779333,Moderate
33,No,Travel_Frequently,1296,Research & Development,6,3,Life Sciences,692,3,Male,30,3,2,Healthcare Representative,4,Divorced,7725,5335,3,No,23,4,3,1,15,2,1,13,11,4,7,2,44.3,7,4,4,5,Onsite,5,Average,Senior (11-20),Lifer (10+),77.03040002649246,Healthy
54,No,Travel_Rarely,397,Human Resources,19,4,Medical,698,3,Male,88,3,3,Human Resources,2,Married,10725,6729,2,No,15,3,3,1,16,1,4,9,7,7,1,4,37.9,17,5,2,2,Hybrid,3,Above Average,Senior (11-20),Veteran (6-10),49.214350560299714,At Risk
36,No,Travel_Rarely,913,Research & Development,9,2,Medical,699,2,Male,48,2,2,Manufacturing Director,2,Divorced,8847,13934,2,Yes,11,3,3,1,13,2,3,3,2,0,2,4,46.1,13,5,3,4,Onsite,2,Average,Senior (11-20),Settling (2-3),57.09768663981853,Moderate
27,No,Travel_Rarely,1115,Research & Development,3,4,Medical,700,1,Male,54,2,1,Research Scientist,4,Single,2045,15174,0,No,13,3,4,0,5,0,3,4,2,1,1,3,37.1,8,3,3,3,Onsite,3,Low,Early (3-5),Established (4-5),54.08098884979751,Moderate
20,Yes,Travel_Rarely,1362,Research & Development,10,1,Medical,701,4,Male,32,3,1,Research Scientist,3,Single,1009,26999,1,Yes,11,3,4,0,1,5,3,1,0,1,1,3,57.2,11,2,2,3,Onsite,4,Low,Entry (0-2),New (0-1),46.89123337422285,At Risk
33,Yes,Travel_Frequently,1076,Research & Development,3,3,Life Sciences,702,1,Male,70,3,1,Research Scientist,1,Single,3348,3164,1,Yes,11,3,1,0,10,3,3,10,8,9,7,4,48.6,10,4,1,2,Onsite,3,Below Average,Mid (6-10),Veteran (6-10),35.54638869977496,At Risk
35,No,Non-Travel,727,Research & Development,3,3,Life Sciences,704,3,Male,41,2,1,Laboratory Technician,3,Married,1281,16900,1,No,18,3,3,2,1,3,3,1,0,0,0,4,41.7,13,2,4,3,Hybrid,4,Low,Entry (0-2),New (0-1),45.81192834224148,At Risk
23,No,Travel_Rarely,885,Research & Development,4,3,Medical,705,1,Male,58,4,1,Research Scientist,1,Married,2819,8544,2,No,16,3,1,1,5,3,4,3,2,0,2,3,41.7,5,5,4,2,Hybrid,4,Low,Early (3-5),Settling (2-3),61.652248883042084,Moderate
25,No,Travel_Rarely,810,Sales,8,3,Life Sciences,707,4,Male,57,4,2,Sales Executive,2,Married,4851,15678,0,No,22,4,3,1,4,4,3,3,2,1,2,2,43.2,10,3,4,2,Hybrid,4,Below Average,Early (3-5),Settling (2-3),58.372529084022574,Moderate
38,No,Travel_Rarely,243,Sales,7,4,Marketing,709,4,Female,46,2,2,Sales Executive,4,Single,4028,7791,0,No,20,4,1,0,8,2,3,7,7,0,5,3,38.5,10,3,5,4,Onsite,4,Below Average,Mid (6-10),Veteran (6-10),66.81735552845207,Moderate
29,No,Travel_Frequently,806,Research & Development,1,4,Life Sciences,710,2,Male,76,1,1,Research Scientist,4,Divorced,2720,18959,1,No,18,3,4,1,10,5,3,10,7,2,8,4,41.3,7,3,3,3,Hybrid,2,Low,Mid (6-10),Veteran (6-10),45.59422322258933,At Risk
48,No,Travel_Rarely,817,Sales,2,1,Marketing,712,2,Male,56,4,2,Sales Executive,2,Married,8120,18597,3,No,12,3,4,0,12,3,3,2,2,2,2,2,44.3,7,4,2,5,Onsite,3,Average,Senior (11-20),Settling (2-3),71.32409020956413,Healthy
27,No,Travel_Frequently,1410,Sales,3,1,Medical,714,4,Female,71,4,2,Sales Executive,4,Divorced,4647,16673,1,Yes,20,4,2,2,6,3,3,6,5,0,4,4,53.1,11,4,4,4,Remote,5,Below Average,Mid (6-10),Veteran (6-10),72.02698165076502,Healthy
37,No,Travel_Rarely,1225,Research & Development,10,2,Life Sciences,715,4,Male,80,4,1,Research Scientist,4,Single,4680,15232,3,No,17,3,1,0,4,2,3,1,0,0,0,2,44.4,2,4,3,5,Hybrid,4,Below Average,Early (3-5),New (0-1),81.94047630656279,Healthy
50,No,Travel_Rarely,1207,Research & Development,28,1,Medical,716,4,Male,74,4,1,Laboratory Technician,3,Married,3221,3297,1,Yes,11,3,3,3,20,3,3,20,8,3,8,4,52.0,7,4,2,3,Hybrid,4,Below Average,Senior (11-20),Lifer (10+),55.83428707241783,Moderate
34,No,Travel_Rarely,1442,Research & Development,9,3,Medical,717,4,Female,46,2,3,Healthcare Representative,2,Single,8621,17654,1,No,14,3,2,0,9,3,4,8,7,7,7,3,43.2,10,4,3,4,Hybrid,3,Average,Mid (6-10),Veteran (6-10),59.00514279705875,Moderate
24,Yes,Travel_Rarely,693,Sales,3,2,Life Sciences,720,1,Female,65,3,2,Sales Executive,3,Single,4577,24785,9,No,14,3,1,0,4,3,3,2,2,2,0,2,45.4,9,2,2,3,Onsite,4,Below Average,Early (3-5),Settling (2-3),51.035392809214564,Moderate
39,No,Travel_Rarely,408,Research & Development,2,4,Technical Degree,721,4,Female,80,2,2,Healthcare Representative,3,Single,4553,20978,1,No,11,3,1,0,20,4,3,20,7,11,10,2,41.0,12,2,1,3,Onsite,4,Below Average,Senior (11-20),Lifer (10+),42.98905631938468,At Risk
32,No,Travel_Rarely,929,Sales,10,3,Marketing,722,4,Male,55,3,2,Sales Executive,4,Single,5396,21703,1,No,12,3,4,0,10,2,2,10,7,0,8,3,38.4,14,3,3,4,Remote,5,Below Average,Mid (6-10),Veteran (6-10),61.61690093270812,Moderate
50,Yes,Travel_Frequently,562,Sales,8,2,Technical Degree,723,2,Male,50,3,2,Sales Executive,3,Married,6796,23452,3,Yes,14,3,1,1,18,4,3,4,3,1,3,4,51.3,13,3,2,3,Remote,5,Average,Senior (11-20),Established (4-5),47.11937740971626,At Risk
38,No,Travel_Rarely,827,Research & Development,1,4,Life Sciences,724,2,Female,33,4,2,Healthcare Representative,4,Single,7625,19383,0,No,13,3,3,0,10,4,2,9,7,1,8,2,38.9,13,4,4,3,Remote,3,Average,Mid (6-10),Veteran (6-10),72.85079424458705,Healthy
27,No,Travel_Rarely,608,Research & Development,1,2,Life Sciences,725,3,Female,68,3,3,Manufacturing Director,1,Married,7412,6009,1,No,11,3,4,0,9,3,3,9,7,0,7,4,39.9,13,4,3,5,Onsite,3,Average,Mid (6-10),Veteran (6-10),58.94056754528501,Moderate
32,No,Travel_Rarely,1018,Research & Development,3,2,Life Sciences,727,3,Female,39,3,3,Research Director,4,Single,11159,19373,3,No,15,3,4,0,10,6,3,7,7,7,7,2,42.0,22,2,4,4,Hybrid,3,Above Average,Mid (6-10),Veteran (6-10),67.22808738756174,Moderate
47,No,Travel_Rarely,703,Sales,14,4,Marketing,728,4,Male,42,3,2,Sales Executive,1,Single,4960,11825,2,No,12,3,4,0,20,2,3,7,7,1,7,3,37.9,8,4,5,5,Hybrid,3,Below Average,Senior (11-20),Veteran (6-10),70.49218757550352,Healthy
40,No,Travel_Frequently,580,Sales,5,4,Life Sciences,729,4,Male,48,2,3,Sales Executive,1,Married,10475,23772,5,Yes,21,4,3,1,20,2,3,18,13,1,12,3,51.4,8,5,4,5,Hybrid,4,Above Average,Senior (11-20),Lifer (10+),66.81815455615875,Moderate
53,No,Travel_Rarely,970,Research & Development,7,3,Life Sciences,730,3,Male,59,4,4,Research Director,3,Married,14814,13514,3,No,19,3,3,0,32,3,3,5,1,1,3,3,36.5,25,4,3,4,Onsite,3,Above Average,Expert (20+),Established (4-5),69.01108288845069,Moderate
41,No,Travel_Rarely,427,Human Resources,10,4,Human Resources,731,2,Male,73,2,5,Manager,4,Divorced,19141,8861,3,No,15,3,2,3,23,2,2,21,6,12,6,4,47.3,27,4,3,4,Onsite,5,High,Expert (20+),Lifer (10+),57.502438775985034,Moderate
60,No,Travel_Rarely,1179,Sales,16,4,Marketing,732,1,Male,84,3,2,Sales Executive,1,Single,5405,11924,8,No,14,3,4,0,10,1,3,2,2,2,2,2,41.1,10,4,4,3,Hybrid,5,Below Average,Mid (6-10),Settling (2-3),60.27480454602633,Moderate
27,No,Travel_Frequently,294,Research & Development,10,2,Life Sciences,733,4,Male,32,3,3,Manufacturing Director,1,Divorced,8793,4809,1,No,21,4,3,2,9,4,2,9,7,1,7,3,40.1,17,4,4,4,Hybrid,4,Average,Mid (6-10),Veteran (6-10),59.323951001728744,Moderate
41,No,Travel_Rarely,314,Human Resources,1,3,Human Resources,734,4,Male,59,2,5,Manager,3,Married,19189,19562,1,No,12,3,2,1,22,3,3,22,7,2,10,4,48.2,28,3,4,5,Remote,4,High,Expert (20+),Lifer (10+),60.84204397958209,Moderate
50,No,Travel_Rarely,316,Sales,8,4,Marketing,738,4,Male,54,3,1,Sales Representative,2,Married,3875,9983,7,No,15,3,4,1,4,2,3,2,2,2,2,3,43.4,7,3,3,5,Hybrid,4,Below Average,Early (3-5),Settling (2-3),62.16875140948424,Moderate
28,Yes,Travel_Rarely,654,Research & Development,1,2,Life Sciences,741,1,Female,67,1,1,Research Scientist,2,Single,2216,3872,7,Yes,13,3,4,0,10,4,3,7,7,3,7,5,39.3,3,3,1,3,Onsite,2,Low,Mid (6-10),Veteran (6-10),27.12994739298557,Critical
36,No,Non-Travel,427,Research & Development,8,3,Life Sciences,742,1,Female,63,4,3,Research Director,1,Married,11713,20335,9,No,14,3,1,1,10,2,3,8,7,0,5,2,39.5,19,3,3,4,Hybrid,2,Above Average,Mid (6-10),Veteran (6-10),61.87028305357205,Moderate
38,No,Travel_Rarely,168,Research & Development,1,3,Life Sciences,743,3,Female,81,3,3,Manufacturing Director,3,Single,7861,15397,4,Yes,14,3,4,0,10,4,4,1,0,0,0,5,47.9,21,4,5,3,Onsite,3,Average,Mid (6-10),New (0-1),60.59431253078349,Moderate
44,No,Non-Travel,381,Research & Development,24,3,Medical,744,1,Male,49,1,1,Laboratory Technician,3,Single,3708,2104,2,No,14,3,3,0,9,5,3,5,2,1,4,4,35.8,6,4,3,3,Onsite,2,Below Average,Mid (6-10),Established (4-5),46.510198793381804,At Risk
47,No,Travel_Frequently,217,Sales,3,3,Medical,746,4,Female,49,3,4,Sales Executive,3,Divorced,13770,10225,9,Yes,12,3,4,2,28,2,2,22,2,11,13,2,59.8,25,4,2,4,Onsite,3,Above Average,Expert (20+),Lifer (10+),62.973305640878884,Moderate
30,No,Travel_Rarely,501,Sales,27,5,Marketing,747,3,Male,99,3,2,Sales Executive,4,Divorced,5304,25275,7,No,23,4,4,1,10,2,2,8,7,7,7,3,41.1,8,3,3,4,Remote,4,Below Average,Mid (6-10),Veteran (6-10),61.61690093270812,Moderate
29,No,Travel_Rarely,1396,Sales,10,3,Life Sciences,749,3,Male,99,3,1,Sales Representative,3,Single,2642,2755,1,No,11,3,3,0,1,6,3,1,0,0,0,3,38.5,4,4,4,4,Hybrid,3,Low,Entry (0-2),New (0-1),68.37220699384761,Moderate
42,Yes,Travel_Frequently,933,Research & Development,19,3,Medical,752,3,Male,57,4,1,Research Scientist,3,Divorced,2759,20366,6,Yes,12,3,4,0,7,2,3,2,2,2,2,4,37.2,5,3,2,3,Hybrid,4,Low,Mid (6-10),Settling (2-3),51.46198360193273,Moderate
43,No,Travel_Frequently,775,Sales,15,3,Life Sciences,754,4,Male,47,2,2,Sales Executive,4,Married,6804,23683,3,No,18,3,3,1,7,5,3,2,2,2,2,3,43.6,4,4,4,4,Remote,2,Average,Mid (6-10),Settling (2-3),67.48592870132377,Moderate
34,No,Travel_Rarely,970,Research & Development,8,2,Medical,757,2,Female,96,3,2,Healthcare Representative,3,Single,6142,7360,3,No,11,3,4,0,10,2,3,5,1,4,3,3,36.1,10,3,2,2,Hybrid,4,Average,Mid (6-10),Established (4-5),45.934630761280204,At Risk
23,No,Travel_Rarely,650,Research & Development,9,1,Medical,758,2,Male,37,3,1,Laboratory Technician,1,Married,2500,4344,1,No,14,3,4,1,5,2,4,4,3,0,2,3,39.0,12,2,2,3,Remote,3,Low,Early (3-5),Established (4-5),42.11417776757125,At Risk
39,No,Travel_Rarely,141,Human Resources,3,3,Human Resources,760,3,Female,44,4,2,Human Resources,2,Married,6389,18767,9,No,15,3,3,1,12,3,1,8,3,3,6,3,43.8,12,5,3,4,Hybrid,4,Average,Senior (11-20),Veteran (6-10),65.65585807377593,Moderate
56,No,Travel_Rarely,832,Research & Development,9,3,Medical,762,3,Male,81,3,4,Healthcare Representative,4,Married,11103,20420,7,No,11,3,3,0,30,1,2,10,7,1,1,4,50.3,13,4,4,3,Hybrid,4,Above Average,Expert (20+),Veteran (6-10),60.219869182387164,Moderate
40,No,Travel_Rarely,804,Research & Development,2,1,Medical,763,4,Female,86,2,1,Research Scientist,4,Single,2342,22929,0,Yes,20,4,4,0,5,2,2,4,2,2,3,4,44.9,10,3,4,4,Onsite,3,Low,Early (3-5),Established (4-5),56.833865603113345,Moderate
27,No,Travel_Rarely,975,Research & Development,7,3,Medical,764,4,Female,55,2,2,Healthcare Representative,1,Single,6811,23398,8,No,19,3,1,0,9,2,1,7,6,0,7,3,35.0,11,3,3,4,Hybrid,3,Average,Mid (6-10),Veteran (6-10),44.76971084868014,At Risk
29,No,Travel_Rarely,1090,Sales,10,3,Marketing,766,4,Male,83,3,1,Sales Representative,2,Divorced,2297,17967,1,No,14,3,4,2,2,2,3,2,2,2,2,3,40.3,5,2,2,4,Onsite,3,Low,Entry (0-2),Settling (2-3),48.76381155795799,At Risk
53,No,Travel_Rarely,346,Research & Development,6,3,Life Sciences,769,4,Male,86,3,2,Laboratory Technician,4,Single,2450,10919,2,No,17,3,4,0,19,4,3,2,2,2,2,3,48.3,9,3,3,4,Hybrid,3,Low,Senior (11-20),Settling (2-3),63.75250112544174,Moderate
35,No,Non-Travel,1225,Research & Development,2,4,Life Sciences,771,4,Female,61,3,2,Healthcare Representative,1,Divorced,5093,4761,2,No,11,3,1,1,16,2,4,1,0,0,0,3,45.3,10,2,5,3,Hybrid,4,Below Average,Senior (11-20),New (0-1),53.225368660411455,Moderate
32,No,Travel_Frequently,430,Research & Development,24,4,Life Sciences,772,1,Male,80,3,2,Laboratory Technician,4,Married,5309,21146,1,No,15,3,4,2,10,2,3,10,8,4,7,3,41.9,8,5,4,3,Hybrid,3,Below Average,Mid (6-10),Veteran (6-10),70.87193228059759,Healthy
38,No,Travel_Rarely,268,Research & Development,2,5,Medical,773,4,Male,92,3,1,Research Scientist,3,Married,3057,20471,6,Yes,13,3,2,1,6,0,1,1,0,0,1,3,48.2,3,3,4,4,Onsite,3,Below Average,Mid (6-10),New (0-1),59.728703137895266,Moderate
34,No,Travel_Rarely,167,Research & Development,8,5,Life Sciences,775,2,Female,32,3,2,Manufacturing Director,1,Divorced,5121,4187,3,No,14,3,3,1,7,3,3,0,0,0,0,3,44.3,12,4,4,4,Remote,3,Below Average,Mid (6-10),New (0-1),61.45955119446237,Moderate
52,No,Travel_Rarely,621,Sales,3,4,Marketing,776,3,Male,31,2,4,Manager,1,Married,16856,10084,1,No,11,3,1,0,34,3,4,34,6,1,16,5,39.4,37,4,4,4,Remote,3,High,Expert (20+),Lifer (10+),50.96422632499612,Moderate
33,Yes,Travel_Rarely,527,Research & Development,1,4,Other,780,4,Male,63,3,1,Research Scientist,4,Single,2686,5207,1,Yes,13,3,3,0,10,2,2,10,9,7,8,5,49.4,4,3,2,3,Hybrid,3,Low,Mid (6-10),Veteran (6-10),44.29594568168355,At Risk
25,No,Travel_Rarely,883,Sales,26,1,Medical,781,3,Female,32,3,2,Sales Executive,4,Single,6180,22807,1,No,23,4,2,0,6,5,2,6,5,1,4,3,43.9,11,4,5,4,Remote,4,Average,Mid (6-10),Veteran (6-10),73.39666499842002,Healthy
45,No,Travel_Rarely,954,Sales,2,2,Technical Degree,783,2,Male,46,1,2,Sales Representative,3,Single,6632,12388,0,No,13,3,1,0,9,3,3,8,7,3,1,4,45.3,13,5,3,4,Onsite,4,Average,Mid (6-10),Veteran (6-10),56.21140834729466,Moderate
23,No,Travel_Rarely,310,Research & Development,10,1,Medical,784,1,Male,79,4,1,Research Scientist,3,Single,3505,19630,1,No,18,3,4,0,2,3,3,2,2,0,2,3,50.6,6,3,3,4,Hybrid,4,Below Average,Entry (0-2),Settling (2-3),64.6387794179656,Moderate
47,Yes,Travel_Frequently,719,Sales,27,2,Life Sciences,785,2,Female,77,4,2,Sales Executive,3,Single,6397,10339,4,Yes,12,3,4,0,8,2,3,5,4,1,3,3,56.4,15,3,3,3,Remote,4,Average,Mid (6-10),Established (4-5),59.30987333453783,Moderate
34,No,Travel_Rarely,304,Sales,2,3,Other,786,4,Male,60,3,2,Sales Executive,4,Single,6274,18686,1,No,22,4,3,0,6,5,3,6,5,1,4,2,39.1,10,3,5,4,Onsite,5,Average,Mid (6-10),Veteran (6-10),75.30412115566025,Healthy
55,Yes,Travel_Rarely,725,Research & Development,2,3,Medical,787,4,Male,78,3,5,Manager,1,Married,19859,21199,5,Yes,13,3,4,1,24,2,3,5,2,1,4,3,54.0,23,3,2,5,Hybrid,4,High,Expert (20+),Established (4-5),55.008693212178216,Moderate
36,No,Non-Travel,1434,Sales,8,4,Life Sciences,789,1,Male,76,2,3,Sales Executive,1,Single,7587,14229,1,No,15,3,2,0,10,1,3,10,7,0,9,3,35.5,14,5,4,4,Onsite,3,Average,Mid (6-10),Veteran (6-10),61.489248472731006,Moderate
52,No,Non-Travel,715,Research & Development,19,4,Medical,791,4,Male,41,3,1,Research Scientist,4,Married,4258,26589,0,No,18,3,1,1,5,3,3,4,3,1,2,3,36.8,11,5,5,4,Onsite,4,Below Average,Early (3-5),Established (4-5),79.90456866163875,Healthy
26,No,Travel_Frequently,575,Research & Development,1,2,Life Sciences,792,1,Female,71,1,1,Laboratory Technician,4,Divorced,4364,5288,3,No,14,3,1,1,5,2,3,2,2,2,0,4,38.0,8,3,3,4,Onsite,2,Below Average,Early (3-5),Settling (2-3),50.92312930601708,Moderate
29,No,Travel_Rarely,657,Research & Development,27,3,Medical,793,2,Female,66,3,2,Healthcare Representative,3,Married,4335,25549,4,No,12,3,1,1,11,3,2,8,7,1,1,3,39.8,13,2,3,2,Hybrid,3,Below Average,Senior (11-20),Veteran (6-10),43.130457395674895,At Risk
26,Yes,Travel_Rarely,1146,Sales,8,3,Technical Degree,796,4,Male,38,2,2,Sales Executive,1,Single,5326,3064,6,No,17,3,3,0,6,2,2,4,3,1,2,3,42.5,6,3,3,2,Hybrid,3,Below Average,Mid (6-10),Established (4-5),36.24749887455827,At Risk
34,No,Travel_Rarely,182,Research & Development,1,4,Life Sciences,797,2,Female,72,4,1,Research Scientist,4,Single,3280,13551,2,No,16,3,3,0,10,2,3,4,2,1,3,4,36.3,9,4,3,3,Hybrid,5,Below Average,Mid (6-10),Established (4-5),62.99434526972386,Moderate
54,No,Travel_Rarely,376,Research & Development,19,4,Medical,799,4,Female,95,3,2,Manufacturing Director,1,Divorced,5485,22670,9,Yes,11,3,2,2,9,4,3,5,3,1,4,2,53.5,12,2,3,4,Onsite,3,Below Average,Mid (6-10),Established (4-5),53.15537339087047,Moderate
27,No,Travel_Frequently,829,Sales,8,1,Marketing,800,3,Male,84,3,2,Sales Executive,4,Married,4342,24008,0,No,19,3,2,1,5,3,3,4,2,1,1,3,41.1,8,3,4,3,Hybrid,3,Below Average,Early (3-5),Established (4-5),62.12732533962739,Moderate
37,No,Travel_Rarely,571,Research & Development,10,1,Life Sciences,802,4,Female,82,3,1,Research Scientist,1,Divorced,2782,19905,0,Yes,13,3,2,2,6,3,2,5,3,4,3,4,46.9,9,2,2,4,Hybrid,3,Low,Mid (6-10),Established (4-5),39.027724030540035,At Risk
38,No,Travel_Frequently,240,Research & Development,2,4,Life Sciences,803,1,Female,75,4,2,Manufacturing Director,1,Single,5980,26085,6,Yes,12,3,4,0,17,2,3,15,7,4,12,3,49.1,12,2,2,2,Onsite,4,Below Average,Senior (11-20),Lifer (10+),38.99227768362634,At Risk
34,No,Travel_Rarely,121,Research & Development,2,4,Medical,804,3,Female,86,2,1,Research Scientist,1,Single,4381,7530,1,No,11,3,3,0,6,3,3,6,5,1,3,4,40.2,7,4,3,3,Remote,3,Below Average,Mid (6-10),Veteran (6-10),43.94014918621305,At Risk
35,No,Travel_Rarely,384,Sales,8,4,Life Sciences,805,1,Female,72,3,1,Sales Representative,4,Married,2572,20317,1,No,16,3,2,1,3,1,2,3,2,0,2,3,43.7,6,3,4,3,Onsite,4,Low,Early (3-5),Settling (2-3),59.99172514689377,Moderate
30,No,Travel_Rarely,921,Research & Development,1,3,Life Sciences,806,4,Male,38,1,1,Laboratory Technician,3,Married,3833,24375,3,No,21,4,3,2,7,2,3,2,2,0,2,3,36.1,4,5,4,2,Onsite,4,Below Average,Mid (6-10),Settling (2-3),53.40148591304427,Moderate
40,No,Travel_Frequently,791,Research & Development,2,2,Medical,807,3,Female,38,4,2,Healthcare Representative,2,Married,4244,9931,1,No,24,4,4,1,8,2,3,8,7,3,7,4,38.5,10,3,5,5,Onsite,3,Below Average,Mid (6-10),Veteran (6-10),69.77465876193583,Moderate
34,No,Travel_Rarely,1111,Sales,8,2,Life Sciences,808,3,Female,93,3,2,Sales Executive,1,Married,6500,13305,5,No,17,3,2,1,6,1,3,3,2,1,2,5,39.9,11,5,4,2,Hybrid,2,Average,Mid (6-10),Settling (2-3),46.885723628108565,At Risk
42,No,Travel_Frequently,570,Research & Development,8,3,Life Sciences,809,2,Male,66,3,5,Manager,4,Divorced,18430,16225,1,No,13,3,2,1,24,4,2,24,7,14,9,4,41.0,34,3,2,3,Hybrid,4,High,Expert (20+),Lifer (10+),48.44010511667525,At Risk
23,Yes,Travel_Rarely,1243,Research & Development,6,3,Life Sciences,811,3,Male,63,4,1,Laboratory Technician,1,Married,1601,3445,1,Yes,21,4,3,2,1,2,3,0,0,0,0,4,42.1,10,3,3,4,Onsite,4,Low,Entry (0-2),New (0-1),53.581964183588646,Moderate
24,No,Non-Travel,1092,Research & Development,9,3,Life Sciences,812,3,Male,60,2,1,Laboratory Technician,2,Divorced,2694,26551,1,No,11,3,3,3,1,4,3,1,0,0,0,3,37.7,7,3,4,4,Remote,4,Low,Entry (0-2),New (0-1),56.20096943145343,Moderate
52,No,Travel_Rarely,1325,Research & Development,11,4,Life Sciences,813,4,Female,82,3,2,Laboratory Technician,3,Married,3149,21821,8,No,20,4,2,1,9,3,3,5,2,1,4,2,44.6,10,3,3,3,Hybrid,4,Below Average,Mid (6-10),Established (4-5),59.111426577313075,Moderate
50,No,Travel_Rarely,691,Research & Development,2,3,Medical,815,3,Male,64,3,4,Research Director,3,Married,17639,6881,5,No,16,3,4,0,30,3,3,4,3,0,3,4,45.2,15,4,4,4,Onsite,3,High,Expert (20+),Established (4-5),64.22804755885592,Moderate
29,Yes,Travel_Rarely,805,Research & Development,1,2,Life Sciences,816,2,Female,36,2,1,Laboratory Technician,1,Married,2319,6689,1,Yes,11,3,4,1,1,1,3,1,0,0,0,3,53.2,8,3,3,3,Onsite,3,Low,Entry (0-2),New (0-1),43.71200515071964,At Risk
33,No,Travel_Rarely,213,Research & Development,7,3,Medical,817,3,Male,49,3,3,Research Director,3,Married,11691,25995,0,No,11,3,4,0,14,3,4,13,9,3,7,3,45.2,24,3,4,5,Onsite,3,Above Average,Senior (11-20),Lifer (10+),71.46440979952389,Healthy
33,Yes,Travel_Rarely,118,Sales,16,3,Marketing,819,1,Female,69,3,2,Sales Executive,1,Single,5324,26507,5,No,15,3,3,0,6,3,3,3,2,0,2,3,40.6,12,3,2,3,Hybrid,3,Below Average,Mid (6-10),Settling (2-3),44.35088104532271,At Risk
47,No,Travel_Rarely,202,Research & Development,2,2,Other,820,3,Female,33,3,4,Manager,4,Married,16752,12982,1,Yes,11,3,3,1,26,3,2,26,14,3,0,5,52.7,24,3,1,3,Remote,3,High,Expert (20+),Lifer (10+),40.592215384070144,At Risk
36,No,Travel_Rarely,676,Research & Development,1,3,Other,823,3,Female,35,3,2,Manufacturing Director,2,Married,5228,23361,0,No,15,3,1,1,10,2,3,9,7,0,5,3,40.7,11,3,3,3,Hybrid,4,Below Average,Mid (6-10),Veteran (6-10),51.51093924262874,Moderate
29,No,Travel_Rarely,1252,Research & Development,23,2,Life Sciences,824,3,Male,81,4,1,Research Scientist,3,Married,2700,23779,1,No,24,4,3,1,10,3,3,10,7,0,7,4,40.7,12,5,5,3,Remote,3,Low,Mid (6-10),Veteran (6-10),71.31778143574314,Healthy
58,Yes,Travel_Rarely,286,Research & Development,2,4,Life Sciences,825,4,Male,31,3,5,Research Director,2,Single,19246,25761,7,Yes,12,3,4,0,40,2,3,31,15,13,8,4,50.0,27,4,1,3,Onsite,3,High,Expert (20+),Lifer (10+),44.331622682895336,At Risk
35,No,Travel_Rarely,1258,Research & Development,1,4,Life Sciences,826,4,Female,40,4,1,Research Scientist,3,Single,2506,13301,3,No,13,3,3,0,7,0,3,2,2,2,2,3,35.0,8,2,4,5,Onsite,3,Low,Mid (6-10),Settling (2-3),69.29911232852164,Moderate
42,No,Travel_Rarely,932,Research & Development,1,2,Life Sciences,827,4,Female,43,2,2,Manufacturing Director,4,Married,6062,4051,9,Yes,13,3,4,1,8,4,3,4,3,0,2,3,46.0,10,3,4,4,Onsite,3,Average,Mid (6-10),Established (4-5),63.113625230838664,Moderate
28,Yes,Travel_Rarely,890,Research & Development,2,4,Medical,828,3,Male,46,3,1,Research Scientist,3,Single,4382,16374,6,No,17,3,4,0,5,3,2,2,2,2,1,3,46.1,5,4,3,3,Onsite,3,Below Average,Early (3-5),Settling (2-3),57.203970420072835,Moderate
36,No,Travel_Rarely,1041,Human Resources,13,3,Human Resources,829,3,Male,36,3,1,Human Resources,2,Married,2143,25527,4,No,13,3,2,1,8,2,3,5,2,0,4,3,43.3,11,3,2,5,Hybrid,3,Low,Mid (6-10),Established (4-5),58.46502111187084,Moderate
32,No,Travel_Rarely,859,Research & Development,4,3,Life Sciences,830,3,Female,98,2,2,Manufacturing Director,3,Married,6162,19124,1,No,12,3,3,1,14,3,3,14,13,6,8,4,45.0,20,2,3,2,Remote,4,Average,Senior (11-20),Lifer (10+),36.779291961200336,At Risk
40,No,Travel_Frequently,720,Research & Development,16,4,Medical,832,1,Male,51,2,2,Laboratory Technician,3,Single,5094,11983,6,No,14,3,4,0,10,6,3,1,0,0,0,2,46.0,11,4,5,4,Hybrid,4,Below Average,Mid (6-10),New (0-1),71.87749053423627,Healthy
30,No,Travel_Rarely,946,Research & Development,2,3,Medical,833,3,Female,52,2,2,Manufacturing Director,4,Single,6877,20234,5,Yes,24,4,2,0,12,4,2,0,0,0,0,5,54.0,10,5,4,3,Remote,4,Average,Senior (11-20),New (0-1),56.10540702566409,Moderate
45,No,Travel_Rarely,252,Research & Development,2,3,Life Sciences,834,2,Female,95,2,1,Research Scientist,3,Single,2274,6153,1,No,14,3,4,0,1,3,3,1,0,0,0,4,40.4,11,3,4,3,Onsite,3,Low,Entry (0-2),New (0-1),50.18423181272659,Moderate
42,No,Travel_Rarely,933,Research & Development,29,3,Life Sciences,836,2,Male,98,3,2,Manufacturing Director,2,Married,4434,11806,1,No,13,3,4,1,10,3,2,9,8,7,8,3,39.4,8,1,3,3,Remote,3,Below Average,Mid (6-10),Veteran (6-10),40.63073210892492,At Risk
38,No,Travel_Frequently,471,Research & Development,12,3,Life Sciences,837,1,Male,45,2,2,Healthcare Representative,1,Divorced,6288,4284,2,No,15,3,3,1,13,3,2,4,3,1,2,5,40.6,13,4,3,2,Onsite,3,Average,Senior (11-20),Established (4-5),32.331483475059954,At Risk
34,No,Travel_Frequently,702,Research & Development,16,4,Life Sciences,838,3,Female,100,2,1,Research Scientist,4,Single,2553,8306,1,No,16,3,3,0,6,3,3,5,2,1,3,2,42.1,10,4,4,4,Onsite,3,Low,Mid (6-10),Established (4-5),71.63008813631548,Healthy
49,Yes,Travel_Rarely,1184,Sales,11,3,Marketing,840,3,Female,43,3,3,Sales Executive,4,Married,7654,5860,1,No,18,3,1,2,9,3,4,9,8,7,7,3,46.6,10,3,4,5,Hybrid,3,Average,Mid (6-10),Veteran (6-10),74.92073769921652,Healthy
55,Yes,Travel_Rarely,436,Sales,2,1,Medical,842,3,Male,37,3,2,Sales Executive,4,Single,5160,21519,4,No,16,3,3,0,12,3,2,9,7,7,3,2,41.3,12,3,2,4,Remote,3,Below Average,Senior (11-20),Veteran (6-10),62.057330070086415,Moderate
43,No,Travel_Rarely,589,Research & Development,14,2,Life Sciences,843,2,Male,94,3,4,Research Director,1,Married,17159,5200,6,No,24,4,3,1,22,3,3,4,1,1,0,5,42.3,23,3,3,4,Hybrid,4,High,Expert (20+),Established (4-5),45.09519855638045,At Risk
27,No,Travel_Rarely,269,Research & Development,5,1,Technical Degree,844,3,Male,42,2,3,Research Director,4,Divorced,12808,8842,1,Yes,16,3,2,1,9,3,3,9,8,0,8,5,50.4,19,3,4,4,Hybrid,2,Above Average,Mid (6-10),Veteran (6-10),54.825306360855265,Moderate
35,No,Travel_Rarely,950,Research & Development,7,3,Other,845,3,Male,59,3,3,Manufacturing Director,3,Single,10221,18869,3,No,21,4,2,0,17,3,4,8,5,1,6,3,44.2,17,5,2,3,Onsite,4,Above Average,Senior (11-20),Veteran (6-10),62.14374397841179,Moderate
28,No,Travel_Rarely,760,Sales,2,4,Marketing,846,2,Female,81,3,2,Sales Executive,2,Married,4779,3698,1,Yes,20,4,1,0,8,2,3,8,7,7,5,4,44.7,13,3,3,3,Remote,4,Below Average,Mid (6-10),Veteran (6-10),47.36677980763704,At Risk
34,No,Travel_Rarely,829,Human Resources,3,2,Human Resources,847,3,Male,88,3,1,Human Resources,4,Married,3737,2243,0,No,19,3,3,1,4,1,1,3,2,0,2,2,35.0,7,3,4,3,Onsite,4,Below Average,Early (3-5),Settling (2-3),62.00028438915185,Moderate
26,Yes,Travel_Frequently,887,Research & Development,5,2,Medical,848,3,Female,88,2,1,Research Scientist,3,Married,2366,20898,1,Yes,14,3,1,1,8,2,3,8,7,1,7,5,46.2,2,3,4,2,Onsite,2,Low,Mid (6-10),Veteran (6-10),40.71116629430713,At Risk
27,No,Non-Travel,443,Research & Development,3,3,Medical,850,4,Male,50,3,1,Research Scientist,4,Married,1706,16571,1,No,11,3,3,3,0,6,2,0,0,0,0,3,35.5,9,2,4,3,Hybrid,4,Low,Entry (0-2),New (0-1),55.61942167640866,Moderate
51,No,Travel_Rarely,1318,Sales,26,4,Marketing,851,1,Female,66,3,4,Manager,3,Married,16307,5594,2,No,14,3,3,1,29,2,2,20,6,4,17,4,42.9,22,4,3,3,Hybrid,3,High,Expert (20+),Lifer (10+),53.059810985081135,Moderate
44,No,Travel_Rarely,625,Research & Development,4,3,Medical,852,4,Male,50,3,2,Healthcare Representative,2,Single,5933,5197,9,No,12,3,4,0,10,2,2,5,2,2,3,4,41.3,12,3,3,4,Onsite,2,Below Average,Mid (6-10),Established (4-5),50.56008569833116,Moderate
25,No,Travel_Rarely,180,Research & Development,2,1,Medical,854,1,Male,65,4,1,Research Scientist,1,Single,3424,21632,7,No,13,3,3,0,6,3,2,4,3,0,1,3,38.6,6,3,3,3,Onsite,3,Below Average,Mid (6-10),Established (4-5),50.26161734241897,Moderate
33,No,Travel_Rarely,586,Sales,1,3,Medical,855,1,Male,48,4,2,Sales Executive,1,Divorced,4037,21816,1,No,22,4,1,1,9,5,3,9,8,0,8,3,46.9,15,4,3,4,Remote,5,Below Average,Mid (6-10),Veteran (6-10),62.09842708906545,Moderate
35,No,Travel_Rarely,1343,Research & Development,27,1,Medical,856,3,Female,53,2,1,Research Scientist,1,Single,2559,17852,1,No,11,3,4,0,6,3,2,6,5,1,1,2,41.7,10,3,3,3,Remote,3,Low,Mid (6-10),Veteran (6-10),45.72056439297772,At Risk
36,No,Travel_Rarely,928,Sales,1,2,Life Sciences,857,2,Male,56,3,2,Sales Executive,4,Married,6201,2823,1,Yes,14,3,4,1,18,1,2,18,14,4,11,4,48.6,10,3,3,3,Remote,4,Average,Senior (11-20),Lifer (10+),52.14383541428865,Moderate
32,No,Travel_Rarely,117,Sales,13,4,Life Sciences,859,2,Male,73,3,2,Sales Executive,4,Divorced,4403,9250,2,No,11,3,3,1,8,3,2,5,2,0,3,5,44.4,10,3,4,2,Hybrid,3,Below Average,Mid (6-10),Established (4-5),46.3745001934826,At Risk
30,No,Travel_Frequently,1012,Research & Development,5,4,Life Sciences,861,2,Male,75,2,1,Research Scientist,4,Divorced,3761,2373,9,No,12,3,2,1,10,3,2,5,4,0,3,4,35.8,8,4,3,3,Onsite,3,Below Average,Mid (6-10),Established (4-5),52.17353269255729,Moderate
53,No,Travel_Rarely,661,Sales,7,2,Marketing,862,1,Female,78,2,3,Sales Executive,4,Married,10934,20715,7,Yes,18,3,4,1,35,3,3,5,2,0,4,5,57.6,8,5,4,2,Onsite,3,Above Average,Expert (20+),Established (4-5),52.91210113496996,Moderate
45,No,Travel_Rarely,930,Sales,9,3,Marketing,864,4,Male,74,3,3,Sales Executive,1,Divorced,10761,19239,4,Yes,12,3,3,1,18,2,3,5,4,0,2,4,50.8,9,4,3,4,Onsite,4,Above Average,Senior (11-20),Established (4-5),53.61166146185726,Moderate
32,No,Travel_Rarely,638,Research & Development,8,2,Medical,865,3,Female,91,4,2,Research Scientist,3,Married,5175,22162,5,No,12,3,3,1,9,3,2,5,3,1,3,2,44.6,7,4,3,4,Remote,3,Below Average,Mid (6-10),Established (4-5),71.01964213070877,Healthy
52,No,Travel_Frequently,890,Research & Development,25,4,Medical,867,3,Female,81,2,4,Manufacturing Director,4,Married,13826,19028,3,No,22,4,3,0,31,3,3,9,8,0,0,3,39.8,25,5,4,4,Remote,5,Above Average,Expert (20+),Veteran (6-10),71.85823217180887,Healthy
37,No,Travel_Rarely,342,Sales,16,4,Marketing,868,4,Male,66,2,2,Sales Executive,3,Divorced,6334,24558,4,No,19,3,4,2,9,2,3,1,0,0,0,3,35.0,10,4,4,4,Hybrid,3,Average,Mid (6-10),New (0-1),64.02960080163115,Moderate
28,No,Travel_Rarely,1169,Human Resources,8,2,Medical,869,2,Male,63,2,1,Human Resources,4,Divorced,4936,23965,1,No,13,3,4,1,6,6,3,5,1,0,4,4,42.9,8,4,5,3,Hybrid,3,Below Average,Mid (6-10),Established (4-5),61.71659348051772,Moderate
22,No,Travel_Rarely,1230,Research & Development,1,2,Life Sciences,872,4,Male,33,2,2,Manufacturing Director,4,Married,4775,19146,6,No,22,4,1,2,4,2,1,2,2,2,2,2,44.2,7,4,4,3,Hybrid,3,Below Average,Early (3-5),Settling (2-3),62.02998166742047,Moderate
44,No,Travel_Rarely,986,Research & Development,8,4,Life Sciences,874,1,Male,62,4,1,Laboratory Technician,4,Married,2818,5044,2,Yes,24,4,3,1,10,2,2,3,2,0,2,5,47.8,6,4,4,2,Onsite,5,Low,Mid (6-10),Settling (2-3),55.08940985618419,Moderate
42,No,Travel_Frequently,1271,Research & Development,2,1,Medical,875,2,Male,35,3,1,Research Scientist,4,Single,2515,9068,5,Yes,14,3,4,0,8,2,3,2,1,2,2,4,45.3,3,4,3,2,Remote,4,Low,Mid (6-10),Settling (2-3),53.32283299407964,Moderate
36,No,Travel_Rarely,1278,Human Resources,8,3,Life Sciences,878,1,Male,77,2,1,Human Resources,1,Married,2342,8635,0,No,21,4,3,0,6,3,3,5,4,0,3,3,44.1,9,3,3,4,Onsite,4,Low,Mid (6-10),Established (4-5),49.040911234147394,At Risk
25,No,Travel_Rarely,141,Sales,3,1,Other,879,3,Male,98,3,2,Sales Executive,1,Married,4194,14363,1,Yes,18,3,4,0,5,3,3,5,3,0,3,3,46.8,16,4,4,3,Hybrid,3,Below Average,Early (3-5),Established (4-5),56.130645111034625,Moderate
35,No,Travel_Rarely,607,Research & Development,9,3,Life Sciences,880,4,Female,66,2,3,Manufacturing Director,3,Married,10685,23457,1,Yes,20,4,2,1,17,2,3,17,14,5,15,3,60.2,15,5,5,3,Onsite,4,Above Average,Senior (11-20),Lifer (10+),66.7767284863019,Moderate
35,Yes,Travel_Frequently,130,Research & Development,25,4,Life Sciences,881,4,Female,96,3,1,Research Scientist,2,Divorced,2022,16612,1,Yes,19,3,1,1,10,3,2,10,2,7,8,5,44.0,7,3,2,3,Onsite,4,Low,Mid (6-10),Veteran (6-10),37.38328988229831,At Risk
32,No,Non-Travel,300,Research & Development,1,3,Life Sciences,882,4,Male,61,3,1,Laboratory Technician,4,Divorced,2314,9148,0,No,12,3,2,1,4,2,3,3,0,0,2,3,42.2,8,3,3,3,Hybrid,3,Low,Early (3-5),Settling (2-3),58.423595042013986,Moderate
25,No,Travel_Rarely,583,Sales,4,1,Marketing,885,3,Male,87,2,2,Sales Executive,1,Married,4256,18154,1,No,12,3,1,0,5,1,4,5,2,0,3,2,39.0,9,2,3,4,Onsite,2,Below Average,Early (3-5),Established (4-5),50.94836739138763,Moderate
49,No,Travel_Rarely,1418,Research & Development,1,3,Technical Degree,887,3,Female,36,3,1,Research Scientist,1,Married,3580,10554,2,No,16,3,2,1,7,2,3,4,2,0,2,2,42.0,8,4,3,4,Onsite,4,Below Average,Mid (6-10),Established (4-5),61.89998033184067,Moderate
24,No,Non-Travel,1269,Research & Development,4,1,Life Sciences,888,1,Male,46,2,1,Laboratory Technician,4,Married,3162,10778,0,No,17,3,4,0,6,2,2,5,2,3,4,3,38.2,8,4,3,3,Onsite,2,Below Average,Mid (6-10),Established (4-5),56.31769212754899,Moderate
32,No,Travel_Frequently,379,Sales,5,2,Life Sciences,889,2,Male,48,3,2,Sales Executive,2,Married,6524,8891,1,No,14,3,4,1,10,3,3,10,8,5,3,4,40.4,14,3,3,1,Remote,3,Average,Mid (6-10),Veteran (6-10),36.708967640781545,At Risk
38,No,Travel_Rarely,395,Sales,9,3,Marketing,893,2,Male,98,2,1,Sales Representative,2,Married,2899,12102,0,No,19,3,4,1,3,3,3,2,2,1,2,3,39.8,6,5,2,3,Hybrid,3,Low,Early (3-5),Settling (2-3),52.20920969376907,Moderate
42,No,Travel_Rarely,1265,Research & Development,3,3,Life Sciences,894,3,Female,95,4,2,Laboratory Technician,4,Married,5231,23726,2,Yes,13,3,2,1,17,1,2,5,3,1,3,3,48.1,12,4,4,3,Hybrid,5,Below Average,Senior (11-20),Established (4-5),68.70663480959534,Moderate
31,No,Travel_Rarely,1222,Research & Development,11,4,Life Sciences,895,4,Male,48,3,1,Research Scientist,4,Married,2356,14871,3,Yes,19,3,2,1,8,2,3,6,4,0,2,4,49.8,8,3,4,3,Onsite,3,Low,Mid (6-10),Veteran (6-10),57.98316590463568,Moderate
29,Yes,Travel_Rarely,341,Sales,1,3,Medical,896,2,Female,48,2,1,Sales Representative,3,Divorced,2800,23522,6,Yes,19,3,3,3,5,3,3,3,2,0,2,4,49.2,4,4,2,2,Hybrid,4,Low,Early (3-5),Settling (2-3),41.82016860455713,At Risk
53,No,Travel_Rarely,868,Sales,8,3,Marketing,897,1,Male,73,3,4,Sales Executive,4,Married,11836,22789,5,No,14,3,3,1,28,3,3,2,0,2,2,1,43.2,19,5,2,3,Hybrid,3,Above Average,Expert (20+),Settling (2-3),71.7527905553542,Healthy
35,No,Travel_Rarely,672,Research & Development,25,3,Technical Degree,899,4,Male,78,2,3,Manufacturing Director,2,Married,10903,9129,3,No,16,3,1,0,16,2,3,13,10,4,8,3,38.6,10,4,2,4,Onsite,4,Above Average,Senior (11-20),Lifer (10+),53.16581230671172,Moderate
37,No,Travel_Frequently,1231,Sales,21,2,Medical,900,3,Female,54,3,1,Sales Representative,4,Married,2973,21222,5,No,15,3,2,1,10,3,3,5,4,0,0,3,35.0,8,4,4,3,Remote,5,Low,Mid (6-10),Established (4-5),66.49962881011248,Moderate
53,No,Travel_Rarely,102,Research & Development,23,4,Life Sciences,901,4,Female,72,3,4,Research Director,4,Single,14275,20206,6,No,18,3,3,0,33,0,3,12,9,3,8,4,43.3,10,3,5,5,Remote,3,Above Average,Expert (20+),Lifer (10+),72.34470836910458,Healthy
43,No,Travel_Frequently,422,Research & Development,1,3,Life Sciences,902,4,Female,33,3,2,Healthcare Representative,4,Married,5562,21782,4,No,13,3,2,1,12,2,2,5,2,2,2,5,51.6,7,2,4,3,Onsite,3,Below Average,Senior (11-20),Established (4-5),47.33110280642525,At Risk
47,No,Travel_Rarely,249,Sales,2,2,Marketing,903,3,Female,35,3,2,Sales Executive,4,Married,4537,17783,0,Yes,22,4,1,1,8,2,3,7,6,7,7,5,53.1,10,3,1,4,Hybrid,5,Below Average,Mid (6-10),Veteran (6-10),48.05672166023152,At Risk
37,No,Non-Travel,1252,Sales,19,2,Medical,904,1,Male,32,3,3,Sales Executive,2,Single,7642,4814,1,Yes,13,3,4,0,10,2,3,10,0,0,9,4,48.0,14,5,3,5,Hybrid,3,Average,Mid (6-10),Veteran (6-10),66.76919891546274,Moderate
50,No,Non-Travel,881,Research & Development,2,4,Life Sciences,905,1,Male,98,3,4,Manager,1,Divorced,17924,4544,1,No,11,3,4,1,31,3,3,31,6,14,7,3,43.0,20,3,1,4,Hybrid,3,High,Expert (20+),Lifer (10+),45.97605683113706,At Risk
39,No,Travel_Rarely,1383,Human Resources,2,3,Life Sciences,909,4,Female,42,2,2,Human Resources,4,Married,5204,7790,8,No,11,3,3,2,13,2,3,5,4,0,4,5,41.2,15,4,4,5,Onsite,3,Below Average,Senior (11-20),Established (4-5),64.52651591476811,Moderate
33,No,Travel_Rarely,1075,Human Resources,3,2,Human Resources,910,4,Male,57,3,1,Human Resources,2,Divorced,2277,22650,3,Yes,11,3,3,1,7,4,4,4,3,0,3,4,50.8,6,2,3,5,Onsite,3,Low,Mid (6-10),Established (4-5),55.787888696741064,Moderate
32,Yes,Travel_Rarely,374,Research & Development,25,4,Life Sciences,911,1,Male,87,3,1,Laboratory Technician,4,Single,2795,18016,1,Yes,24,4,3,0,1,2,1,1,0,0,1,4,45.3,15,4,3,3,Remote,3,Low,Entry (0-2),New (0-1),54.38053869204013,Moderate
29,No,Travel_Rarely,1086,Research & Development,7,1,Medical,912,1,Female,62,2,1,Laboratory Technician,4,Divorced,2532,6054,6,No,14,3,3,3,8,5,3,4,3,0,3,3,44.1,8,3,3,4,Hybrid,4,Low,Mid (6-10),Established (4-5),59.409894933225274,Moderate
44,No,Travel_Rarely,661,Research & Development,9,2,Life Sciences,913,2,Male,61,3,1,Research Scientist,1,Married,2559,7508,1,Yes,13,3,4,0,8,0,3,8,7,7,1,4,48.9,7,3,1,2,Onsite,2,Low,Mid (6-10),Veteran (6-10),31.17408522928986,At Risk
28,No,Travel_Rarely,821,Sales,5,4,Medical,916,1,Male,98,3,2,Sales Executive,4,Single,4908,24252,1,No,14,3,2,0,4,3,3,4,2,0,2,3,44.0,4,3,4,3,Onsite,3,Below Average,Early (3-5),Established (4-5),62.12732533962739,Moderate
58,Yes,Travel_Frequently,781,Research & Development,2,1,Life Sciences,918,4,Male,57,2,1,Laboratory Technician,4,Divorced,2380,13384,9,Yes,14,3,4,1,3,3,2,1,0,0,0,4,47.8,9,3,4,3,Onsite,4,Low,Early (3-5),New (0-1),51.50495951968559,Moderate
43,No,Travel_Rarely,177,Research & Development,8,3,Life Sciences,920,1,Female,55,3,2,Manufacturing Director,2,Divorced,4765,23814,4,No,21,4,3,1,4,2,4,1,0,0,0,3,40.4,7,3,5,4,Hybrid,4,Below Average,Early (3-5),New (0-1),66.38290611401693,Moderate
20,Yes,Travel_Rarely,500,Sales,2,3,Medical,922,3,Female,49,2,1,Sales Representative,3,Single,2044,22052,1,No,13,3,4,0,2,3,2,2,2,0,2,3,43.1,8,2,4,4,Onsite,3,Low,Entry (0-2),Settling (2-3),53.14939366792731,Moderate
21,Yes,Travel_Rarely,1427,Research & Development,18,1,Other,923,4,Female,65,3,1,Research Scientist,4,Single,2693,8870,1,No,19,3,1,0,1,3,2,1,0,0,0,3,42.8,8,3,3,3,Onsite,4,Low,Entry (0-2),New (0-1),56.287994849280366,Moderate
36,No,Travel_Rarely,1425,Research & Development,14,1,Life Sciences,924,3,Male,68,3,2,Healthcare Representative,4,Married,6586,4821,0,Yes,17,3,1,1,17,2,2,16,8,4,11,3,54.3,12,4,4,4,Hybrid,3,Average,Senior (11-20),Lifer (10+),69.69293470080662,Moderate
47,No,Travel_Rarely,1454,Sales,2,4,Life Sciences,925,4,Female,65,2,1,Sales Representative,4,Single,3294,13137,1,Yes,18,3,1,0,3,3,2,3,2,1,2,4,48.7,14,3,4,4,Hybrid,2,Below Average,Early (3-5),Settling (2-3),56.833865603113345,Moderate
22,Yes,Travel_Rarely,617,Research & Development,3,1,Life Sciences,926,2,Female,34,3,2,Manufacturing Director,3,Married,4171,10022,0,Yes,19,3,1,1,4,3,4,3,2,0,2,4,55.3,8,3,4,3,Onsite,4,Below Average,Early (3-5),Settling (2-3),56.66243819767669,Moderate
41,Yes,Travel_Rarely,1085,Research & Development,2,4,Life Sciences,927,2,Female,57,1,1,Laboratory Technician,4,Divorced,2778,17725,4,Yes,13,3,3,1,10,1,2,7,7,1,0,5,52.1,6,4,2,2,Hybrid,2,Low,Mid (6-10),Veteran (6-10),34.65413068430795,At Risk
28,No,Travel_Rarely,995,Research & Development,9,3,Medical,930,3,Female,77,3,1,Research Scientist,3,Divorced,2377,9834,5,No,18,3,2,1,6,2,3,2,2,2,2,1,35.0,7,3,3,4,Onsite,2,Low,Mid (6-10),Settling (2-3),68.58449209573253,Moderate
39,Yes,Travel_Rarely,1122,Research & Development,6,3,Medical,932,4,Male,70,3,1,Laboratory Technician,1,Married,2404,4303,7,Yes,21,4,4,0,8,2,1,2,2,2,2,5,40.8,5,3,3,3,Onsite,4,Low,Mid (6-10),Settling (2-3),35.49509208748546,At Risk
27,No,Travel_Rarely,618,Research & Development,4,3,Life Sciences,933,2,Female,76,3,1,Research Scientist,3,Single,2318,17808,1,No,19,3,3,0,1,2,3,1,1,0,0,4,40.3,7,3,5,3,Onsite,4,Low,Entry (0-2),New (0-1),58.23056830255646,Moderate
34,No,Travel_Rarely,546,Research & Development,10,3,Life Sciences,934,2,Male,83,3,1,Laboratory Technician,2,Divorced,2008,6896,1,No,14,3,2,2,1,3,3,1,0,1,0,1,39.8,8,5,4,2,Onsite,3,Low,Entry (0-2),New (0-1),66.918689267768,Moderate
42,No,Travel_Rarely,462,Sales,14,2,Medical,936,3,Female,68,2,2,Sales Executive,3,Single,6244,7824,7,No,17,3,1,0,10,6,3,5,4,0,3,3,41.8,15,3,4,3,Hybrid,3,Average,Mid (6-10),Established (4-5),54.32839124771829,Moderate
33,No,Travel_Rarely,1198,Research & Development,1,4,Other,939,3,Male,100,2,1,Research Scientist,1,Single,2799,3339,3,Yes,11,3,2,0,6,1,3,3,2,0,2,4,46.0,10,4,3,4,Hybrid,3,Low,Mid (6-10),Settling (2-3),49.26905526964079,At Risk
58,No,Travel_Rarely,1272,Research & Development,5,3,Technical Degree,940,3,Female,37,2,3,Healthcare Representative,2,Divorced,10552,9255,2,Yes,13,3,4,1,24,3,3,6,0,0,4,3,56.2,11,3,3,3,Onsite,4,Above Average,Expert (20+),Veteran (6-10),47.168333050412265,At Risk
31,No,Travel_Rarely,154,Sales,7,4,Life Sciences,941,2,Male,41,2,1,Sales Representative,3,Married,2329,11737,3,No,15,3,2,0,13,2,4,7,7,5,2,2,44.8,5,2,5,2,Hybrid,3,Low,Senior (11-20),Veteran (6-10),54.61067161914418,Moderate
35,No,Travel_Rarely,1137,Research & Development,21,1,Life Sciences,942,4,Female,51,3,2,Healthcare Representative,4,Married,4014,19170,1,Yes,25,4,4,1,10,2,1,10,6,0,7,3,44.3,8,3,4,4,Remote,4,Below Average,Mid (6-10),Veteran (6-10),63.18503103758789,Moderate
49,No,Travel_Rarely,527,Research & Development,8,2,Other,944,1,Female,51,3,3,Laboratory Technician,2,Married,7403,22477,4,No,11,3,3,1,29,3,2,26,9,1,7,5,40.1,13,5,4,3,Onsite,3,Average,Expert (20+),Lifer (10+),53.53535741849531,Moderate
48,No,Travel_Rarely,1469,Research & Development,20,4,Medical,945,4,Male,51,3,1,Research Scientist,3,Married,2259,5543,4,No,17,3,1,2,13,2,2,0,0,0,0,4,40.0,6,3,3,3,Remote,4,Low,Senior (11-20),New (0-1),48.68750751459603,At Risk
31,No,Non-Travel,1188,Sales,20,2,Marketing,947,4,Female,45,3,2,Sales Executive,3,Married,6932,24406,1,No,13,3,4,1,9,2,2,9,8,0,0,4,35.3,17,3,4,4,Hybrid,3,Average,Mid (6-10),Veteran (6-10),57.720143895637186,Moderate
36,No,Travel_Rarely,188,Research & Development,7,4,Other,949,2,Male,65,3,1,Research Scientist,4,Single,4678,23293,2,No,18,3,3,0,8,6,3,6,2,0,1,4,38.9,6,4,5,2,Hybrid,3,Below Average,Mid (6-10),Veteran (6-10),60.73029358930644,Moderate
38,No,Travel_Rarely,1333,Research & Development,1,3,Technical Degree,950,4,Female,80,3,3,Research Director,1,Married,13582,16292,1,No,13,3,2,1,15,3,3,15,12,5,11,2,49.2,19,4,2,3,Hybrid,3,Above Average,Senior (11-20),Lifer (10+),52.86734395079953,Moderate
32,No,Non-Travel,1184,Research & Development,1,3,Life Sciences,951,3,Female,70,2,1,Laboratory Technician,2,Married,2332,3974,6,No,20,4,3,0,5,3,3,3,0,0,2,3,39.7,8,4,3,5,Onsite,4,Low,Early (3-5),Settling (2-3),62.19844868775287,Moderate
25,Yes,Travel_Rarely,867,Sales,19,2,Marketing,952,3,Male,36,2,1,Sales Representative,2,Married,2413,18798,1,Yes,18,3,3,3,1,2,3,1,0,0,0,4,49.1,3,4,5,3,Hybrid,4,Low,Entry (0-2),New (0-1),54.803937681132474,Moderate
40,No,Travel_Rarely,658,Sales,10,4,Marketing,954,1,Male,67,2,3,Sales Executive,2,Divorced,9705,20652,2,No,12,3,2,1,11,2,2,1,0,0,0,2,38.4,11,4,4,2,Onsite,3,Average,Senior (11-20),New (0-1),51.9240199773411,Moderate
26,No,Travel_Frequently,1283,Sales,1,3,Medical,956,3,Male,52,2,2,Sales Executive,1,Single,4294,11148,1,No,12,3,2,0,7,2,3,7,7,0,7,4,38.6,12,3,4,4,Hybrid,4,Below Average,Mid (6-10),Veteran (6-10),48.60048209676909,At Risk
41,No,Travel_Rarely,263,Research & Development,6,3,Medical,957,4,Male,59,3,1,Laboratory Technician,1,Single,4721,3119,2,Yes,13,3,3,0,20,3,3,18,13,2,17,4,52.6,10,4,4,5,Onsite,3,Below Average,Senior (11-20),Lifer (10+),62.64429784289841,Moderate
36,No,Travel_Rarely,938,Research & Development,2,4,Medical,958,3,Male,79,3,1,Laboratory Technician,3,Single,2519,12287,4,No,21,4,3,0,16,6,3,11,8,3,9,3,38.3,7,3,4,5,Onsite,4,Low,Senior (11-20),Lifer (10+),69.32880960679026,Moderate
19,Yes,Travel_Rarely,419,Sales,21,3,Other,959,4,Male,37,2,1,Sales Representative,2,Single,2121,9947,1,Yes,13,3,2,0,1,3,4,1,0,0,0,5,52.7,12,3,5,3,Hybrid,4,Low,Entry (0-2),New (0-1),48.42307496838929,At Risk
20,Yes,Travel_Rarely,129,Research & Development,4,3,Technical Degree,960,1,Male,84,3,1,Laboratory Technician,1,Single,2973,13008,1,No,19,3,2,0,1,2,3,1,0,0,0,4,41.8,7,2,3,3,Onsite,4,Low,Entry (0-2),New (0-1),39.53814843745932,At Risk
31,No,Travel_Rarely,616,Research & Development,12,3,Medical,961,4,Female,41,3,2,Healthcare Representative,4,Married,5855,17369,0,Yes,11,3,3,2,10,2,1,9,7,8,5,4,44.0,10,2,3,2,Hybrid,2,Below Average,Mid (6-10),Veteran (6-10),40.30702566764218,At Risk
40,No,Travel_Frequently,1469,Research & Development,9,4,Medical,964,4,Male,35,3,1,Research Scientist,2,Divorced,3617,25063,8,Yes,14,3,4,1,3,2,3,1,1,0,0,5,45.6,12,4,2,3,Onsite,3,Below Average,Early (3-5),New (0-1),43.89119354551703,At Risk
32,No,Travel_Rarely,498,Research & Development,3,4,Medical,966,3,Female,93,3,2,Manufacturing Director,1,Married,6725,13554,1,No,12,3,3,1,8,2,4,8,7,6,3,2,42.3,10,4,2,4,Hybrid,4,Average,Mid (6-10),Veteran (6-10),60.3318502269609,Moderate
36,Yes,Travel_Rarely,530,Sales,3,1,Life Sciences,967,3,Male,51,2,3,Sales Executive,4,Married,10325,5518,1,Yes,11,3,1,1,16,6,3,16,7,3,7,5,58.6,13,4,2,4,Hybrid,3,Above Average,Senior (11-20),Lifer (10+),51.79014923611356,Moderate
33,No,Travel_Rarely,1069,Research & Development,1,3,Life Sciences,969,2,Female,42,2,2,Healthcare Representative,4,Single,6949,12291,0,No,14,3,1,0,6,3,3,5,0,1,4,4,47.4,9,4,5,3,Remote,2,Average,Mid (6-10),Established (4-5),61.71659348051772,Moderate
37,Yes,Travel_Rarely,625,Sales,1,4,Life Sciences,970,1,Male,46,2,3,Sales Executive,3,Married,10609,14922,5,No,11,3,3,0,17,2,1,14,1,11,7,3,40.1,19,3,1,3,Hybrid,2,Above Average,Senior (11-20),Lifer (10+),38.94599996941083,At Risk
45,No,Non-Travel,805,Research & Development,4,2,Life Sciences,972,3,Male,57,3,2,Laboratory Technician,2,Married,4447,23163,1,No,12,3,2,0,9,5,2,9,7,0,8,3,38.7,13,3,4,3,Onsite,4,Below Average,Mid (6-10),Veteran (6-10),53.07906934750852,Moderate
29,No,Travel_Frequently,1404,Sales,20,3,Technical Degree,974,3,Female,84,3,1,Sales Representative,4,Married,2157,18203,1,No,15,3,2,1,3,5,3,3,1,0,2,2,35.0,7,4,2,3,Onsite,4,Low,Early (3-5),Settling (2-3),63.23632764987739,Moderate
35,No,Travel_Rarely,1219,Sales,18,3,Medical,975,3,Female,86,3,2,Sales Executive,3,Married,4601,6179,1,No,16,3,2,0,5,3,3,5,2,1,0,4,40.2,15,3,3,4,Onsite,3,Below Average,Early (3-5),Established (4-5),56.15201379075741,Moderate
52,No,Travel_Rarely,1053,Research & Development,1,2,Life Sciences,976,4,Male,70,3,4,Manager,4,Married,17099,13829,2,No,15,3,2,1,26,2,2,9,8,7,8,3,46.8,22,3,2,5,Onsite,5,High,Expert (20+),Veteran (6-10),63.242076718522455,Moderate
58,Yes,Travel_Rarely,289,Research & Development,2,3,Technical Degree,977,4,Male,51,3,1,Research Scientist,3,Single,2479,26227,4,No,24,4,1,0,7,4,3,1,0,0,0,3,43.5,7,3,5,2,Hybrid,5,Low,Mid (6-10),New (0-1),57.045821654120424,Moderate
53,No,Travel_Rarely,1376,Sales,2,2,Medical,981,3,Male,45,3,4,Manager,3,Divorced,14852,13938,6,No,13,3,3,1,22,3,4,17,13,15,2,4,43.0,22,4,2,3,Onsite,3,Above Average,Expert (20+),Lifer (10+),53.62728107293498,Moderate
30,No,Travel_Rarely,231,Sales,8,2,Other,982,3,Male,62,3,3,Sales Executive,3,Divorced,7264,9977,5,No,11,3,1,1,10,2,4,8,4,7,7,3,40.5,13,3,2,4,Hybrid,3,Average,Mid (6-10),Veteran (6-10),58.72804312086933,Moderate
38,No,Non-Travel,152,Sales,10,3,Technical Degree,983,3,Female,85,3,2,Sales Executive,4,Single,5666,19899,1,Yes,13,3,2,0,6,1,3,5,3,1,3,3,54.0,15,2,4,4,Onsite,3,Below Average,Mid (6-10),Established (4-5),63.08392795257004,Moderate
35,No,Travel_Rarely,882,Sales,3,4,Life Sciences,984,4,Male,92,3,3,Sales Executive,4,Divorced,7823,6812,6,No,13,3,2,1,12,2,3,10,9,0,8,2,39.3,13,3,4,4,Remote,4,Average,Senior (11-20),Veteran (6-10),71.60039085804684,Healthy
39,No,Travel_Rarely,903,Sales,2,5,Life Sciences,985,1,Male,41,4,3,Sales Executive,3,Single,7880,2560,0,No,18,3,4,0,9,3,3,8,7,0,7,4,51.0,16,4,4,4,Hybrid,3,Average,Mid (6-10),Veteran (6-10),68.5706537510724,Moderate
40,Yes,Non-Travel,1479,Sales,24,3,Life Sciences,986,2,Female,100,4,4,Sales Executive,2,Single,13194,17071,4,Yes,16,3,4,0,22,2,2,1,0,0,0,4,45.8,16,4,2,3,Onsite,5,Above Average,Expert (20+),New (0-1),50.242358979991586,Moderate
47,No,Travel_Frequently,1379,Research & Development,16,4,Medical,987,3,Male,64,4,2,Manufacturing Director,3,Divorced,5067,6759,1,Yes,19,3,3,0,20,3,4,19,10,2,7,5,47.0,19,3,3,4,Onsite,4,Below Average,Senior (11-20),Lifer (10+),58.48606074071581,Moderate
36,No,Non-Travel,1229,Sales,8,4,Technical Degree,990,1,Male,84,3,2,Sales Executive,4,Divorced,5079,25952,4,No,13,3,4,2,12,3,3,7,7,0,7,1,49.2,11,2,3,2,Onsite,4,Below Average,Senior (11-20),Veteran (6-10),57.01070435808454,Moderate
31,Yes,Non-Travel,335,Research & Development,9,2,Medical,991,3,Male,46,2,1,Research Scientist,1,Single,2321,10322,0,Yes,22,4,1,0,4,0,3,3,2,1,2,5,52.6,7,3,3,4,Onsite,2,Low,Early (3-5),Settling (2-3),40.75259236416398,At Risk
33,No,Non-Travel,722,Sales,17,3,Life Sciences,992,4,Male,38,3,4,Manager,3,Single,17444,20489,1,No,11,3,4,0,10,2,3,10,8,6,0,4,43.3,19,2,3,1,Remote,3,High,Mid (6-10),Veteran (6-10),35.79299206998906,At Risk
29,Yes,Travel_Rarely,906,Research & Development,10,3,Life Sciences,994,4,Female,92,2,1,Research Scientist,1,Single,2404,11479,6,Yes,20,4,3,0,3,5,3,0,0,0,0,4,48.6,11,3,5,4,Onsite,5,Low,Early (3-5),New (0-1),52.304212394382496,Moderate
33,No,Travel_Rarely,461,Research & Development,13,1,Life Sciences,995,2,Female,53,3,1,Research Scientist,4,Single,3452,17241,3,No,18,3,1,0,5,4,3,3,2,0,2,3,38.9,7,5,4,4,Onsite,3,Below Average,Early (3-5),Settling (2-3),76.20083836402533,Healthy
45,No,Travel_Rarely,974,Research & Development,1,4,Medical,996,4,Female,91,3,1,Laboratory Technician,4,Divorced,2270,11005,3,No,14,3,4,2,8,2,3,5,3,0,2,3,45.1,6,3,1,3,Remote,4,Low,Mid (6-10),Established (4-5),51.01613444678718,Moderate
50,No,Travel_Rarely,1126,Research & Development,1,2,Medical,997,4,Male,66,3,4,Research Director,4,Divorced,17399,6615,9,No,22,4,3,1,32,1,2,5,4,1,3,3,36.1,22,5,4,5,Remote,4,High,Expert (20+),Established (4-5),79.39414425471945,Healthy
33,No,Travel_Frequently,827,Research & Development,1,4,Other,998,3,Female,84,4,2,Healthcare Representative,2,Married,5488,20161,1,Yes,13,3,1,1,6,2,3,6,5,1,2,5,55.0,12,4,2,3,Remote,3,Below Average,Mid (6-10),Veteran (6-10),48.233799737733506,At Risk
41,No,Travel_Frequently,840,Research & Development,9,3,Medical,999,1,Male,64,3,5,Research Director,3,Divorced,19419,3735,2,No,17,3,2,1,21,2,4,18,16,0,11,4,39.1,20,4,3,3,Onsite,3,High,Expert (20+),Lifer (10+),57.33101137054838,Moderate
27,No,Travel_Rarely,1134,Research & Development,16,4,Technical Degree,1001,3,Female,37,3,1,Laboratory Technician,2,Married,2811,12086,9,No,14,3,2,1,4,2,3,2,2,2,2,3,38.5,6,3,3,4,Remote,3,Low,Early (3-5),Settling (2-3),56.83984532605649,Moderate
45,No,Non-Travel,248,Research & Development,23,2,Life Sciences,1002,4,Male,42,3,2,Laboratory Technician,1,Married,3633,14039,1,Yes,15,3,3,1,9,2,3,9,8,0,8,4,54.3,7,4,3,5,Hybrid,3,Below Average,Mid (6-10),Veteran (6-10),58.94056754528501,Moderate
47,No,Travel_Rarely,955,Sales,4,2,Life Sciences,1003,4,Female,83,3,2,Sales Executive,4,Single,4163,8571,1,Yes,17,3,3,0,9,0,3,9,0,0,7,4,50.9,11,4,2,5,Hybrid,4,Below Average,Mid (6-10),Veteran (6-10),65.60582094674947,Moderate
30,Yes,Travel_Rarely,138,Research & Development,22,3,Life Sciences,1004,1,Female,48,3,1,Research Scientist,3,Married,2132,11539,4,Yes,11,3,2,0,7,2,3,5,2,0,1,4,47.0,4,2,3,3,Hybrid,3,Low,Mid (6-10),Established (4-5),46.450804236844554,At Risk
50,No,Travel_Rarely,939,Research & Development,24,3,Life Sciences,1005,4,Male,95,3,4,Manufacturing Director,3,Married,13973,4161,3,Yes,18,3,4,1,22,2,3,12,11,1,5,3,59.3,18,4,3,3,Onsite,3,Above Average,Expert (20+),Lifer (10+),59.339570612806455,Moderate
38,No,Travel_Frequently,1391,Research & Development,10,1,Medical,1006,3,Male,66,3,1,Research Scientist,3,Married,2684,12127,0,No,17,3,2,1,3,0,2,2,1,0,2,2,48.5,5,4,4,4,Onsite,3,Low,Early (3-5),Settling (2-3),70.3807662361057,Healthy
46,No,Travel_Rarely,566,Research & Development,7,2,Medical,1007,4,Male,75,3,3,Manufacturing Director,3,Divorced,10845,24208,6,No,13,3,2,1,13,3,3,8,7,0,7,4,37.1,15,3,5,4,Onsite,4,Above Average,Senior (11-20),Veteran (6-10),63.55947438598422,Moderate
24,No,Travel_Rarely,1206,Research & Development,17,1,Medical,1009,4,Female,41,2,2,Manufacturing Director,3,Divorced,4377,24117,1,No,15,3,2,2,5,6,3,4,2,3,2,3,41.9,15,2,3,4,Hybrid,2,Below Average,Early (3-5),Established (4-5),51.58126356304754,Moderate
35,Yes,Travel_Rarely,622,Research & Development,14,4,Other,1010,3,Male,39,2,1,Laboratory Technician,2,Divorced,3743,10074,1,Yes,24,4,4,1,5,2,1,4,2,0,2,4,53.3,8,4,3,3,Hybrid,3,Below Average,Early (3-5),Established (4-5),43.12527670043841,At Risk
31,No,Travel_Frequently,853,Research & Development,1,1,Life Sciences,1011,3,Female,96,3,2,Manufacturing Director,1,Married,4148,11275,1,No,12,3,3,1,4,1,3,4,3,0,3,3,42.8,13,2,1,3,Onsite,4,Below Average,Early (3-5),Established (4-5),36.27484727722421,At Risk
18,No,Non-Travel,287,Research & Development,5,2,Life Sciences,1012,2,Male,73,3,1,Research Scientist,4,Single,1051,13493,1,No,15,3,4,0,0,2,3,0,0,0,0,3,39.7,13,1,3,3,Hybrid,2,Low,Entry (0-2),New (0-1),49.678988101043785,At Risk
54,No,Travel_Rarely,1441,Research & Development,17,3,Technical Degree,1013,3,Female,56,3,3,Manufacturing Director,3,Married,10739,13943,8,No,11,3,3,1,22,2,3,10,7,0,8,3,40.0,12,4,4,3,Remote,4,Above Average,Expert (20+),Veteran (6-10),63.043300910419866,Moderate
35,No,Travel_Rarely,583,Research & Development,25,4,Medical,1014,3,Female,57,3,3,Healthcare Representative,3,Divorced,10388,6975,1,Yes,11,3,3,1,16,3,2,16,10,10,1,3,57.7,10,4,3,3,Onsite,3,Above Average,Senior (11-20),Lifer (10+),57.203970420072835,Moderate
30,No,Travel_Rarely,153,Research & Development,8,2,Life Sciences,1015,2,Female,73,4,3,Research Director,1,Married,11416,17802,0,Yes,12,3,3,3,9,4,2,8,7,1,7,4,59.8,15,2,4,3,Hybrid,3,Above Average,Mid (6-10),Veteran (6-10),45.44888473455557,At Risk
20,Yes,Travel_Rarely,1097,Research & Development,11,3,Medical,1016,4,Female,98,2,1,Research Scientist,1,Single,2600,18275,1,Yes,15,3,1,0,1,2,3,1,0,0,0,3,49.6,7,4,4,3,Onsite,3,Low,Entry (0-2),New (0-1),51.78803891881816,Moderate
30,Yes,Travel_Frequently,109,Research & Development,5,3,Medical,1017,2,Female,60,3,1,Laboratory Technician,2,Single,2422,25725,0,No,17,3,1,0,4,3,3,3,2,1,2,4,42.5,5,2,5,3,Hybrid,4,Low,Early (3-5),Settling (2-3),50.401936932378746,Moderate
26,No,Travel_Rarely,1066,Research & Development,2,2,Medical,1018,4,Male,32,4,2,Manufacturing Director,4,Married,5472,3334,1,No,12,3,2,0,8,2,3,8,7,1,3,2,35.9,6,4,5,4,Onsite,3,Below Average,Mid (6-10),Veteran (6-10),84.01903081836184,Healthy
22,No,Travel_Rarely,217,Research & Development,8,1,Life Sciences,1019,2,Male,94,1,1,Laboratory Technician,1,Married,2451,6881,1,No,15,3,1,1,4,3,2,4,3,1,1,4,36.6,7,3,3,3,Remote,3,Low,Early (3-5),Established (4-5),33.089639330777835,At Risk
48,No,Travel_Rarely,277,Research & Development,6,3,Life Sciences,1022,1,Male,97,2,2,Healthcare Representative,3,Single,4240,13119,2,No,13,3,4,0,19,0,3,2,2,2,2,4,43.0,8,3,2,3,Hybrid,4,Below Average,Senior (11-20),Settling (2-3),42.77677121749978,At Risk
48,No,Travel_Rarely,1355,Research & Development,4,4,Life Sciences,1024,3,Male,78,2,3,Healthcare Representative,3,Single,10999,22245,7,No,14,3,2,0,27,3,3,15,11,4,8,4,48.5,14,3,3,4,Hybrid,3,Above Average,Expert (20+),Lifer (10+),51.809407598540936,Moderate
41,No,Travel_Rarely,549,Research & Development,7,2,Medical,1025,4,Female,42,3,2,Manufacturing Director,3,Single,5003,23371,6,No,14,3,2,0,8,6,3,2,2,2,1,4,42.5,14,3,3,3,Onsite,3,Below Average,Mid (6-10),Settling (2-3),50.82310770732966,Moderate
39,No,Travel_Rarely,466,Research & Development,1,1,Life Sciences,1026,4,Female,65,2,4,Manufacturing Director,4,Married,12742,7060,1,No,16,3,3,1,21,3,3,21,6,11,8,5,42.8,16,5,3,4,Onsite,2,Above Average,Expert (20+),Lifer (10+),59.86618300421206,Moderate
27,No,Travel_Rarely,1055,Research & Development,2,4,Life Sciences,1027,1,Female,47,3,2,Manufacturing Director,4,Married,4227,4658,0,No,18,3,2,1,4,2,3,3,2,2,2,4,41.1,8,3,3,4,Hybrid,4,Below Average,Early (3-5),Settling (2-3),59.608341690450025,Moderate
35,No,Travel_Rarely,802,Research & Development,10,3,Other,1028,2,Male,45,3,1,Laboratory Technician,4,Divorced,3917,9541,1,No,20,4,1,1,3,4,2,3,2,1,2,2,35.4,8,4,4,4,Onsite,5,Below Average,Early (3-5),Settling (2-3),73.83709413579832,Healthy
42,No,Travel_Rarely,265,Sales,5,2,Marketing,1029,4,Male,90,3,5,Manager,3,Married,18303,7770,6,No,13,3,2,0,21,3,4,1,0,0,0,3,47.2,31,3,4,4,Onsite,2,High,Expert (20+),New (0-1),66.13550371609614,Moderate
50,No,Travel_Rarely,804,Research & Development,9,3,Life Sciences,1030,1,Male,64,3,1,Laboratory Technician,4,Married,2380,20165,4,No,18,3,2,0,8,5,3,1,0,0,0,3,43.1,8,4,4,3,Onsite,4,Low,Mid (6-10),New (0-1),66.49962881011248,Moderate
59,No,Travel_Rarely,715,Research & Development,2,3,Life Sciences,1032,3,Female,69,2,4,Manufacturing Director,4,Single,13726,21829,3,Yes,13,3,1,0,30,4,3,5,3,4,3,4,48.6,12,5,2,4,Onsite,3,Above Average,Expert (20+),Established (4-5),60.30661214159036,Moderate
37,Yes,Travel_Rarely,1141,Research & Development,11,2,Medical,1033,1,Female,61,1,2,Healthcare Representative,2,Married,4777,14382,5,No,15,3,1,0,15,2,1,1,0,0,0,4,40.8,10,4,4,3,Remote,3,Below Average,Senior (11-20),New (0-1),42.486400805835345,At Risk
55,No,Travel_Frequently,135,Research & Development,18,4,Medical,1034,3,Male,62,3,2,Healthcare Representative,2,Married,6385,12992,3,Yes,14,3,4,2,17,3,3,8,7,6,7,3,51.1,7,3,1,2,Onsite,3,Average,Senior (11-20),Veteran (6-10),38.77457256397419,At Risk
41,No,Non-Travel,247,Research & Development,7,1,Life Sciences,1035,2,Female,55,1,5,Research Director,3,Divorced,19973,20284,1,No,22,4,2,2,21,3,3,21,16,5,10,4,43.9,18,4,3,2,Onsite,2,High,Expert (20+),Lifer (10+),41.181292709954064,At Risk
38,No,Travel_Rarely,1035,Sales,3,4,Life Sciences,1036,2,Male,42,3,2,Sales Executive,4,Single,6861,4981,8,Yes,12,3,3,0,19,1,3,1,0,0,0,3,47.4,14,4,3,4,Remote,4,Average,Senior (11-20),New (0-1),68.12480459592683,Moderate
26,Yes,Non-Travel,265,Sales,29,2,Medical,1037,2,Male,79,1,2,Sales Executive,1,Single,4969,21813,8,No,18,3,4,0,7,6,3,2,2,2,2,3,49.5,10,2,3,2,Remote,2,Below Average,Mid (6-10),Settling (2-3),29.66818940459031,Critical
52,Yes,Travel_Rarely,266,Sales,2,1,Marketing,1038,1,Female,57,1,5,Manager,4,Married,19845,25846,1,No,15,3,4,1,33,3,3,32,14,6,9,3,44.6,12,2,3,3,Onsite,2,High,Expert (20+),Lifer (10+),45.366079187095934,At Risk
44,No,Travel_Rarely,1448,Sales,28,3,Medical,1039,4,Female,53,4,4,Sales Executive,4,Married,13320,11737,3,Yes,18,3,3,1,23,2,3,12,11,11,11,4,56.7,13,5,3,4,Onsite,3,Above Average,Expert (20+),Lifer (10+),72.69555482363671,Healthy
50,No,Non-Travel,145,Sales,1,3,Life Sciences,1040,4,Female,95,3,2,Sales Executive,3,Married,6347,24920,0,No,12,3,1,1,19,3,3,18,7,0,13,2,38.5,15,2,4,3,Onsite,4,Average,Senior (11-20),Lifer (10+),58.44285340444137,Moderate
36,Yes,Travel_Rarely,885,Research & Development,16,4,Life Sciences,1042,3,Female,43,4,1,Laboratory Technician,1,Single,2743,8269,1,No,16,3,3,0,18,1,3,17,13,15,14,3,42.6,8,2,1,4,Onsite,4,Low,Senior (11-20),Lifer (10+),45.94635955286844,At Risk
39,No,Travel_Frequently,945,Research & Development,22,3,Medical,1043,4,Female,82,3,3,Manufacturing Director,1,Single,10880,5083,1,Yes,13,3,3,0,21,2,3,21,6,2,8,5,50.4,12,5,3,4,Onsite,3,Above Average,Expert (20+),Lifer (10+),53.83980549735065,Moderate
33,No,Non-Travel,1038,Sales,8,1,Life Sciences,1044,2,Female,88,2,1,Sales Representative,4,Single,2342,21437,0,No,19,3,4,0,3,2,2,2,2,2,2,2,37.8,8,3,3,5,Remote,4,Low,Early (3-5),Settling (2-3),66.7473602589111,Moderate
45,No,Travel_Rarely,1234,Sales,11,2,Life Sciences,1045,4,Female,90,3,4,Manager,4,Married,17650,5404,3,No,13,3,2,1,26,4,4,9,3,1,1,5,48.6,22,3,4,3,Hybrid,3,High,Expert (20+),Veteran (6-10),55.9746066623776,Moderate
32,No,Non-Travel,1109,Research & Development,29,4,Medical,1046,4,Female,69,3,1,Laboratory Technician,3,Single,4025,11135,9,No,12,3,2,0,10,2,3,8,7,7,7,3,45.3,6,4,2,5,Remote,3,Below Average,Mid (6-10),Veteran (6-10),66.29365248204856,Moderate
34,No,Travel_Rarely,216,Sales,1,4,Marketing,1047,2,Male,75,4,2,Sales Executive,4,Divorced,9725,12278,0,No,11,3,4,1,16,2,2,15,1,0,9,3,39.5,13,2,4,4,Remote,3,Average,Senior (11-20),Lifer (10+),65.2909339520529,Moderate
59,No,Travel_Rarely,1089,Sales,1,2,Technical Degree,1048,2,Male,66,3,3,Manager,4,Married,11904,11038,3,Yes,14,3,3,1,14,1,1,6,4,0,4,3,47.7,19,3,3,3,Remote,3,Above Average,Senior (11-20),Veteran (6-10),54.15239465654674,Moderate
45,No,Travel_Rarely,788,Human Resources,24,4,Medical,1049,2,Male,36,3,1,Human Resources,2,Single,2177,8318,1,No,16,3,1,0,6,3,3,6,3,0,4,4,43.6,5,3,3,4,Hybrid,3,Low,Mid (6-10),Veteran (6-10),52.69568589106479,Moderate
53,No,Travel_Frequently,124,Sales,2,3,Marketing,1050,3,Female,38,2,3,Sales Executive,2,Married,7525,23537,2,No,12,3,1,1,30,2,3,15,7,6,12,3,39.9,15,4,3,4,Onsite,3,Average,Expert (20+),Lifer (10+),56.86954260432513,Moderate
36,Yes,Travel_Rarely,660,Research & Development,15,3,Other,1052,1,Male,81,3,2,Laboratory Technician,3,Divorced,4834,7858,7,No,14,3,2,1,9,3,2,1,0,0,0,4,45.1,12,4,3,2,Onsite,4,Below Average,Mid (6-10),New (0-1),47.73090490165338,At Risk
26,Yes,Travel_Frequently,342,Research & Development,2,3,Life Sciences,1053,1,Male,57,3,1,Research Scientist,1,Married,2042,15346,6,Yes,14,3,2,1,6,2,3,3,2,1,2,5,42.3,8,2,3,3,Onsite,2,Low,Mid (6-10),Settling (2-3),35.393989002467606,At Risk
34,No,Travel_Rarely,1333,Sales,10,4,Life Sciences,1055,3,Female,87,3,1,Sales Representative,3,Married,2220,18410,1,Yes,19,3,4,1,1,2,3,1,1,0,0,4,53.9,5,4,4,3,Onsite,4,Low,Entry (0-2),New (0-1),58.899141475428166,Moderate
28,No,Travel_Rarely,1144,Sales,10,1,Medical,1056,4,Male,74,3,1,Sales Representative,2,Married,1052,23384,1,No,22,4,2,0,1,5,3,1,0,0,0,4,35.0,8,3,4,3,Hybrid,4,Low,Entry (0-2),New (0-1),51.07051010525044,Moderate
38,No,Travel_Frequently,1186,Research & Development,3,4,Other,1060,3,Male,44,3,1,Research Scientist,3,Married,2821,2997,3,No,16,3,1,1,8,2,3,2,2,2,2,2,42.5,5,2,4,4,Onsite,4,Low,Mid (6-10),Settling (2-3),63.771759487869126,Moderate
50,No,Travel_Rarely,1464,Research & Development,2,4,Medical,1061,2,Male,62,3,5,Research Director,3,Married,19237,12853,2,Yes,11,3,4,1,29,2,2,8,1,7,7,4,51.7,19,2,3,3,Hybrid,2,High,Expert (20+),Veteran (6-10),44.315204044110935,At Risk
37,No,Travel_Rarely,124,Research & Development,3,3,Other,1062,4,Female,35,3,2,Healthcare Representative,2,Single,4107,13848,3,No,15,3,1,0,8,3,2,4,3,0,1,5,38.1,12,2,5,4,Hybrid,2,Below Average,Mid (6-10),Established (4-5),49.45108338808117,At Risk
40,No,Travel_Rarely,300,Sales,26,3,Marketing,1066,3,Male,74,3,2,Sales Executive,1,Married,8396,22217,1,No,14,3,2,1,8,3,2,7,7,7,5,3,40.3,18,4,3,4,Onsite,3,Average,Mid (6-10),Veteran (6-10),55.620220704115354,Moderate
26,No,Travel_Frequently,921,Research & Development,1,1,Medical,1068,1,Female,66,2,1,Research Scientist,3,Divorced,2007,25265,1,No,13,3,3,2,5,5,3,5,3,1,3,4,42.3,14,2,4,3,Hybrid,4,Low,Early (3-5),Established (4-5),45.81192834224148,At Risk
46,No,Travel_Rarely,430,Research & Development,1,4,Medical,1069,4,Male,40,3,5,Research Director,4,Divorced,19627,21445,9,No,17,3,4,2,23,0,3,2,2,2,2,4,46.0,25,4,2,3,Onsite,3,High,Expert (20+),Settling (2-3),54.948008779893975,Moderate
54,No,Travel_Rarely,1082,Sales,2,4,Life Sciences,1070,3,Female,41,2,3,Sales Executive,3,Married,10686,8392,6,No,11,3,2,1,13,4,3,9,4,7,0,3,44.9,13,4,5,4,Hybrid,4,Above Average,Senior (11-20),Veteran (6-10),67.73333109924455,Moderate
56,No,Travel_Frequently,1240,Research & Development,9,3,Medical,1071,1,Female,63,3,1,Research Scientist,3,Married,2942,12154,2,No,19,3,2,1,18,4,3,5,4,0,3,4,47.5,7,4,3,3,Onsite,4,Low,Senior (11-20),Established (4-5),55.195411177814755,Moderate
36,No,Travel_Rarely,796,Research & Development,12,5,Medical,1073,4,Female,51,2,3,Manufacturing Director,4,Single,8858,15669,0,No,11,3,2,0,15,2,2,14,8,7,8,4,37.1,13,5,3,4,Onsite,2,Average,Senior (11-20),Lifer (10+),61.874742246470134,Moderate
55,No,Non-Travel,444,Research & Development,2,1,Medical,1074,3,Male,40,2,4,Manager,1,Single,16756,17323,7,No,15,3,2,0,31,3,4,9,7,6,2,4,49.8,17,3,3,4,Remote,3,High,Expert (20+),Veteran (6-10),47.032351991889314,At Risk
43,No,Travel_Rarely,415,Sales,25,3,Medical,1076,3,Male,79,2,3,Sales Executive,4,Divorced,10798,5268,5,No,13,3,3,1,18,5,3,1,0,0,0,2,43.0,15,5,3,3,Onsite,5,Above Average,Senior (11-20),New (0-1),66.96975522575943,Moderate
20,Yes,Travel_Frequently,769,Sales,9,3,Marketing,1077,4,Female,54,3,1,Sales Representative,4,Single,2323,17205,1,Yes,14,3,2,0,2,3,3,2,2,0,2,4,45.9,10,3,3,4,Remote,2,Low,Entry (0-2),Settling (2-3),59.608341690450025,Moderate
21,Yes,Travel_Rarely,1334,Research & Development,10,3,Life Sciences,1079,3,Female,36,2,1,Laboratory Technician,1,Single,1416,17258,1,No,13,3,1,0,1,6,2,1,0,1,0,3,35.1,5,2,3,3,Hybrid,3,Low,Entry (0-2),New (0-1),37.20410148750092,At Risk
46,No,Travel_Rarely,1003,Research & Development,8,4,Life Sciences,1080,4,Female,74,2,2,Research Scientist,1,Divorced,4615,21029,8,Yes,23,4,1,3,19,2,3,16,13,1,7,4,48.0,12,5,5,5,Hybrid,3,Below Average,Senior (11-20),Lifer (10+),66.37772541878046,Moderate
51,Yes,Travel_Rarely,1323,Research & Development,4,4,Life Sciences,1081,1,Male,34,3,1,Research Scientist,3,Married,2461,10332,9,Yes,12,3,3,3,18,2,4,10,0,2,7,5,51.7,8,1,2,4,Onsite,3,Low,Senior (11-20),Veteran (6-10),41.695117309915716,At Risk
28,Yes,Non-Travel,1366,Research & Development,24,2,Technical Degree,1082,2,Male,72,2,3,Healthcare Representative,1,Single,8722,12355,1,No,12,3,1,0,10,2,2,10,7,1,9,4,42.9,15,4,3,4,Remote,4,Average,Mid (6-10),Veteran (6-10),47.13345507690717,At Risk
26,No,Travel_Rarely,192,Research & Development,1,2,Medical,1083,1,Male,59,2,1,Laboratory Technician,1,Married,3955,11141,1,No,16,3,1,2,6,2,3,5,3,1,3,2,45.6,6,4,2,3,Onsite,3,Below Average,Mid (6-10),Established (4-5),48.52473775858305,At Risk
30,No,Travel_Rarely,1176,Research & Development,20,3,Other,1084,3,Male,85,3,2,Manufacturing Director,1,Married,9957,9096,0,No,15,3,3,1,7,1,2,6,2,0,2,3,36.1,5,4,5,3,Remote,4,Average,Mid (6-10),Veteran (6-10),57.69877521591441,Moderate
41,No,Travel_Rarely,509,Research & Development,7,2,Technical Degree,1085,2,Female,43,4,1,Research Scientist,3,Married,3376,18863,1,No,13,3,3,0,10,3,3,10,6,0,8,3,39.6,9,5,3,5,Remote,5,Below Average,Mid (6-10),Veteran (6-10),78.71229244236353,Healthy
38,No,Travel_Rarely,330,Research & Development,17,1,Life Sciences,1088,3,Female,65,2,3,Healthcare Representative,3,Married,8823,24608,0,No,18,3,1,1,20,4,2,19,9,1,9,4,38.4,16,3,4,4,Onsite,3,Average,Senior (11-20),Lifer (10+),53.37753770342071,Moderate
40,No,Travel_Rarely,1492,Research & Development,20,4,Technical Degree,1092,1,Male,61,3,3,Healthcare Representative,4,Married,10322,26542,4,No,20,4,4,1,14,6,3,11,10,11,1,4,44.1,15,4,3,2,Remote,4,Above Average,Senior (11-20),Lifer (10+),53.32283299407964,Moderate
27,No,Non-Travel,1277,Research & Development,8,5,Life Sciences,1094,1,Male,87,1,1,Laboratory Technician,3,Married,4621,5869,1,No,19,3,4,3,3,4,3,3,2,1,2,4,43.1,7,4,4,2,Hybrid,2,Below Average,Early (3-5),Settling (2-3),44.88502300756746,At Risk
55,No,Travel_Frequently,1091,Research & Development,2,1,Life Sciences,1096,4,Male,65,3,3,Manufacturing Director,2,Married,10976,15813,3,No,18,3,2,1,23,4,3,3,2,1,2,4,40.9,14,5,5,4,Hybrid,3,Above Average,Expert (20+),Settling (2-3),68.8477534272618,Moderate
28,No,Travel_Rarely,857,Research & Development,10,3,Other,1097,3,Female,59,3,2,Research Scientist,3,Single,3660,7909,3,No,13,3,4,0,10,4,4,8,7,1,7,3,35.0,10,3,5,4,Hybrid,3,Below Average,Mid (6-10),Veteran (6-10),69.83923401370956,Moderate
44,Yes,Travel_Rarely,1376,Human Resources,1,2,Medical,1098,2,Male,91,2,3,Human Resources,1,Married,10482,2326,9,No,14,3,4,1,24,1,3,20,6,3,6,2,43.4,12,5,3,2,Onsite,4,Above Average,Expert (20+),Lifer (10+),51.27186544325381,Moderate
33,No,Travel_Rarely,654,Research & Development,5,3,Life Sciences,1099,4,Male,34,2,3,Healthcare Representative,4,Divorced,7119,21214,4,No,15,3,3,1,9,2,3,3,2,1,2,4,44.3,15,3,4,4,Remote,4,Average,Mid (6-10),Settling (2-3),58.969465795846965,Moderate
35,Yes,Travel_Rarely,1204,Sales,4,3,Technical Degree,1100,4,Male,86,3,3,Sales Executive,1,Single,9582,10333,0,Yes,22,4,1,0,9,2,3,8,7,4,7,5,53.9,15,4,3,3,Remote,3,Average,Mid (6-10),Veteran (6-10),44.13859594343781,At Risk
33,Yes,Travel_Frequently,827,Research & Development,29,4,Medical,1101,1,Female,54,2,2,Research Scientist,3,Single,4508,3129,1,No,22,4,2,0,14,4,3,13,7,3,8,4,46.0,10,5,4,5,Hybrid,5,Below Average,Senior (11-20),Lifer (10+),69.58665092055229,Moderate
28,No,Travel_Rarely,895,Research & Development,15,2,Life Sciences,1102,1,Male,50,3,1,Laboratory Technician,3,Divorced,2207,22482,1,No,16,3,4,1,4,5,2,4,2,2,2,2,36.1,3,3,3,2,Hybrid,4,Low,Early (3-5),Established (4-5),51.6469203011517,Moderate
34,No,Travel_Frequently,618,Research & Development,3,1,Life Sciences,1103,1,Male,45,3,2,Healthcare Representative,4,Single,7756,22266,0,No,17,3,3,0,7,1,2,6,2,0,4,2,44.6,14,3,4,3,Onsite,4,Average,Mid (6-10),Veteran (6-10),64.13588458188548,Moderate
37,No,Travel_Rarely,309,Sales,10,4,Life Sciences,1105,4,Female,88,2,2,Sales Executive,4,Divorced,6694,24223,2,Yes,14,3,3,3,8,5,3,1,0,0,0,5,54.9,13,5,5,3,Onsite,2,Average,Mid (6-10),New (0-1),61.944737516011116,Moderate
25,Yes,Travel_Rarely,1219,Research & Development,4,1,Technical Degree,1106,4,Male,32,3,1,Laboratory Technician,4,Married,3691,4605,1,Yes,15,3,2,1,7,3,4,7,7,5,6,4,41.9,9,3,3,5,Onsite,3,Below Average,Mid (6-10),Veteran (6-10),67.0728479666114,Moderate
26,Yes,Travel_Rarely,1330,Research & Development,21,3,Medical,1107,1,Male,37,3,1,Laboratory Technician,3,Divorced,2377,19373,1,No,20,4,3,1,1,0,2,1,1,0,0,4,41.7,9,2,3,2,Hybrid,3,Low,Entry (0-2),New (0-1),38.98629796068318,At Risk
33,Yes,Travel_Rarely,1017,Research & Development,25,3,Medical,1108,1,Male,55,2,1,Research Scientist,2,Single,2313,2993,4,Yes,20,4,2,0,5,0,3,2,2,2,2,4,44.5,6,2,3,2,Onsite,4,Low,Early (3-5),Settling (2-3),33.32296406150771,At Risk
42,No,Travel_Rarely,469,Research & Development,2,2,Medical,1109,4,Male,35,3,4,Manager,1,Married,17665,14399,0,No,17,3,4,1,23,3,3,22,6,13,7,3,43.8,33,3,2,5,Onsite,3,High,Expert (20+),Lifer (10+),55.008693212178216,Moderate
28,Yes,Travel_Frequently,1009,Research & Development,1,3,Medical,1111,1,Male,45,2,1,Laboratory Technician,2,Divorced,2596,7160,1,No,15,3,1,2,1,2,3,1,0,0,0,4,41.0,8,3,2,1,Onsite,4,Low,Entry (0-2),New (0-1),28.662631150951658,Critical
50,Yes,Travel_Frequently,959,Sales,1,4,Other,1113,4,Male,81,3,2,Sales Executive,3,Single,4728,17251,3,Yes,14,3,4,0,5,4,3,0,0,0,0,4,49.9,10,3,5,4,Onsite,3,Below Average,Early (3-5),New (0-1),63.55947438598422,Moderate
33,No,Travel_Frequently,970,Sales,7,3,Life Sciences,1114,4,Female,30,3,2,Sales Executive,2,Married,4302,13401,0,No,17,3,3,1,4,3,3,3,2,0,2,3,38.4,11,3,4,5,Onsite,4,Below Average,Early (3-5),Settling (2-3),65.87248170709763,Moderate
34,No,Non-Travel,697,Research & Development,3,4,Life Sciences,1115,3,Male,40,2,1,Research Scientist,4,Married,2979,22478,3,No,17,3,4,3,6,2,3,0,0,0,0,3,39.7,6,3,4,4,Onsite,3,Low,Mid (6-10),New (0-1),63.113625230838664,Moderate
48,No,Non-Travel,1262,Research & Development,1,4,Medical,1116,1,Male,35,4,4,Manager,4,Single,16885,16154,2,No,22,4,3,0,27,3,2,5,4,2,1,3,40.6,20,4,3,3,Hybrid,5,High,Expert (20+),Established (4-5),65.00290451198194,Moderate
45,No,Non-Travel,1050,Sales,9,4,Life Sciences,1117,2,Female,65,2,2,Sales Executive,3,Married,5593,17970,1,No,13,3,4,1,15,2,3,15,10,4,12,3,36.8,13,3,2,4,Hybrid,4,Below Average,Senior (11-20),Lifer (10+),52.24983673591923,Moderate
52,No,Travel_Rarely,994,Research & Development,7,4,Life Sciences,1118,2,Male,87,3,3,Healthcare Representative,2,Single,10445,15322,7,No,19,3,4,0,18,4,3,8,6,4,0,3,45.3,12,4,3,4,Hybrid,4,Above Average,Senior (11-20),Veteran (6-10),61.2121487965416,Moderate
38,No,Travel_Rarely,770,Sales,10,4,Marketing,1119,3,Male,73,2,3,Sales Executive,3,Divorced,8740,5569,0,Yes,14,3,2,2,9,2,3,8,7,2,7,4,52.1,12,4,3,5,Onsite,4,Average,Mid (6-10),Veteran (6-10),61.51061715245378,Moderate
29,No,Travel_Rarely,1107,Research & Development,28,4,Life Sciences,1120,3,Female,93,3,1,Research Scientist,4,Divorced,2514,26968,4,No,22,4,1,1,11,1,3,7,5,1,7,4,42.3,7,4,4,4,Onsite,4,Low,Senior (11-20),Veteran (6-10),67.68437545854854,Moderate
28,No,Travel_Rarely,950,Research & Development,3,3,Medical,1121,4,Female,93,3,3,Manufacturing Director,2,Divorced,7655,8039,0,No,17,3,2,3,10,3,2,9,7,1,7,3,45.3,14,4,4,5,Onsite,3,Average,Mid (6-10),Veteran (6-10),68.10918498484912,Moderate
46,No,Travel_Rarely,406,Sales,3,1,Marketing,1124,1,Male,52,3,4,Manager,3,Married,17465,15596,3,No,12,3,4,1,23,3,3,12,9,4,9,3,37.2,22,3,3,3,Hybrid,3,High,Expert (20+),Lifer (10+),54.96726714232136,Moderate
38,No,Travel_Rarely,130,Sales,2,2,Marketing,1125,4,Male,32,3,3,Sales Executive,2,Single,7351,20619,7,No,16,3,3,0,10,2,3,1,0,0,0,3,39.9,11,4,3,4,Remote,2,Average,Mid (6-10),New (0-1),61.2121487965416,Moderate
43,No,Travel_Frequently,1082,Research & Development,27,3,Life Sciences,1126,3,Female,83,3,3,Manufacturing Director,1,Married,10820,11535,8,No,11,3,3,1,18,1,3,8,7,0,1,4,47.4,21,4,4,3,Remote,3,Above Average,Senior (11-20),Veteran (6-10),51.98648567604292,Moderate
39,Yes,Travel_Frequently,203,Research & Development,2,3,Life Sciences,1127,1,Male,84,3,4,Healthcare Representative,4,Divorced,12169,13547,7,No,11,3,4,3,21,4,3,18,7,11,5,4,40.2,18,4,3,3,Onsite,3,Above Average,Expert (20+),Lifer (10+),58.65173907750738,Moderate
40,No,Travel_Rarely,1308,Research & Development,14,3,Medical,1128,3,Male,44,2,5,Research Director,3,Single,19626,17544,1,No,14,3,1,0,21,2,4,20,7,4,9,4,42.9,22,4,4,1,Onsite,3,High,Expert (20+),Lifer (10+),46.034323309089814,At Risk
21,No,Travel_Rarely,984,Research & Development,1,1,Technical Degree,1131,4,Female,70,2,1,Research Scientist,2,Single,2070,25326,1,Yes,11,3,3,0,2,6,4,2,2,2,2,3,51.5,8,2,4,4,Onsite,3,Low,Entry (0-2),Settling (2-3),53.96426615370194,Moderate
39,No,Non-Travel,439,Research & Development,9,3,Life Sciences,1132,3,Male,70,3,2,Laboratory Technician,2,Single,6782,8770,9,No,15,3,3,0,9,2,2,5,4,0,3,3,45.0,11,5,4,3,Remote,4,Average,Mid (6-10),Established (4-5),61.82367628847872,Moderate
36,No,Non-Travel,217,Research & Development,18,4,Life Sciences,1133,1,Male,78,3,2,Manufacturing Director,4,Single,7779,23238,2,No,20,4,1,0,18,0,3,11,9,0,9,4,40.1,11,3,2,4,Onsite,4,Average,Senior (11-20),Lifer (10+),55.90461139283662,Moderate
31,No,Travel_Frequently,793,Sales,20,3,Life Sciences,1135,3,Male,67,4,1,Sales Representative,4,Married,2791,21981,0,No,12,3,1,1,3,4,3,2,2,2,2,3,37.2,16,3,3,4,Onsite,3,Low,Early (3-5),Settling (2-3),68.09510731765822,Moderate
28,No,Travel_Rarely,1451,Research & Development,2,1,Life Sciences,1136,1,Male,67,2,1,Research Scientist,2,Married,3201,19911,0,No,17,3,1,0,6,2,1,5,3,0,4,4,46.9,11,2,4,4,Hybrid,3,Below Average,Mid (6-10),Established (4-5),43.41330614050937,At Risk
35,No,Travel_Frequently,1182,Sales,11,2,Marketing,1137,4,Male,54,3,2,Sales Executive,4,Divorced,4968,18500,1,No,11,3,4,1,5,3,3,5,2,0,2,3,48.1,9,3,4,3,Hybrid,3,Below Average,Early (3-5),Established (4-5),62.12732533962739,Moderate
49,No,Travel_Rarely,174,Sales,8,4,Technical Degree,1138,4,Male,56,2,4,Sales Executive,2,Married,13120,11879,6,No,17,3,2,1,22,3,3,9,8,2,3,5,48.0,16,5,4,5,Onsite,2,Above Average,Expert (20+),Veteran (6-10),61.98616358586797,Moderate
34,No,Travel_Frequently,1003,Research & Development,2,2,Life Sciences,1140,4,Male,95,3,2,Manufacturing Director,3,Single,4033,15834,2,No,11,3,4,0,5,3,2,3,2,0,2,5,42.2,11,3,5,5,Onsite,4,Below Average,Early (3-5),Settling (2-3),62.60862084168664,Moderate
29,No,Travel_Frequently,490,Research & Development,10,3,Life Sciences,1143,4,Female,61,3,1,Research Scientist,2,Divorced,3291,17940,0,No,14,3,4,2,8,2,2,7,5,1,1,3,37.2,7,3,4,4,Onsite,3,Below Average,Mid (6-10),Veteran (6-10),58.407975430936276,Moderate
42,No,Travel_Rarely,188,Research & Development,29,3,Medical,1148,2,Male,56,1,2,Laboratory Technician,4,Single,4272,9558,4,No,19,3,1,0,16,3,3,1,0,0,0,3,37.8,16,4,5,4,Remote,4,Below Average,Senior (11-20),New (0-1),66.8470528067207,Moderate
29,No,Travel_Rarely,718,Research & Development,8,1,Medical,1150,2,Male,79,2,2,Manufacturing Director,4,Married,5056,17689,1,Yes,15,3,3,1,10,2,2,10,7,1,2,5,57.1,14,4,4,3,Onsite,4,Below Average,Mid (6-10),Veteran (6-10),51.733103555178985,Moderate
38,No,Travel_Rarely,433,Human Resources,1,3,Human Resources,1152,3,Male,37,4,1,Human Resources,3,Married,2844,6004,1,No,13,3,4,1,7,2,4,7,6,5,0,4,40.5,8,4,2,3,Onsite,3,Low,Mid (6-10),Veteran (6-10),57.969887265151456,Moderate
28,No,Travel_Frequently,773,Research & Development,6,3,Life Sciences,1154,3,Male,39,2,1,Research Scientist,3,Divorced,2703,22088,1,Yes,14,3,4,1,3,2,3,3,1,0,2,3,56.7,6,3,4,4,Onsite,2,Low,Early (3-5),Settling (2-3),59.65729733114604,Moderate
18,Yes,Non-Travel,247,Research & Development,8,1,Medical,1156,3,Male,80,3,1,Laboratory Technician,3,Single,1904,13556,1,No,12,3,4,0,0,0,3,0,0,0,0,3,42.2,7,2,2,2,Onsite,3,Low,Entry (0-2),New (0-1),41.56232729079511,At Risk
33,Yes,Travel_Rarely,603,Sales,9,4,Marketing,1157,1,Female,77,3,2,Sales Executive,1,Single,8224,18385,0,Yes,17,3,1,0,6,3,3,5,2,0,3,4,48.1,16,4,5,2,Onsite,4,Average,Mid (6-10),Established (4-5),50.361309890228576,Moderate
41,No,Travel_Rarely,167,Research & Development,12,4,Life Sciences,1158,2,Male,46,3,1,Laboratory Technician,4,Married,4766,9051,3,Yes,11,3,1,1,6,4,3,1,0,0,0,3,58.1,13,4,4,2,Hybrid,3,Below Average,Mid (6-10),New (0-1),61.17072272668474,Moderate
31,Yes,Travel_Frequently,874,Research & Development,15,3,Medical,1160,3,Male,72,3,1,Laboratory Technician,3,Married,2610,6233,1,No,12,3,3,1,2,5,2,2,2,2,2,3,36.4,8,2,3,3,Onsite,4,Low,Entry (0-2),Settling (2-3),48.459363479102635,At Risk
37,No,Travel_Rarely,367,Research & Development,25,2,Medical,1161,3,Female,52,2,2,Healthcare Representative,4,Divorced,5731,17171,7,No,13,3,3,2,9,2,3,6,2,1,3,2,39.6,9,4,4,4,Hybrid,4,Below Average,Mid (6-10),Veteran (6-10),71.63008813631548,Healthy
27,No,Travel_Rarely,199,Research & Development,6,3,Life Sciences,1162,4,Male,55,2,1,Research Scientist,3,Married,2539,7950,1,No,13,3,3,1,4,0,3,4,2,2,2,2,40.6,9,2,1,4,Hybrid,3,Low,Early (3-5),Established (4-5),48.317962402812434,At Risk
34,No,Travel_Rarely,1400,Sales,9,1,Life Sciences,1163,2,Female,70,3,2,Sales Executive,3,Married,5714,5829,1,No,20,4,1,0,6,3,2,6,5,1,3,3,49.9,16,3,4,3,Hybrid,3,Below Average,Mid (6-10),Veteran (6-10),56.535397247201146,Moderate
35,No,Travel_Rarely,528,Human Resources,8,4,Technical Degree,1164,3,Male,100,3,1,Human Resources,3,Single,4323,7108,1,No,17,3,2,0,6,2,1,5,4,1,4,3,53.6,7,4,3,4,Onsite,4,Below Average,Mid (6-10),Established (4-5),60.39727631076697,Moderate
29,Yes,Travel_Rarely,408,Sales,23,1,Life Sciences,1165,4,Female,45,2,3,Sales Executive,1,Married,7336,11162,1,No,13,3,1,1,11,3,1,11,8,3,10,5,46.6,8,3,3,2,Onsite,3,Average,Senior (11-20),Lifer (10+),25.823579811841235,Critical
40,No,Travel_Frequently,593,Research & Development,9,4,Medical,1166,2,Female,88,3,3,Research Director,3,Single,13499,13782,9,No,17,3,3,0,20,3,2,18,7,2,13,3,42.7,21,4,3,3,Hybrid,3,Above Average,Senior (11-20),Lifer (10+),57.203970420072835,Moderate
42,Yes,Travel_Frequently,481,Sales,12,3,Life Sciences,1167,3,Male,44,3,4,Sales Executive,1,Single,13758,2447,0,Yes,12,3,2,0,22,2,2,21,9,13,14,5,61.4,19,5,2,3,Remote,3,Above Average,Expert (20+),Lifer (10+),42.67156892357589,At Risk
42,No,Travel_Rarely,647,Sales,4,4,Marketing,1171,2,Male,45,3,2,Sales Executive,1,Single,5155,2253,7,No,13,3,4,0,9,3,4,6,4,1,5,3,43.9,13,3,4,3,Onsite,3,Below Average,Mid (6-10),Veteran (6-10),53.89394183328315,Moderate
35,No,Travel_Rarely,982,Research & Development,1,4,Medical,1172,4,Male,58,2,1,Laboratory Technician,3,Married,2258,16340,6,No,12,3,2,1,10,2,3,8,0,1,7,3,38.3,6,4,4,5,Onsite,2,Low,Mid (6-10),Veteran (6-10),69.3585068850589,Moderate
24,No,Travel_Rarely,477,Research & Development,24,3,Medical,1173,4,Male,49,3,1,Laboratory Technician,2,Single,3597,6409,8,No,22,4,4,0,6,2,3,4,3,1,2,4,46.8,7,4,3,3,Onsite,4,Below Average,Mid (6-10),Established (4-5),51.739083278122145,Moderate
28,Yes,Travel_Rarely,1485,Research & Development,12,1,Life Sciences,1175,3,Female,79,3,1,Laboratory Technician,4,Married,2515,22955,1,Yes,11,3,4,0,1,4,2,1,1,0,0,3,55.1,7,3,4,2,Hybrid,3,Low,Entry (0-2),New (0-1),54.66281906346602,Moderate
26,No,Travel_Rarely,1384,Research & Development,3,4,Medical,1177,1,Male,82,4,1,Laboratory Technician,4,Married,4420,13421,1,No,22,4,2,1,8,2,3,8,7,0,7,3,41.6,8,5,4,2,Remote,2,Below Average,Mid (6-10),Veteran (6-10),69.88563238938632,Moderate
30,No,Travel_Rarely,852,Sales,10,3,Marketing,1179,3,Male,72,2,2,Sales Executive,3,Married,6578,2706,1,No,18,3,1,1,10,3,3,10,3,1,4,3,43.8,11,4,2,3,Hybrid,3,Average,Mid (6-10),Veteran (6-10),51.293234122976585,Moderate
40,No,Travel_Frequently,902,Research & Development,26,2,Medical,1180,3,Female,92,2,2,Research Scientist,4,Married,4422,21203,3,Yes,13,3,4,1,16,3,1,1,1,0,0,4,58.4,5,4,3,2,Remote,3,Below Average,Senior (11-20),New (0-1),44.70902641639591,At Risk
35,No,Travel_Rarely,819,Research & Development,2,3,Life Sciences,1182,3,Male,44,2,3,Manufacturing Director,2,Divorced,10274,19588,2,No,18,3,2,1,15,2,4,7,7,6,4,4,45.2,8,4,3,4,Hybrid,4,Above Average,Senior (11-20),Veteran (6-10),54.86098336206705,Moderate
34,No,Travel_Frequently,669,Research & Development,1,3,Medical,1184,4,Male,97,2,2,Healthcare Representative,1,Single,5343,25755,0,No,20,4,3,0,14,3,3,13,9,4,9,5,38.6,13,2,4,3,Remote,3,Below Average,Senior (11-20),Lifer (10+),34.75511310786453,At Risk
35,No,Travel_Frequently,636,Research & Development,4,4,Other,1185,4,Male,47,2,1,Laboratory Technician,4,Married,2376,26537,1,No,13,3,2,1,2,2,4,2,2,2,2,2,36.6,13,3,4,4,Hybrid,2,Low,Entry (0-2),Settling (2-3),69.393384858564,Moderate
43,Yes,Travel_Rarely,1372,Sales,9,3,Marketing,1188,1,Female,85,1,2,Sales Executive,3,Single,5346,9489,8,No,13,3,2,0,7,2,2,4,3,1,3,3,37.5,11,2,2,3,Remote,3,Below Average,Mid (6-10),Established (4-5),36.07042079705628,At Risk
32,No,Non-Travel,862,Sales,2,1,Life Sciences,1190,3,Female,76,3,1,Sales Representative,1,Divorced,2827,14947,1,No,12,3,3,3,1,3,3,1,0,0,0,3,41.4,7,3,3,5,Onsite,3,Low,Entry (0-2),New (0-1),58.71242350979161,Moderate
56,No,Travel_Rarely,718,Research & Development,4,4,Technical Degree,1191,4,Female,92,3,5,Manager,1,Divorced,19943,18575,4,No,13,3,4,1,28,2,3,5,2,4,2,3,48.7,23,3,5,4,Hybrid,3,High,Expert (20+),Established (4-5),60.79097802159068,Moderate
29,No,Travel_Rarely,1401,Research & Development,6,1,Medical,1192,2,Female,54,3,1,Laboratory Technician,4,Married,3131,26342,1,No,13,3,1,1,10,5,3,10,8,0,8,2,41.4,9,3,4,2,Hybrid,4,Below Average,Mid (6-10),Veteran (6-10),60.94257869119134,Moderate
19,No,Travel_Rarely,645,Research & Development,9,2,Life Sciences,1193,3,Male,54,3,1,Research Scientist,1,Single,2552,7172,1,No,25,4,3,0,1,4,3,1,1,0,0,4,46.3,11,4,4,2,Onsite,3,Low,Entry (0-2),New (0-1),46.65757959261517,At Risk
45,No,Travel_Rarely,1457,Research & Development,7,3,Medical,1195,1,Female,83,3,1,Research Scientist,3,Married,4477,20100,4,Yes,19,3,3,1,7,2,2,3,2,0,2,5,53.0,9,5,4,3,Onsite,2,Below Average,Mid (6-10),Settling (2-3),56.99168531818793,Moderate
37,No,Travel_Rarely,977,Research & Development,1,3,Life Sciences,1196,4,Female,56,2,2,Manufacturing Director,4,Married,6474,9961,1,No,13,3,2,1,14,2,2,14,8,3,11,3,44.6,15,3,4,3,Onsite,4,Average,Senior (11-20),Lifer (10+),55.6491189546773,Moderate
20,No,Travel_Rarely,805,Research & Development,3,3,Life Sciences,1198,1,Male,87,2,1,Laboratory Technician,3,Single,3033,12828,1,No,12,3,1,0,2,2,2,2,2,1,2,2,36.0,7,4,3,1,Onsite,3,Below Average,Entry (0-2),Settling (2-3),46.34771149599256,At Risk
44,Yes,Travel_Rarely,1097,Research & Development,10,4,Life Sciences,1200,3,Male,96,3,1,Research Scientist,3,Single,2936,10826,1,Yes,11,3,3,0,6,4,3,6,4,0,2,4,45.1,9,2,4,4,Onsite,3,Low,Mid (6-10),Veteran (6-10),55.48344061788571,Moderate
53,No,Travel_Rarely,1223,Research & Development,7,2,Medical,1201,4,Female,50,3,5,Manager,3,Divorced,18606,18640,3,No,18,3,2,1,26,6,3,7,7,4,7,3,48.4,26,3,3,5,Onsite,3,High,Expert (20+),Veteran (6-10),65.62507930917685,Moderate
29,No,Travel_Rarely,942,Research & Development,15,1,Life Sciences,1202,2,Female,69,1,1,Research Scientist,4,Married,2168,26933,0,Yes,18,3,1,1,6,2,2,5,4,1,3,4,55.3,4,3,4,4,Onsite,3,Low,Mid (6-10),Established (4-5),52.49125941089686,Moderate
22,Yes,Travel_Frequently,1256,Research & Development,3,4,Life Sciences,1203,3,Male,48,2,1,Research Scientist,4,Married,2853,4223,0,Yes,11,3,2,1,1,5,3,0,0,0,0,4,52.8,5,4,3,2,Onsite,4,Low,Entry (0-2),New (0-1),48.98022680186316,At Risk
46,No,Travel_Rarely,1402,Sales,2,3,Marketing,1204,3,Female,69,3,4,Manager,1,Married,17048,24097,8,No,23,4,1,0,28,2,3,26,15,15,9,2,43.8,23,4,2,4,Hybrid,3,High,Expert (20+),Lifer (10+),58.19625003422727,Moderate
44,No,Non-Travel,111,Research & Development,17,3,Life Sciences,1206,4,Male,74,1,1,Research Scientist,3,Single,2290,4279,2,No,13,3,4,0,6,3,3,0,0,0,0,4,35.0,11,3,3,3,Remote,3,Low,Mid (6-10),New (0-1),42.1378953228967,At Risk
33,No,Travel_Rarely,147,Human Resources,2,3,Human Resources,1207,2,Male,99,3,1,Human Resources,3,Married,3600,8429,1,No,13,3,4,1,5,2,3,5,4,1,4,4,38.2,3,2,3,4,Onsite,3,Below Average,Early (3-5),Established (4-5),51.77971032027231,Moderate
41,Yes,Non-Travel,906,Research & Development,5,2,Life Sciences,1210,1,Male,95,2,1,Research Scientist,1,Divorced,2107,20293,6,No,17,3,1,1,5,2,1,1,0,0,0,3,44.8,7,3,4,2,Onsite,3,Low,Early (3-5),New (0-1),37.815628979438046,At Risk
30,No,Travel_Rarely,1329,Sales,29,4,Life Sciences,1211,3,Male,61,3,2,Sales Executive,1,Divorced,4115,13192,8,No,19,3,3,3,8,3,3,4,3,0,3,3,43.4,8,3,4,5,Onsite,3,Below Average,Mid (6-10),Established (4-5),62.41615380740502,Moderate
40,No,Travel_Frequently,1184,Sales,2,4,Medical,1212,2,Male,62,3,2,Sales Executive,2,Married,4327,25440,5,No,12,3,4,3,5,2,3,0,0,0,0,3,43.1,7,2,4,2,Remote,3,Below Average,Early (3-5),New (0-1),45.513459986329295,At Risk
50,No,Travel_Frequently,1421,Research & Development,2,3,Medical,1215,4,Female,30,3,4,Manager,1,Married,17856,9490,2,No,22,4,3,1,32,3,3,2,2,2,2,4,44.3,26,3,4,5,Hybrid,4,High,Expert (20+),Settling (2-3),58.27199437241332,Moderate
28,No,Travel_Rarely,1179,Research & Development,19,4,Medical,1216,4,Male,78,2,1,Laboratory Technician,1,Married,3196,12449,1,No,12,3,3,3,6,2,3,6,5,3,3,4,39.6,9,3,4,4,Onsite,3,Below Average,Mid (6-10),Veteran (6-10),48.60048209676909,At Risk
46,No,Travel_Rarely,1450,Research & Development,15,2,Life Sciences,1217,4,Male,52,3,5,Research Director,2,Married,19081,10849,5,No,11,3,1,1,25,2,3,4,2,0,3,5,43.0,22,4,3,3,Hybrid,2,High,Expert (20+),Established (4-5),47.59492384313043,At Risk
35,No,Travel_Rarely,1361,Sales,17,4,Life Sciences,1218,3,Male,94,3,2,Sales Executive,1,Married,8966,21026,3,Yes,15,3,4,3,15,2,3,7,7,1,7,4,54.6,10,5,3,4,Onsite,2,Average,Senior (11-20),Veteran (6-10),57.98396493234237,Moderate
24,Yes,Travel_Rarely,984,Research & Development,17,2,Life Sciences,1219,4,Female,97,3,1,Laboratory Technician,2,Married,2210,3372,1,No,13,3,1,1,1,3,1,1,0,0,0,3,42.9,8,2,4,4,Onsite,3,Low,Entry (0-2),New (0-1),51.90007176771755,Moderate
33,No,Travel_Frequently,1146,Sales,25,3,Medical,1220,2,Female,82,3,2,Sales Executive,3,Married,4539,4905,1,No,12,3,1,1,10,3,2,10,7,0,1,2,43.9,13,3,5,4,Onsite,5,Below Average,Mid (6-10),Veteran (6-10),69.712193063234,Moderate
36,No,Travel_Rarely,917,Research & Development,6,4,Life Sciences,1221,3,Male,60,1,1,Laboratory Technician,3,Divorced,2741,6865,1,No,14,3,3,1,7,4,3,7,7,1,7,2,37.5,4,2,3,4,Onsite,2,Low,Mid (6-10),Veteran (6-10),51.38281680582276,Moderate
30,No,Travel_Rarely,853,Research & Development,7,4,Life Sciences,1224,3,Male,49,3,2,Laboratory Technician,3,Divorced,3491,11309,1,No,13,3,1,3,10,4,2,10,7,8,9,3,35.0,9,4,4,3,Onsite,3,Below Average,Mid (6-10),Veteran (6-10),60.90770071768624,Moderate
44,No,Travel_Rarely,200,Research & Development,29,4,Other,1225,4,Male,32,3,2,Research Scientist,4,Single,4541,7744,1,No,25,4,2,0,20,3,3,20,11,13,17,5,45.5,10,5,3,4,Onsite,3,Below Average,Senior (11-20),Lifer (10+),64.20878919642853,Moderate
20,No,Travel_Rarely,654,Sales,21,3,Marketing,1226,3,Male,43,4,1,Sales Representative,4,Single,2678,5050,1,No,17,3,4,0,2,2,3,2,1,2,2,3,37.7,8,4,3,5,Hybrid,3,Low,Entry (0-2),Settling (2-3),77.79631687157107,Healthy
46,No,Travel_Rarely,150,Research & Development,2,4,Technical Degree,1228,4,Male,60,3,2,Manufacturing Director,4,Divorced,7379,17433,2,No,11,3,3,1,12,3,2,6,3,1,4,3,38.4,11,2,4,5,Onsite,3,Average,Senior (11-20),Veteran (6-10),66.27723384326416,Moderate
42,No,Non-Travel,179,Human Resources,2,5,Medical,1231,4,Male,79,4,2,Human Resources,1,Married,6272,12858,7,No,16,3,1,1,10,3,4,4,3,0,3,3,43.1,16,5,4,5,Onsite,5,Average,Mid (6-10),Established (4-5),77.63896713332534,Healthy
60,No,Travel_Rarely,696,Sales,7,4,Marketing,1233,2,Male,52,4,2,Sales Executive,4,Divorced,5220,10893,0,Yes,18,3,2,1,12,3,3,11,7,1,9,5,47.2,9,3,4,4,Onsite,4,Below Average,Senior (11-20),Lifer (10+),63.510518745288216,Moderate
32,No,Travel_Frequently,116,Research & Development,13,3,Other,1234,3,Female,77,2,1,Laboratory Technician,2,Married,2743,7331,1,No,20,4,3,1,2,2,3,2,2,2,2,5,43.8,9,4,4,4,Onsite,3,Low,Entry (0-2),Settling (2-3),52.284954031955124,Moderate
32,No,Travel_Frequently,1316,Research & Development,2,2,Life Sciences,1235,4,Female,38,3,2,Research Scientist,3,Single,4998,2338,4,Yes,14,3,4,0,10,2,3,8,7,0,7,4,56.4,9,5,4,5,Remote,5,Below Average,Mid (6-10),Veteran (6-10),73.92925711276875,Healthy
36,No,Travel_Rarely,363,Research & Development,1,3,Technical Degree,1237,3,Female,77,1,3,Manufacturing Director,1,Divorced,10252,4235,2,Yes,21,4,3,1,17,2,3,7,7,7,7,4,59.4,15,5,2,4,Remote,3,Above Average,Senior (11-20),Veteran (6-10),45.59502225029601,At Risk
33,No,Travel_Rarely,117,Research & Development,9,3,Medical,1238,1,Male,60,3,1,Research Scientist,4,Married,2781,6311,0,No,13,3,2,1,15,5,3,14,10,4,10,4,35.0,4,3,4,2,Hybrid,3,Low,Senior (11-20),Lifer (10+),52.65425982120794,Moderate
40,No,Travel_Rarely,107,Sales,10,3,Technical Degree,1239,2,Female,84,2,2,Sales Executive,2,Divorced,6852,11591,7,No,12,3,2,1,7,2,4,5,1,1,3,4,45.1,9,4,2,3,Hybrid,4,Average,Mid (6-10),Established (4-5),45.82834698102589,At Risk
25,No,Travel_Rarely,1356,Sales,10,4,Life Sciences,1240,3,Male,57,3,2,Sales Executive,4,Single,4950,20623,0,No,14,3,2,0,5,4,3,4,3,1,1,5,42.1,12,3,3,3,Onsite,3,Below Average,Early (3-5),Established (4-5),50.13527617203057,Moderate
30,No,Travel_Rarely,1465,Research & Development,1,3,Medical,1241,4,Male,63,3,1,Research Scientist,2,Married,3579,9369,0,Yes,21,4,1,1,12,2,3,11,9,5,7,4,51.6,10,4,3,3,Hybrid,5,Below Average,Senior (11-20),Lifer (10+),51.739083278122145,Moderate
42,No,Travel_Frequently,458,Research & Development,26,5,Medical,1242,1,Female,60,3,3,Research Director,1,Married,13191,23281,3,Yes,17,3,3,0,20,6,3,1,0,0,0,4,50.0,20,3,5,2,Onsite,3,Above Average,Senior (11-20),New (0-1),45.989006419743475,At Risk
35,No,Non-Travel,1212,Sales,8,2,Marketing,1243,3,Female,78,2,3,Sales Executive,4,Married,10377,13755,4,Yes,11,3,2,1,16,6,2,13,2,4,12,5,50.9,10,3,3,5,Hybrid,4,Above Average,Senior (11-20),Lifer (10+),54.31488195393598,Moderate
27,No,Travel_Rarely,1103,Research & Development,14,3,Life Sciences,1244,1,Male,42,3,1,Research Scientist,1,Married,2235,14377,1,Yes,14,3,4,2,9,3,2,9,7,6,8,5,50.8,8,3,3,4,Hybrid,3,Low,Mid (6-10),Veteran (6-10),42.95959836364683,At Risk
54,No,Travel_Frequently,966,Research & Development,1,4,Life Sciences,1245,4,Female,53,3,3,Manufacturing Director,3,Divorced,10502,9659,7,No,17,3,1,1,33,2,1,5,4,1,4,4,40.1,12,5,4,4,Hybrid,4,Above Average,Expert (20+),Established (4-5),64.32915064387376,Moderate
44,No,Travel_Rarely,1117,Research & Development,2,1,Life Sciences,1246,1,Female,72,4,1,Research Scientist,4,Married,2011,19982,1,No,13,3,4,1,10,5,3,10,5,7,7,3,35.0,8,3,4,2,Onsite,5,Low,Mid (6-10),Veteran (6-10),61.14102544841611,Moderate
19,Yes,Non-Travel,504,Research & Development,10,3,Medical,1248,1,Female,96,2,1,Research Scientist,2,Single,1859,6148,1,Yes,25,4,2,0,1,2,4,1,1,0,0,5,42.6,9,3,3,1,Remote,2,Low,Entry (0-2),New (0-1),30.35780220630698,At Risk
29,No,Travel_Rarely,1010,Research & Development,1,3,Life Sciences,1249,1,Female,97,3,1,Research Scientist,4,Divorced,3760,5598,1,No,15,3,1,3,3,5,3,3,2,1,2,4,44.1,5,4,3,2,Remote,4,Below Average,Early (3-5),Settling (2-3),53.32283299407964,Moderate
54,No,Travel_Rarely,685,Research & Development,3,3,Life Sciences,1250,4,Male,85,3,4,Research Director,4,Married,17779,23474,3,No,14,3,1,0,36,2,3,10,9,0,9,5,41.6,33,3,2,5,Onsite,2,High,Expert (20+),Veteran (6-10),57.089358041272675,Moderate
31,No,Travel_Rarely,1332,Research & Development,11,2,Medical,1251,3,Male,80,3,2,Healthcare Representative,1,Married,6833,17089,1,Yes,12,3,4,0,6,2,2,6,5,0,1,4,56.2,18,3,3,4,Hybrid,3,Average,Mid (6-10),Veteran (6-10),47.10375779863853,At Risk
31,No,Travel_Rarely,1062,Research & Development,24,3,Medical,1252,3,Female,96,2,2,Healthcare Representative,1,Single,6812,17198,1,No,19,3,2,0,10,2,3,10,9,1,8,3,39.0,12,4,5,4,Remote,2,Average,Mid (6-10),Veteran (6-10),60.8206752998593,Moderate
59,No,Travel_Rarely,326,Sales,3,3,Life Sciences,1254,3,Female,48,2,2,Sales Executive,4,Single,5171,16490,5,No,17,3,4,0,13,2,3,6,1,0,5,3,35.0,15,4,3,4,Onsite,3,Below Average,Senior (11-20),Veteran (6-10),63.78219840371037,Moderate
43,No,Travel_Rarely,920,Research & Development,3,3,Life Sciences,1255,3,Male,96,1,5,Research Director,4,Married,19740,18625,3,No,14,3,2,1,25,2,3,8,7,0,7,5,41.1,25,2,4,3,Remote,2,High,Expert (20+),Veteran (6-10),40.781490614725925,At Risk
49,No,Travel_Rarely,1098,Research & Development,4,2,Medical,1256,1,Male,85,2,5,Manager,3,Married,18711,12124,2,No,13,3,3,1,23,2,4,1,0,0,0,3,49.7,26,3,3,4,Hybrid,3,High,Expert (20+),New (0-1),58.08916722626627,Moderate
36,No,Travel_Frequently,469,Research & Development,3,3,Technical Degree,1257,3,Male,46,3,1,Research Scientist,2,Married,3692,9256,1,No,12,3,3,0,12,2,2,11,10,0,7,3,39.8,9,2,4,3,Remote,3,Below Average,Senior (11-20),Lifer (10+),48.70676587702343,At Risk
48,No,Travel_Rarely,969,Research & Development,2,2,Technical Degree,1258,4,Male,76,4,1,Laboratory Technician,2,Single,2559,16620,5,No,11,3,3,0,7,4,2,1,0,0,0,3,38.2,2,3,4,5,Hybrid,4,Low,Mid (6-10),New (0-1),68.0794877065805,Moderate
27,No,Travel_Rarely,1167,Research & Development,4,2,Life Sciences,1259,1,Male,76,3,1,Research Scientist,3,Divorced,2517,3208,1,No,11,3,2,3,5,2,3,5,3,0,3,3,40.2,6,4,3,3,Onsite,4,Low,Early (3-5),Established (4-5),59.339570612806455,Moderate
29,No,Travel_Rarely,1329,Research & Development,7,3,Life Sciences,1260,3,Male,82,3,2,Healthcare Representative,4,Divorced,6623,4204,1,Yes,11,3,2,2,6,2,3,6,0,1,0,5,55.0,11,3,3,2,Remote,4,Average,Mid (6-10),Veteran (6-10),44.80637008860282,At Risk
48,No,Travel_Rarely,715,Research & Development,1,3,Life Sciences,1263,4,Male,76,2,5,Research Director,4,Single,18265,8733,6,No,12,3,3,0,25,3,4,1,0,0,0,4,49.3,30,3,3,3,Onsite,4,High,Expert (20+),New (0-1),52.072429607539426,Moderate
29,No,Travel_Rarely,694,Research & Development,1,3,Life Sciences,1264,4,Female,87,2,4,Research Director,4,Divorced,16124,3423,3,No,14,3,2,2,9,2,2,7,7,1,7,3,50.7,21,4,4,3,Onsite,3,High,Mid (6-10),Veteran (6-10),60.0214224251624,Moderate
34,No,Travel_Rarely,1320,Research & Development,20,3,Technical Degree,1265,3,Female,89,4,1,Research Scientist,3,Married,2585,21643,0,No,17,3,4,0,2,5,2,1,0,0,0,2,39.0,8,4,4,4,Remote,3,Low,Entry (0-2),New (0-1),74.72337242832218,Healthy
44,No,Travel_Rarely,1099,Sales,5,3,Marketing,1267,2,Male,88,3,5,Manager,2,Married,18213,8751,7,No,11,3,3,1,26,5,3,22,9,3,10,4,40.3,21,3,3,4,Onsite,4,High,Expert (20+),Lifer (10+),52.69568589106479,Moderate
33,No,Travel_Rarely,536,Sales,10,5,Marketing,1268,4,Male,82,4,3,Sales Executive,3,Divorced,8380,21708,0,Yes,14,3,4,2,10,3,3,9,8,0,8,5,52.4,10,4,5,2,Hybrid,2,Average,Mid (6-10),Veteran (6-10),57.4724124468386,Moderate
19,No,Travel_Rarely,265,Research & Development,25,3,Life Sciences,1269,2,Female,57,4,1,Research Scientist,4,Single,2994,21221,1,Yes,12,3,4,0,1,2,3,1,0,0,1,5,50.7,12,2,4,3,Remote,3,Low,Entry (0-2),New (0-1),53.809309191375355,Moderate
23,No,Travel_Rarely,373,Research & Development,1,2,Life Sciences,1270,4,Male,47,3,1,Research Scientist,3,Married,1223,16901,1,No,22,4,4,1,1,2,3,1,0,0,1,3,35.7,8,4,3,3,Remote,5,Low,Entry (0-2),New (0-1),59.339570612806455,Moderate
25,Yes,Travel_Frequently,599,Sales,24,1,Life Sciences,1273,3,Male,73,1,1,Sales Representative,4,Single,1118,8040,1,Yes,14,3,4,0,1,4,3,1,0,1,0,4,43.9,6,3,3,2,Hybrid,3,Low,Entry (0-2),New (0-1),40.26531713916158,At Risk
26,No,Travel_Rarely,583,Research & Development,4,2,Life Sciences,1275,3,Male,53,3,1,Research Scientist,4,Single,2875,9973,1,Yes,20,4,2,0,8,2,2,8,5,2,2,4,54.8,5,4,4,5,Onsite,3,Low,Mid (6-10),Veteran (6-10),70.87768134924266,Healthy
45,Yes,Travel_Rarely,1449,Sales,2,3,Marketing,1277,1,Female,94,1,5,Manager,2,Single,18824,2493,2,Yes,16,3,1,0,26,2,3,24,10,1,11,5,59.0,25,2,3,3,Hybrid,1,High,Expert (20+),Lifer (10+),30.165104517727276,At Risk
55,No,Non-Travel,177,Research & Development,8,1,Medical,1278,4,Male,37,2,4,Healthcare Representative,2,Divorced,13577,25592,1,Yes,15,3,4,1,34,3,3,33,9,15,0,4,50.6,12,4,4,3,Onsite,3,Above Average,Expert (20+),Lifer (10+),51.10020738351907,Moderate
21,Yes,Travel_Frequently,251,Research & Development,10,2,Life Sciences,1279,1,Female,45,2,1,Laboratory Technician,3,Single,2625,25308,1,No,20,4,3,0,2,2,1,2,2,2,2,4,38.2,8,4,3,2,Onsite,4,Low,Entry (0-2),Settling (2-3),41.25269851670328,At Risk
46,No,Travel_Rarely,168,Sales,4,2,Marketing,1280,4,Female,33,2,5,Manager,2,Married,18789,9946,2,No,14,3,3,1,26,2,3,11,4,0,8,4,44.7,25,3,2,3,Hybrid,4,High,Expert (20+),Lifer (10+),39.32044331780716,At Risk
34,No,Travel_Rarely,131,Sales,2,3,Marketing,1281,3,Female,86,3,2,Sales Executive,1,Single,4538,6039,0,Yes,12,3,4,0,4,3,3,3,2,0,2,4,49.0,18,4,3,2,Onsite,3,Below Average,Early (3-5),Settling (2-3),42.95384929500177,At Risk
51,No,Travel_Frequently,237,Sales,9,3,Life Sciences,1282,4,Male,83,3,5,Manager,2,Divorced,19847,19196,4,Yes,24,4,1,1,31,5,2,29,10,11,10,4,62.5,27,5,1,5,Onsite,5,High,Expert (20+),Lifer (10+),57.2261381275023,Moderate
59,No,Travel_Rarely,1429,Research & Development,18,4,Medical,1283,4,Male,67,3,3,Manufacturing Director,4,Single,10512,20002,6,No,12,3,4,0,25,6,2,9,7,5,4,3,47.5,15,4,3,3,Remote,3,Above Average,Expert (20+),Veteran (6-10),60.66029831976546,Moderate
34,No,Travel_Frequently,135,Research & Development,19,3,Medical,1285,3,Female,46,3,2,Laboratory Technician,2,Divorced,4444,22534,4,No,13,3,3,2,15,2,4,11,8,5,10,4,35.0,8,4,1,4,Hybrid,3,Below Average,Senior (11-20),Lifer (10+),51.79612895905671,Moderate
28,No,Travel_Frequently,791,Research & Development,1,4,Medical,1286,4,Male,44,3,1,Laboratory Technician,3,Single,2154,6842,0,Yes,11,3,3,0,5,2,2,4,2,0,2,3,44.8,8,2,3,2,Hybrid,2,Low,Early (3-5),Established (4-5),43.130457395674895,At Risk
44,No,Travel_Rarely,1199,Research & Development,4,2,Life Sciences,1288,3,Male,92,4,5,Manager,1,Divorced,19190,17477,1,No,14,3,4,2,26,4,2,25,9,14,13,4,40.4,19,3,1,3,Hybrid,3,High,Expert (20+),Lifer (10+),38.709997312200464,At Risk
34,No,Travel_Frequently,648,Human Resources,11,3,Life Sciences,1289,3,Male,56,2,2,Human Resources,2,Married,4490,21833,4,No,11,3,4,2,14,5,4,10,9,1,8,3,37.7,5,3,4,4,Hybrid,4,Below Average,Senior (11-20),Veteran (6-10),58.33656962418705,Moderate
35,No,Travel_Rarely,735,Research & Development,6,1,Life Sciences,1291,3,Male,66,3,1,Research Scientist,3,Married,3506,6020,0,Yes,14,3,4,0,4,3,3,3,2,2,2,5,51.3,6,4,3,4,Hybrid,4,Below Average,Early (3-5),Settling (2-3),56.3801578262508,Moderate
42,No,Travel_Rarely,603,Research & Development,7,4,Medical,1292,2,Female,78,4,2,Research Scientist,2,Married,2372,5628,6,Yes,16,3,4,0,18,2,3,1,0,0,0,3,47.7,9,5,4,4,Onsite,3,Low,Senior (11-20),New (0-1),73.63078875685657,Healthy
43,No,Travel_Rarely,531,Sales,4,4,Marketing,1293,4,Female,56,2,3,Sales Executive,4,Single,10231,20364,3,No,14,3,4,0,23,3,4,21,7,15,17,3,38.1,13,3,1,5,Hybrid,3,Above Average,Expert (20+),Lifer (10+),59.46694061415984,Moderate
36,No,Travel_Rarely,429,Research & Development,2,4,Life Sciences,1294,3,Female,53,3,2,Manufacturing Director,2,Single,5410,2323,9,Yes,11,3,4,0,18,2,3,16,14,5,12,4,44.6,20,1,2,4,Onsite,4,Below Average,Senior (11-20),Lifer (10+),40.247348652481186,At Risk
44,Yes,Travel_Rarely,621,Research & Development,15,3,Medical,1295,1,Female,73,3,3,Healthcare Representative,4,Married,7978,14075,1,No,11,3,4,1,10,2,3,10,7,0,5,5,43.4,13,3,3,3,Remote,3,Average,Mid (6-10),Veteran (6-10),50.13527617203057,Moderate
28,No,Travel_Frequently,193,Research & Development,2,3,Life Sciences,1296,4,Male,52,2,1,Laboratory Technician,4,Married,3867,14222,1,Yes,12,3,2,1,2,2,3,2,2,2,2,4,46.6,11,3,5,3,Hybrid,1,Below Average,Entry (0-2),Settling (2-3),57.344290010032616,Moderate
51,No,Travel_Frequently,968,Research & Development,6,2,Medical,1297,2,Female,40,2,1,Laboratory Technician,3,Single,2838,4257,0,No,14,3,2,0,8,6,2,7,0,7,7,3,37.5,3,3,3,5,Hybrid,3,Low,Mid (6-10),Veteran (6-10),59.14687292422677,Moderate
30,No,Non-Travel,879,Research & Development,9,2,Medical,1298,3,Female,72,3,2,Manufacturing Director,3,Single,4695,12858,7,Yes,18,3,3,0,10,3,3,8,4,1,7,5,54.0,8,4,3,5,Hybrid,3,Below Average,Mid (6-10),Veteran (6-10),61.709063909678555,Moderate
29,Yes,Travel_Rarely,806,Research & Development,7,3,Technical Degree,1299,2,Female,39,3,1,Laboratory Technician,3,Divorced,3339,17285,3,Yes,13,3,1,2,10,2,3,7,7,7,7,3,47.2,9,4,1,4,Onsite,3,Below Average,Mid (6-10),Veteran (6-10),57.2610161010074,Moderate
28,No,Travel_Rarely,640,Research & Development,1,3,Technical Degree,1301,4,Male,84,3,1,Research Scientist,1,Single,2080,4732,2,No,11,3,2,0,5,2,2,3,2,1,2,1,39.3,6,3,3,4,Hybrid,3,Low,Early (3-5),Settling (2-3),59.53623610361366,Moderate
25,No,Travel_Rarely,266,Research & Development,1,3,Medical,1303,4,Female,40,3,1,Research Scientist,2,Single,2096,18830,1,No,18,3,4,0,2,3,2,2,2,2,1,3,47.1,8,3,4,5,Remote,3,Low,Entry (0-2),Settling (2-3),63.73688151436402,Moderate
32,No,Travel_Rarely,604,Sales,8,3,Medical,1304,3,Male,56,4,2,Sales Executive,4,Married,6209,11693,1,No,15,3,3,2,10,4,4,10,7,0,8,3,45.7,15,2,5,4,Hybrid,2,Average,Mid (6-10),Veteran (6-10),73.26586463513355,Healthy
45,No,Travel_Frequently,364,Research & Development,25,3,Medical,1306,2,Female,83,3,5,Manager,2,Single,18061,13035,3,No,22,4,3,0,22,4,3,0,0,0,0,3,40.4,21,4,4,4,Onsite,5,High,Expert (20+),New (0-1),64.91587909415499,Moderate
39,No,Travel_Rarely,412,Research & Development,13,4,Medical,1307,3,Female,94,2,4,Manager,2,Divorced,17123,17334,6,Yes,13,3,4,2,21,4,3,19,9,15,2,5,57.9,26,3,2,2,Onsite,3,High,Expert (20+),Lifer (10+),29.847377799387704,Critical
58,No,Travel_Rarely,848,Research & Development,23,4,Life Sciences,1308,1,Male,88,3,1,Research Scientist,3,Divorced,2372,26076,1,No,12,3,4,2,2,3,3,2,2,2,2,3,42.8,6,3,4,3,Hybrid,4,Low,Entry (0-2),Settling (2-3),58.670997439934766,Moderate
32,Yes,Travel_Rarely,1089,Research & Development,7,2,Life Sciences,1309,4,Male,79,3,2,Laboratory Technician,3,Married,4883,22845,1,No,18,3,1,1,10,3,3,10,4,1,1,3,36.5,8,4,4,3,Hybrid,4,Below Average,Mid (6-10),Veteran (6-10),63.043300910419866,Moderate
39,Yes,Travel_Rarely,360,Research & Development,23,3,Medical,1310,3,Male,93,3,1,Research Scientist,1,Single,3904,22154,0,No,13,3,1,0,6,2,3,5,2,0,3,2,42.9,12,3,3,5,Hybrid,3,Below Average,Mid (6-10),Established (4-5),62.85658294478333,Moderate
30,No,Travel_Rarely,1138,Research & Development,6,3,Technical Degree,1311,1,Female,48,2,2,Laboratory Technician,4,Married,4627,23631,0,No,12,3,1,1,10,6,3,9,2,6,7,4,47.3,14,3,3,5,Onsite,3,Below Average,Mid (6-10),Veteran (6-10),60.594641581661314,Moderate
36,No,Travel_Rarely,325,Research & Development,10,4,Technical Degree,1312,4,Female,63,3,3,Healthcare Representative,3,Married,7094,5747,3,No,12,3,1,0,10,0,3,7,7,1,7,4,38.1,10,2,2,4,Onsite,4,Average,Mid (6-10),Veteran (6-10),48.075980022658904,At Risk
46,No,Travel_Rarely,991,Human Resources,1,2,Life Sciences,1314,4,Female,44,3,1,Human Resources,1,Single,3423,22957,6,No,12,3,3,0,10,3,4,7,6,5,7,3,35.1,12,2,3,5,Onsite,4,Below Average,Mid (6-10),Veteran (6-10),56.475720232040146,Moderate
28,No,Non-Travel,1476,Research & Development,1,3,Life Sciences,1315,3,Female,55,1,2,Laboratory Technician,4,Married,6674,16392,0,No,11,3,1,3,10,6,3,9,8,7,5,5,45.2,8,4,3,5,Onsite,3,Average,Mid (6-10),Veteran (6-10),56.48017942493823,Moderate
50,No,Travel_Rarely,1322,Research & Development,28,3,Life Sciences,1317,4,Female,43,3,4,Research Director,1,Married,16880,22422,4,Yes,11,3,2,0,25,2,3,3,2,1,2,3,57.3,22,3,5,4,Hybrid,4,High,Expert (20+),Settling (2-3),60.79097802159068,Moderate
40,Yes,Travel_Rarely,299,Sales,25,4,Marketing,1318,4,Male,57,2,3,Sales Executive,2,Single,9094,17235,2,Yes,12,3,3,0,9,2,3,5,4,1,0,3,50.9,11,3,2,5,Remote,3,Average,Mid (6-10),Established (4-5),54.12241491965436,Moderate
52,Yes,Travel_Rarely,1030,Sales,5,3,Life Sciences,1319,2,Male,64,3,3,Sales Executive,2,Single,8446,21534,9,Yes,19,3,3,0,10,2,2,8,7,7,7,4,58.2,16,3,3,3,Onsite,3,Average,Mid (6-10),Veteran (6-10),45.23117961490342,At Risk
30,No,Travel_Rarely,634,Research & Development,17,4,Medical,1321,2,Female,95,3,3,Manager,1,Married,11916,25927,1,Yes,23,4,4,2,9,2,3,9,1,0,8,4,55.9,27,3,5,4,Hybrid,4,Above Average,Mid (6-10),Veteran (6-10),56.64681858659897,Moderate
39,No,Travel_Rarely,524,Research & Development,18,2,Life Sciences,1322,1,Male,32,3,2,Manufacturing Director,3,Single,4534,13352,0,No,11,3,1,0,9,6,3,8,7,1,7,3,35.8,8,1,4,4,Onsite,3,Below Average,Mid (6-10),Veteran (6-10),55.25529658239231,Moderate
31,No,Non-Travel,587,Sales,2,4,Life Sciences,1324,4,Female,57,3,3,Sales Executive,3,Divorced,9852,8935,1,Yes,19,3,1,1,10,5,2,10,8,9,6,4,56.2,16,5,4,4,Hybrid,3,Average,Mid (6-10),Veteran (6-10),66.4647508366074,Moderate
41,No,Non-Travel,256,Sales,10,2,Medical,1329,3,Male,40,1,2,Sales Executive,2,Single,6151,22074,1,No,13,3,1,0,19,4,3,19,2,11,9,3,45.8,11,2,3,4,Remote,2,Average,Senior (11-20),Lifer (10+),43.78232947113844,At Risk
31,Yes,Travel_Frequently,1060,Sales,1,3,Life Sciences,1331,4,Female,54,3,1,Sales Representative,2,Single,2302,8319,1,Yes,11,3,1,0,3,2,4,3,2,2,2,3,50.1,12,2,4,5,Onsite,4,Low,Early (3-5),Settling (2-3),63.63577842934617,Moderate
44,Yes,Travel_Rarely,935,Research & Development,3,3,Life Sciences,1333,1,Male,89,3,1,Laboratory Technician,1,Married,2362,14669,4,No,12,3,3,0,10,4,4,3,2,1,2,4,38.6,11,1,2,3,Remote,3,Low,Mid (6-10),Settling (2-3),33.59771486209443,At Risk
42,No,Non-Travel,495,Research & Development,2,1,Life Sciences,1334,3,Male,37,3,4,Manager,3,Married,17861,26582,0,Yes,13,3,4,0,21,3,2,20,8,2,10,4,47.9,29,4,2,3,Hybrid,3,High,Expert (20+),Lifer (10+),49.35608068746773,At Risk
55,No,Travel_Rarely,282,Research & Development,2,2,Medical,1336,4,Female,58,1,5,Manager,3,Married,19187,6992,4,No,14,3,4,1,23,5,3,19,9,9,11,4,47.7,22,3,3,4,Hybrid,2,High,Expert (20+),Lifer (10+),47.46680140632446,At Risk
56,No,Travel_Rarely,206,Human Resources,8,4,Life Sciences,1338,4,Male,99,3,5,Manager,2,Single,19717,4022,6,No,14,3,1,0,36,4,3,7,3,7,7,4,47.9,18,3,1,4,Onsite,4,High,Expert (20+),Veteran (6-10),45.28822529583798,At Risk
40,No,Non-Travel,458,Research & Development,16,2,Life Sciences,1340,3,Male,74,3,1,Research Scientist,3,Divorced,3544,8532,9,No,16,3,2,1,6,0,3,4,2,0,0,3,39.4,10,3,4,4,Hybrid,4,Below Average,Mid (6-10),Established (4-5),63.99990352336251,Moderate
34,No,Travel_Rarely,943,Research & Development,9,3,Life Sciences,1344,4,Male,86,3,3,Healthcare Representative,4,Divorced,8500,5494,0,No,11,3,4,1,10,0,2,9,7,1,6,4,47.9,15,5,4,5,Remote,2,Average,Mid (6-10),Veteran (6-10),75.24998481972776,Healthy
40,No,Travel_Rarely,523,Research & Development,2,3,Life Sciences,1346,3,Male,98,3,2,Research Scientist,4,Single,4661,22455,1,No,13,3,3,0,9,4,3,9,8,8,8,4,39.8,14,4,2,5,Onsite,3,Below Average,Mid (6-10),Veteran (6-10),65.60582094674947,Moderate
41,No,Travel_Frequently,1018,Sales,1,3,Marketing,1349,3,Female,66,3,2,Sales Executive,1,Divorced,4103,4297,0,No,17,3,4,1,10,2,3,9,3,1,7,4,43.4,8,3,3,5,Hybrid,4,Below Average,Mid (6-10),Veteran (6-10),54.56826407479991,Moderate
35,No,Travel_Frequently,482,Research & Development,4,4,Life Sciences,1350,3,Male,87,3,2,Research Scientist,3,Single,4249,2690,1,Yes,11,3,2,0,9,3,3,9,6,1,1,5,44.5,7,3,3,4,Onsite,3,Below Average,Mid (6-10),Veteran (6-10),52.0078543557657,Moderate
51,No,Travel_Rarely,770,Human Resources,5,3,Life Sciences,1352,3,Male,84,3,4,Manager,2,Divorced,14026,17588,1,Yes,11,3,2,1,33,2,3,33,9,0,10,4,58.4,22,1,3,3,Hybrid,3,Above Average,Expert (20+),Lifer (10+),38.62217286666684,At Risk
38,No,Travel_Rarely,1009,Sales,2,2,Life Sciences,1355,2,Female,31,3,2,Sales Executive,1,Divorced,6893,19461,3,No,15,3,4,1,11,3,3,7,7,1,7,4,40.4,8,3,4,4,Onsite,3,Average,Senior (11-20),Veteran (6-10),52.94308828898557,Moderate
34,No,Travel_Rarely,507,Sales,15,2,Medical,1356,3,Female,66,3,2,Sales Executive,1,Single,6125,23553,1,No,12,3,4,0,10,6,4,10,8,9,6,3,41.2,6,3,3,5,Remote,3,Average,Mid (6-10),Veteran (6-10),60.848023702525246,Moderate
25,No,Travel_Rarely,882,Research & Development,19,1,Medical,1358,4,Male,67,3,1,Laboratory Technician,4,Married,3669,9075,3,No,11,3,3,3,7,6,2,3,2,1,2,4,38.9,10,4,4,3,Onsite,3,Below Average,Mid (6-10),Settling (2-3),60.219869182387164,Moderate
58,Yes,Travel_Rarely,601,Research & Development,7,4,Medical,1360,3,Female,53,2,3,Manufacturing Director,1,Married,10008,12023,7,Yes,14,3,4,0,31,0,2,10,9,5,9,4,49.3,10,2,3,5,Onsite,3,Above Average,Expert (20+),Veteran (6-10),43.717754219364714,At Risk
40,No,Travel_Rarely,329,Research & Development,1,4,Life Sciences,1361,2,Male,88,3,1,Laboratory Technician,2,Married,2387,6762,3,No,22,4,3,1,7,3,3,4,2,0,3,4,42.9,9,3,4,3,Onsite,5,Low,Mid (6-10),Established (4-5),51.07051010525044,Moderate
36,No,Travel_Frequently,607,Sales,7,3,Marketing,1362,1,Female,83,4,2,Sales Executive,1,Married,4639,2261,2,No,16,3,4,1,17,2,2,15,7,6,13,3,40.2,7,3,2,3,Remote,3,Below Average,Senior (11-20),Lifer (10+),46.55788704480557,At Risk
48,No,Travel_Rarely,855,Research & Development,4,3,Life Sciences,1363,4,Male,54,3,3,Manufacturing Director,4,Single,7898,18706,1,No,11,3,3,0,11,2,3,10,9,0,8,2,36.2,20,3,5,4,Hybrid,3,Average,Senior (11-20),Veteran (6-10),75.30412115566025,Healthy
27,No,Travel_Rarely,1291,Sales,11,3,Medical,1364,3,Female,98,4,1,Sales Representative,4,Married,2534,6527,8,No,14,3,2,1,5,4,3,1,0,0,0,3,46.6,2,3,3,4,Hybrid,4,Low,Early (3-5),New (0-1),68.09510731765822,Moderate
51,No,Travel_Rarely,1405,Research & Development,11,2,Technical Degree,1367,4,Female,82,2,4,Manufacturing Director,2,Single,13142,24439,3,No,16,3,2,0,29,1,2,5,2,0,3,3,50.4,12,5,3,5,Remote,4,Above Average,Expert (20+),Established (4-5),64.43515196550435,Moderate
18,No,Non-Travel,1124,Research & Development,1,3,Life Sciences,1368,4,Female,97,3,1,Laboratory Technician,4,Single,1611,19305,1,No,15,3,3,0,0,5,4,0,0,0,0,4,35.0,7,3,5,3,Hybrid,2,Low,Entry (0-2),New (0-1),63.82249639498272,Moderate
35,No,Travel_Rarely,817,Research & Development,1,3,Medical,1369,4,Female,60,2,2,Laboratory Technician,4,Married,5363,10846,0,No,12,3,2,1,10,0,3,9,7,0,0,3,43.9,9,4,3,4,Onsite,4,Below Average,Mid (6-10),Veteran (6-10),63.78219840371037,Moderate
27,No,Travel_Frequently,793,Sales,2,1,Life Sciences,1371,4,Male,43,1,2,Sales Executive,4,Single,5071,20392,3,No,20,4,2,0,8,3,3,6,2,0,0,3,39.1,12,4,4,3,Hybrid,3,Below Average,Mid (6-10),Veteran (6-10),57.81441642567954,Moderate
55,Yes,Travel_Rarely,267,Sales,13,4,Marketing,1372,1,Male,85,4,4,Sales Executive,3,Single,13695,9277,6,Yes,17,3,3,0,24,2,2,19,7,3,8,3,59.8,17,5,3,2,Onsite,3,Above Average,Expert (20+),Lifer (10+),60.58997399934667,Moderate
56,No,Travel_Rarely,1369,Research & Development,23,3,Life Sciences,1373,4,Male,68,3,4,Manufacturing Director,2,Married,13402,18235,4,Yes,12,3,1,1,33,0,3,19,16,15,9,4,55.3,21,4,1,3,Remote,2,Above Average,Expert (20+),Lifer (10+),44.331622682895336,At Risk
34,No,Non-Travel,999,Research & Development,26,1,Technical Degree,1374,1,Female,92,2,1,Research Scientist,3,Divorced,2029,15891,1,No,20,4,3,3,5,2,3,5,4,0,0,1,38.7,2,4,4,2,Onsite,4,Low,Early (3-5),Established (4-5),61.660107504759054,Moderate
40,No,Travel_Rarely,1202,Research & Development,2,1,Medical,1375,2,Female,89,4,2,Healthcare Representative,3,Divorced,6377,13888,5,No,20,4,2,3,15,0,3,12,11,11,8,2,38.0,6,5,2,4,Onsite,4,Average,Senior (11-20),Lifer (10+),73.8238154963141,Healthy
34,No,Travel_Rarely,285,Research & Development,29,3,Medical,1377,2,Male,86,3,2,Laboratory Technician,3,Married,5429,17491,4,No,13,3,1,2,10,1,3,8,7,7,7,4,38.3,4,5,2,5,Hybrid,3,Below Average,Mid (6-10),Veteran (6-10),66.52179651754196,Moderate
31,Yes,Travel_Frequently,703,Sales,2,3,Life Sciences,1379,3,Female,90,2,1,Sales Representative,4,Single,2785,11882,7,No,14,3,3,0,3,3,4,1,0,0,0,4,35.1,9,1,5,2,Onsite,2,Low,Early (3-5),New (0-1),45.40637717836829,At Risk
35,Yes,Travel_Frequently,662,Sales,18,4,Marketing,1380,4,Female,67,3,2,Sales Executive,3,Married,4614,23288,0,Yes,18,3,3,1,5,0,2,4,2,3,2,5,44.3,8,4,2,4,Remote,3,Below Average,Early (3-5),Established (4-5),50.54082733590377,Moderate
38,No,Travel_Frequently,693,Research & Development,7,3,Life Sciences,1382,4,Male,57,4,1,Research Scientist,3,Divorced,2610,15748,1,No,11,3,4,3,4,2,3,4,2,0,3,2,39.3,12,3,4,3,Onsite,3,Low,Early (3-5),Established (4-5),67.15776306714295,Moderate
34,No,Travel_Rarely,404,Research & Development,2,4,Technical Degree,1383,3,Female,98,3,2,Healthcare Representative,4,Single,6687,6163,1,No,11,3,4,0,14,2,4,14,11,4,11,3,37.4,14,4,3,4,Onsite,3,Average,Senior (11-20),Lifer (10+),70.26040478866045,Healthy
28,No,Travel_Rarely,736,Sales,26,3,Life Sciences,1387,3,Male,48,2,2,Sales Executive,1,Married,4724,24232,1,No,11,3,3,1,5,0,3,5,3,0,4,3,43.8,19,4,2,3,Remote,3,Below Average,Early (3-5),Established (4-5),44.380578323591344,At Risk
31,Yes,Travel_Rarely,330,Research & Development,22,4,Medical,1389,4,Male,98,3,2,Manufacturing Director,3,Married,6179,21057,1,Yes,15,3,4,2,10,3,2,10,2,6,7,3,57.1,10,4,2,3,Onsite,2,Average,Mid (6-10),Veteran (6-10),53.50024012245943,Moderate
39,No,Travel_Rarely,1498,Sales,21,4,Life Sciences,1390,1,Male,44,2,2,Sales Executive,4,Married,6120,3567,3,Yes,12,3,4,2,8,2,4,5,4,1,4,5,50.8,11,4,4,4,Hybrid,5,Average,Mid (6-10),Established (4-5),61.33321002407398,Moderate
51,No,Travel_Frequently,541,Sales,2,3,Marketing,1391,2,Male,52,3,3,Sales Executive,2,Married,10596,15395,2,No,11,3,2,0,14,5,3,4,2,3,2,4,43.6,22,5,4,3,Onsite,2,Above Average,Senior (11-20),Established (4-5),59.81511704622064,Moderate
41,No,Travel_Frequently,1200,Research & Development,22,3,Life Sciences,1392,4,Female,75,3,2,Research Scientist,4,Divorced,5467,13953,3,Yes,14,3,1,2,12,4,2,6,2,3,3,4,57.1,9,5,5,4,Hybrid,3,Below Average,Senior (11-20),Veteran (6-10),73.62480903391342,Healthy
37,No,Travel_Rarely,1439,Research & Development,4,1,Life Sciences,1394,3,Male,54,3,1,Research Scientist,3,Married,2996,5182,7,Yes,15,3,4,0,8,2,3,6,4,1,3,4,53.0,8,4,5,2,Onsite,2,Low,Mid (6-10),Veteran (6-10),57.27396568961382,Moderate
33,No,Travel_Frequently,1111,Sales,5,1,Life Sciences,1395,2,Male,61,3,2,Sales Executive,4,Married,9998,19293,6,No,13,3,1,0,8,2,4,5,4,1,2,3,40.6,9,3,4,4,Hybrid,2,Average,Mid (6-10),Established (4-5),69.59183161578876,Moderate
32,No,Travel_Rarely,499,Sales,2,1,Marketing,1396,3,Male,36,3,2,Sales Executive,2,Married,4078,20497,0,Yes,13,3,1,3,4,3,2,3,2,1,2,2,54.5,15,2,3,4,Remote,3,Below Average,Early (3-5),Settling (2-3),54.47610109782948,Moderate
39,No,Non-Travel,1485,Research & Development,25,2,Life Sciences,1397,3,Male,71,3,3,Healthcare Representative,3,Married,10920,3449,3,No,21,4,2,1,13,2,3,6,4,0,5,3,44.5,22,5,4,4,Hybrid,4,Above Average,Senior (11-20),Veteran (6-10),72.7445104643327,Healthy
25,No,Travel_Rarely,1372,Sales,18,1,Life Sciences,1399,1,Male,93,4,2,Sales Executive,3,Married,6232,12477,2,No,11,3,2,0,6,3,2,3,2,1,2,3,36.9,8,3,3,2,Remote,5,Average,Mid (6-10),Settling (2-3),51.84536705837647,Moderate
52,No,Travel_Frequently,322,Research & Development,28,2,Medical,1401,4,Female,59,4,4,Manufacturing Director,3,Married,13247,9731,2,Yes,11,3,2,1,24,3,2,5,3,0,2,3,58.5,15,4,4,5,Hybrid,4,Above Average,Expert (20+),Established (4-5),75.90811907675821,Healthy
43,No,Travel_Rarely,930,Research & Development,6,3,Medical,1402,1,Female,73,2,2,Research Scientist,3,Single,4081,20003,1,Yes,14,3,1,0,20,3,1,20,7,1,8,4,54.5,12,3,3,3,Hybrid,3,Below Average,Senior (11-20),Lifer (10+),42.20930112964593,At Risk
27,No,Travel_Rarely,205,Sales,10,3,Marketing,1403,4,Female,98,2,2,Sales Executive,4,Married,5769,7100,1,Yes,11,3,4,0,6,3,3,6,2,4,4,5,49.0,15,2,5,4,Remote,2,Below Average,Mid (6-10),Veteran (6-10),54.15673318798356,Moderate
27,Yes,Travel_Rarely,135,Research & Development,17,4,Life Sciences,1405,4,Female,51,3,1,Research Scientist,3,Single,2394,25681,1,Yes,13,3,4,0,8,2,3,8,2,7,7,5,54.7,9,3,3,5,Remote,4,Low,Mid (6-10),Veteran (6-10),57.336760439193455,Moderate
26,No,Travel_Rarely,683,Research & Development,2,1,Medical,1407,1,Male,36,2,1,Research Scientist,4,Single,3904,4050,0,No,12,3,4,0,5,2,3,4,3,1,1,3,42.3,4,5,2,2,Onsite,4,Below Average,Early (3-5),Established (4-5),53.792959409726556,Moderate
42,No,Travel_Rarely,1147,Human Resources,10,3,Human Resources,1408,3,Female,31,3,4,Manager,1,Married,16799,16616,0,No,14,3,3,1,21,5,3,20,7,0,9,4,43.3,30,4,3,5,Hybrid,2,High,Expert (20+),Lifer (10+),58.94056754528501,Moderate
52,No,Travel_Rarely,258,Research & Development,8,4,Other,1409,3,Female,54,3,1,Laboratory Technician,1,Married,2950,17363,9,No,13,3,3,0,12,2,1,5,4,0,4,4,45.5,6,4,4,4,Onsite,3,Low,Senior (11-20),Established (4-5),53.044191374003425,Moderate
37,No,Travel_Rarely,1462,Research & Development,11,3,Medical,1411,1,Female,94,3,1,Laboratory Technician,3,Single,3629,19106,4,No,18,3,1,0,8,6,3,3,2,0,2,4,49.1,10,4,5,3,Hybrid,3,Below Average,Mid (6-10),Settling (2-3),62.60287177304157,Moderate
35,No,Travel_Frequently,200,Research & Development,18,2,Life Sciences,1412,3,Male,60,3,3,Manufacturing Director,4,Single,9362,19944,2,No,11,3,3,0,10,2,3,2,2,2,2,3,39.5,11,2,2,4,Onsite,3,Average,Mid (6-10),Settling (2-3),55.67646735734323,Moderate
25,No,Travel_Rarely,949,Research & Development,1,3,Technical Degree,1415,1,Male,81,3,1,Laboratory Technician,4,Married,3229,4910,4,No,11,3,2,1,7,2,2,3,2,0,2,2,35.0,3,3,4,3,Onsite,4,Below Average,Mid (6-10),Settling (2-3),64.13588458188548,Moderate
26,No,Travel_Rarely,652,Research & Development,7,3,Other,1417,3,Male,100,4,1,Laboratory Technician,1,Single,3578,23577,0,No,12,3,4,0,8,2,3,7,7,0,7,4,40.8,13,3,2,4,Hybrid,4,Below Average,Mid (6-10),Veteran (6-10),49.878233885975234,At Risk
29,No,Travel_Rarely,332,Human Resources,17,3,Other,1419,2,Male,51,2,3,Human Resources,1,Single,7988,9769,1,No,13,3,1,0,10,3,2,10,9,0,9,4,46.3,15,5,4,4,Onsite,3,Average,Mid (6-10),Veteran (6-10),55.20948884500567,Moderate
49,Yes,Travel_Frequently,1475,Research & Development,28,2,Life Sciences,1420,1,Male,97,2,2,Laboratory Technician,1,Single,4284,22710,3,No,20,4,1,0,20,2,3,4,3,1,3,4,40.2,7,4,4,4,Hybrid,3,Below Average,Senior (11-20),Established (4-5),52.9727855672542,Moderate
29,Yes,Travel_Frequently,337,Research & Development,14,1,Other,1421,3,Female,84,3,3,Healthcare Representative,4,Single,7553,22930,0,Yes,12,3,1,0,9,1,3,8,7,7,7,5,61.9,16,3,1,3,Onsite,4,Average,Mid (6-10),Veteran (6-10),42.72781557680376,At Risk
54,No,Travel_Rarely,971,Research & Development,1,3,Medical,1422,4,Female,54,3,4,Research Director,4,Single,17328,5652,6,No,19,3,4,0,29,3,2,20,7,12,7,4,39.5,22,4,1,5,Hybrid,4,High,Expert (20+),Lifer (10+),59.766490456402444,Moderate
58,No,Travel_Rarely,1055,Research & Development,1,3,Medical,1423,4,Female,76,3,5,Research Director,1,Married,19701,22456,3,Yes,21,4,3,1,32,3,3,9,8,1,5,4,55.0,27,4,4,5,Remote,4,High,Expert (20+),Veteran (6-10),62.64429784289841,Moderate
55,No,Travel_Rarely,1136,Research & Development,1,4,Medical,1424,2,Male,81,4,4,Research Director,4,Divorced,14732,12414,2,No,13,3,4,2,31,4,4,7,7,0,0,5,40.9,17,2,3,4,Onsite,2,Above Average,Expert (20+),Veteran (6-10),57.570085169923324,Moderate
36,No,Travel_Rarely,1174,Sales,3,4,Marketing,1425,1,Female,99,3,2,Sales Executive,2,Single,9278,20763,3,Yes,16,3,4,0,15,3,3,5,4,0,1,4,53.7,12,4,4,4,Onsite,4,Average,Senior (11-20),Established (4-5),60.771719659163296,Moderate
31,Yes,Travel_Frequently,667,Sales,1,4,Life Sciences,1427,2,Female,50,1,1,Sales Representative,3,Single,1359,16154,1,No,12,3,2,0,1,3,3,1,0,0,0,5,47.6,7,2,2,3,Remote,3,Low,Entry (0-2),New (0-1),29.917702119806496,Critical
30,No,Travel_Rarely,855,Sales,7,4,Marketing,1428,4,Female,73,3,2,Sales Executive,1,Divorced,4779,12761,7,No,14,3,2,2,8,3,3,3,2,0,2,3,38.0,8,4,3,2,Hybrid,1,Below Average,Mid (6-10),Settling (2-3),47.09800872999347,At Risk
31,No,Travel_Rarely,182,Research & Development,8,5,Life Sciences,1430,1,Female,93,3,4,Research Director,2,Single,16422,8847,3,No,11,3,3,0,9,3,4,3,2,1,0,5,41.1,20,3,2,3,Onsite,3,High,Mid (6-10),Settling (2-3),41.65449026776555,At Risk
34,No,Travel_Frequently,560,Research & Development,1,4,Other,1431,4,Male,91,3,1,Research Scientist,1,Divorced,2996,20284,5,No,14,3,3,2,10,2,3,4,3,1,3,3,43.0,11,4,4,3,Onsite,3,Low,Mid (6-10),Established (4-5),56.130645111034625,Moderate
31,Yes,Travel_Rarely,202,Research & Development,8,3,Life Sciences,1433,1,Female,34,2,1,Research Scientist,2,Single,1261,22262,1,No,12,3,3,0,1,3,4,1,0,0,0,3,37.3,5,2,3,2,Onsite,3,Low,Entry (0-2),New (0-1),39.602723689233045,At Risk
27,No,Travel_Rarely,1377,Research & Development,11,1,Life Sciences,1434,2,Male,91,3,1,Laboratory Technician,1,Married,2099,7679,0,No,14,3,2,0,6,3,4,5,0,1,4,3,38.6,6,3,3,2,Remote,3,Low,Mid (6-10),Established (4-5),44.86130545224199,At Risk
36,No,Travel_Rarely,172,Research & Development,4,4,Life Sciences,1435,1,Male,37,2,2,Laboratory Technician,4,Single,5810,22604,1,No,16,3,3,0,10,2,2,10,4,1,8,3,42.0,14,5,4,3,Hybrid,3,Below Average,Mid (6-10),Veteran (6-10),64.3937258956475,Moderate
36,No,Travel_Rarely,329,Sales,16,4,Marketing,1436,3,Female,98,2,2,Sales Executive,1,Married,5647,13494,4,No,13,3,1,2,11,3,2,3,2,0,2,3,35.0,13,3,4,3,Remote,4,Below Average,Senior (11-20),Settling (2-3),45.280135255599426,At Risk
47,No,Travel_Rarely,465,Research & Development,1,3,Technical Degree,1438,1,Male,74,3,1,Research Scientist,4,Married,3420,10205,7,No,12,3,3,1,17,2,2,6,5,1,2,3,40.3,10,3,3,1,Hybrid,3,Below Average,Senior (11-20),Veteran (6-10),45.63018268242486,At Risk
25,Yes,Travel_Rarely,383,Sales,9,2,Life Sciences,1439,1,Male,68,2,1,Sales Representative,1,Married,4400,15182,3,No,12,3,1,0,6,2,3,3,2,2,2,3,36.8,7,4,3,3,Remote,4,Below Average,Mid (6-10),Settling (2-3),48.08430862120475,At Risk
37,No,Non-Travel,1413,Research & Development,5,2,Technical Degree,1440,3,Male,84,4,1,Laboratory Technician,3,Single,3500,25470,0,No,14,3,1,0,7,2,1,6,5,1,3,3,39.2,9,3,4,5,Onsite,3,Below Average,Mid (6-10),Veteran (6-10),69.40021541353948,Moderate
56,No,Travel_Rarely,1255,Research & Development,1,2,Life Sciences,1441,1,Female,90,3,1,Research Scientist,1,Married,2066,10494,2,No,22,4,4,1,5,3,4,3,2,1,0,5,44.6,11,4,3,3,Onsite,4,Low,Early (3-5),Settling (2-3),46.27419613617144,At Risk
47,No,Travel_Rarely,359,Research & Development,2,4,Medical,1443,1,Female,82,3,4,Research Director,3,Married,17169,26703,3,No,19,3,2,2,26,2,4,20,17,5,6,5,38.3,21,3,5,3,Onsite,3,High,Expert (20+),Lifer (10+),56.22200906029838,Moderate
24,No,Travel_Rarely,1476,Sales,4,1,Medical,1445,4,Female,42,3,2,Sales Executive,3,Married,4162,15211,1,Yes,12,3,3,2,5,3,3,5,4,0,3,4,49.9,11,3,3,4,Remote,4,Below Average,Early (3-5),Established (4-5),56.15201379075741,Moderate
32,No,Travel_Rarely,601,Sales,7,5,Marketing,1446,4,Male,97,3,2,Sales Executive,4,Married,9204,23343,4,No,12,3,3,1,7,3,2,4,3,0,3,3,40.8,11,4,4,3,Remote,3,Average,Mid (6-10),Established (4-5),64.36402861737886,Moderate
34,No,Travel_Rarely,401,Research & Development,1,3,Life Sciences,1447,4,Female,86,2,1,Laboratory Technician,2,Married,3294,3708,5,No,17,3,1,1,7,2,2,5,4,0,2,3,39.3,6,4,4,4,Hybrid,3,Below Average,Mid (6-10),Established (4-5),58.437672709204904,Moderate
41,No,Travel_Rarely,1283,Research & Development,5,5,Medical,1448,2,Male,90,4,1,Research Scientist,3,Married,2127,5561,2,Yes,12,3,1,0,7,5,2,4,2,0,3,4,52.5,10,2,4,3,Hybrid,2,Low,Mid (6-10),Established (4-5),52.36154053394082,Moderate
40,No,Non-Travel,663,Research & Development,9,4,Other,1449,3,Male,81,3,2,Laboratory Technician,3,Divorced,3975,23099,3,No,11,3,3,2,11,2,4,8,7,0,7,2,41.7,12,3,4,3,Onsite,2,Below Average,Senior (11-20),Veteran (6-10),64.95075706766009,Moderate
31,No,Travel_Rarely,326,Sales,8,2,Life Sciences,1453,1,Male,31,3,3,Sales Executive,4,Divorced,10793,8386,1,No,18,3,1,1,13,5,3,13,7,9,9,3,44.9,11,5,3,5,Hybrid,4,Above Average,Senior (11-20),Lifer (10+),77.82601414983968,Healthy
46,Yes,Travel_Rarely,377,Sales,9,3,Marketing,1457,1,Male,52,3,3,Sales Executive,4,Divorced,10096,15986,4,No,11,3,1,1,28,1,4,7,7,4,3,2,45.7,16,4,1,2,Remote,2,Above Average,Expert (20+),Veteran (6-10),56.339291461569864,Moderate
39,Yes,Non-Travel,592,Research & Development,2,3,Life Sciences,1458,1,Female,54,2,1,Laboratory Technician,1,Single,3646,17181,2,Yes,23,4,2,0,11,2,4,1,0,0,0,4,49.2,6,4,3,3,Remote,3,Below Average,Senior (11-20),New (0-1),46.07574937894667,At Risk
31,Yes,Travel_Frequently,1445,Research & Development,1,5,Life Sciences,1459,3,Female,100,4,3,Manufacturing Director,2,Single,7446,8931,1,No,11,3,1,0,10,2,3,10,8,4,7,4,40.2,10,4,2,4,Remote,4,Average,Mid (6-10),Veteran (6-10),57.70686525615296,Moderate
45,No,Travel_Rarely,1038,Research & Development,20,3,Medical,1460,2,Male,95,1,3,Healthcare Representative,1,Divorced,10851,19863,2,Yes,18,3,2,1,24,2,3,7,7,0,7,4,51.9,12,4,3,5,Onsite,2,Above Average,Expert (20+),Veteran (6-10),50.25535516085207,Moderate
31,No,Travel_Rarely,1398,Human Resources,8,2,Medical,1461,4,Female,96,4,1,Human Resources,2,Single,2109,24609,9,No,18,3,4,0,8,3,3,3,2,0,2,4,36.3,11,3,3,4,Hybrid,3,Low,Mid (6-10),Settling (2-3),57.03829208328126,Moderate
31,Yes,Travel_Frequently,523,Research & Development,2,3,Life Sciences,1464,2,Male,94,3,1,Laboratory Technician,4,Married,3722,21081,6,Yes,13,3,3,1,7,2,1,2,2,2,2,3,58.1,12,2,4,3,Onsite,4,Below Average,Mid (6-10),Settling (2-3),53.483821483675044,Moderate
45,No,Travel_Rarely,1448,Research & Development,29,3,Technical Degree,1465,2,Male,55,3,3,Manufacturing Director,4,Married,9380,14720,4,Yes,18,3,4,2,10,4,4,3,1,1,2,3,59.6,18,5,5,3,Onsite,4,Average,Mid (6-10),Settling (2-3),76.71126277094461,Healthy
48,No,Travel_Rarely,1221,Sales,7,3,Marketing,1466,3,Male,96,3,2,Sales Executive,1,Divorced,5486,24795,4,No,11,3,1,3,15,3,3,2,2,2,2,3,35.7,11,2,4,3,Remote,3,Below Average,Senior (11-20),Settling (2-3),47.386038170064424,At Risk
34,Yes,Travel_Rarely,1107,Human Resources,9,4,Technical Degree,1467,1,Female,52,3,1,Human Resources,3,Married,2742,3072,1,No,15,3,4,0,2,0,3,2,2,2,2,4,35.0,7,3,4,2,Remote,3,Low,Entry (0-2),Settling (2-3),49.19793192151531,At Risk
40,No,Non-Travel,218,Research & Development,8,1,Medical,1468,4,Male,55,2,3,Research Director,2,Divorced,13757,25178,2,No,11,3,3,1,16,5,3,9,8,4,8,5,44.5,22,2,3,4,Onsite,2,Above Average,Senior (11-20),Veteran (6-10),39.836616793371505,At Risk
28,No,Travel_Rarely,866,Sales,5,3,Medical,1469,4,Male,84,3,2,Sales Executive,1,Single,8463,23490,0,No,18,3,4,0,6,4,3,5,4,1,3,3,43.3,17,4,3,2,Onsite,2,Average,Mid (6-10),Established (4-5),47.09800872999347,At Risk
44,No,Non-Travel,981,Research & Development,5,3,Life Sciences,1471,3,Male,90,2,1,Laboratory Technician,3,Single,3162,7973,3,No,14,3,4,0,7,5,3,5,2,0,3,4,41.8,9,3,3,3,Hybrid,3,Below Average,Mid (6-10),Established (4-5),46.48050151511318,At Risk
53,No,Travel_Rarely,447,Research & Development,2,3,Medical,1472,4,Male,39,4,4,Research Director,2,Single,16598,19764,4,No,12,3,2,0,35,2,2,9,8,8,8,3,43.9,22,3,3,4,Remote,4,High,Expert (20+),Veteran (6-10),59.04685132553935,Moderate
49,No,Travel_Rarely,1495,Research & Development,5,4,Technical Degree,1473,1,Male,96,3,2,Healthcare Representative,3,Married,6651,21534,2,No,14,3,2,1,20,0,2,3,2,1,2,3,41.4,9,4,3,3,Remote,4,Average,Senior (11-20),Settling (2-3),57.203970420072835,Moderate
40,No,Travel_Rarely,896,Research & Development,2,3,Medical,1474,3,Male,68,3,1,Research Scientist,3,Divorced,2345,8045,2,No,14,3,3,1,8,3,4,3,1,1,2,4,40.1,10,3,3,2,Hybrid,3,Low,Mid (6-10),Settling (2-3),47.62980181663553,At Risk
44,No,Travel_Rarely,1467,Research & Development,20,3,Life Sciences,1475,4,Male,49,3,1,Research Scientist,2,Single,3420,21158,1,No,13,3,3,0,6,3,2,5,2,1,3,4,40.7,6,3,5,4,Remote,2,Below Average,Mid (6-10),Established (4-5),57.96754629355797,Moderate
33,No,Travel_Frequently,430,Sales,7,3,Medical,1477,4,Male,54,3,2,Sales Executive,1,Married,4373,17456,0,No,14,3,1,2,5,2,3,4,3,0,3,2,35.0,12,3,4,4,Remote,3,Below Average,Early (3-5),Established (4-5),61.23140715896898,Moderate
34,No,Travel_Rarely,1326,Sales,3,3,Other,1478,4,Male,81,1,2,Sales Executive,1,Single,4759,15891,3,No,18,3,4,0,15,2,3,13,9,3,12,4,40.2,11,4,3,4,Hybrid,3,Below Average,Senior (11-20),Lifer (10+),44.926449077424316,At Risk
30,No,Travel_Rarely,1358,Sales,16,1,Life Sciences,1479,4,Male,96,3,2,Sales Executive,3,Married,5301,2939,8,No,15,3,3,2,4,2,2,2,1,2,2,4,38.5,9,3,3,3,Remote,3,Below Average,Early (3-5),Settling (2-3),48.68750751459603,At Risk
42,No,Travel_Frequently,748,Research & Development,9,2,Medical,1480,1,Female,74,3,1,Laboratory Technician,4,Single,3673,16458,1,No,13,3,3,0,12,3,3,12,9,5,8,2,40.3,10,3,3,3,Remote,4,Below Average,Senior (11-20),Lifer (10+),62.5677544770057,Moderate
44,No,Travel_Frequently,383,Sales,1,5,Marketing,1481,1,Female,79,3,2,Sales Executive,3,Married,4768,9282,7,No,12,3,3,1,11,4,2,1,0,0,0,3,53.8,11,2,5,2,Onsite,4,Below Average,Senior (11-20),New (0-1),50.53791799090169,Moderate
30,No,Non-Travel,990,Research & Development,7,3,Technical Degree,1482,3,Male,64,3,1,Research Scientist,3,Divorced,1274,7152,1,No,13,3,2,2,1,2,2,1,0,0,0,3,41.9,6,2,4,3,Onsite,3,Low,Entry (0-2),New (0-1),52.16309377671604,Moderate
57,No,Travel_Rarely,405,Research & Development,1,2,Life Sciences,1483,2,Male,93,4,2,Research Scientist,3,Married,4900,2721,0,No,24,4,1,1,13,2,2,12,9,2,8,3,40.6,8,5,5,4,Onsite,4,Below Average,Senior (11-20),Lifer (10+),78.65524676142897,Healthy
49,No,Travel_Rarely,1490,Research & Development,7,4,Life Sciences,1484,3,Male,35,3,3,Healthcare Representative,2,Divorced,10466,20948,3,No,14,3,2,2,29,3,3,8,7,0,7,3,46.3,13,3,5,5,Hybrid,4,Above Average,Expert (20+),Veteran (6-10),69.57621200471105,Moderate
34,No,Travel_Frequently,829,Research & Development,15,3,Medical,1485,2,Male,71,3,4,Research Director,1,Divorced,17007,11929,7,No,14,3,4,2,16,3,2,14,8,6,9,3,46.8,22,2,3,3,Onsite,3,High,Senior (11-20),Lifer (10+),41.5467076797174,At Risk
28,Yes,Travel_Frequently,1496,Sales,1,3,Technical Degree,1486,1,Male,92,3,1,Sales Representative,3,Married,2909,15747,3,No,15,3,4,1,5,3,4,3,2,1,2,3,40.5,8,3,2,2,Remote,2,Low,Early (3-5),Settling (2-3),48.07023095401384,At Risk
29,Yes,Travel_Frequently,115,Sales,13,3,Technical Degree,1487,1,Female,51,3,2,Sales Executive,2,Single,5765,17485,5,No,11,3,1,0,7,4,1,5,3,0,0,4,45.1,15,3,2,2,Hybrid,3,Below Average,Mid (6-10),Established (4-5),34.062943041128634,At Risk
34,Yes,Travel_Rarely,790,Sales,24,4,Medical,1489,1,Female,40,2,2,Sales Executive,2,Single,4599,7815,0,Yes,23,4,3,0,16,2,4,15,9,10,10,5,55.9,12,3,2,3,Remote,3,Below Average,Senior (11-20),Lifer (10+),37.31188407554908,At Risk
35,No,Travel_Rarely,660,Sales,7,1,Life Sciences,1492,4,Male,76,3,1,Sales Representative,3,Married,2404,16192,1,No,13,3,1,1,1,3,3,1,0,0,0,3,35.1,12,3,4,4,Remote,4,Low,Entry (0-2),New (0-1),63.99990352336251,Moderate
24,Yes,Travel_Frequently,381,Research & Development,9,3,Medical,1494,2,Male,89,3,1,Laboratory Technician,1,Single,3172,16998,2,Yes,11,3,3,0,4,2,2,0,0,0,0,5,48.0,8,4,4,1,Onsite,2,Below Average,Early (3-5),New (0-1),35.0489138814621,At Risk
24,No,Non-Travel,830,Sales,13,2,Life Sciences,1495,4,Female,78,3,1,Sales Representative,2,Married,2033,7103,1,No,13,3,3,1,1,2,3,1,0,0,0,1,35.9,11,4,4,3,Hybrid,4,Low,Entry (0-2),New (0-1),67.87529188071065,Moderate
44,No,Travel_Frequently,1193,Research & Development,2,1,Medical,1496,2,Male,86,3,3,Manufacturing Director,3,Single,10209,19719,5,Yes,18,3,2,0,16,2,2,2,2,2,2,5,56.2,14,4,4,4,Onsite,2,Above Average,Senior (11-20),Settling (2-3),57.94828793113058,Moderate
29,No,Travel_Rarely,1246,Sales,19,3,Life Sciences,1497,3,Male,77,2,2,Sales Executive,3,Divorced,8620,23757,1,No,14,3,3,2,10,3,3,10,7,0,4,2,37.4,13,3,4,3,Remote,2,Average,Mid (6-10),Veteran (6-10),58.47255068271,Moderate
30,No,Travel_Rarely,330,Human Resources,1,3,Life Sciences,1499,3,Male,46,3,1,Human Resources,3,Divorced,2064,15428,0,No,21,4,1,1,6,3,4,5,3,1,3,3,37.1,11,3,4,3,Hybrid,4,Low,Mid (6-10),Established (4-5),60.80659763266839,Moderate
55,No,Travel_Rarely,1229,Research & Development,4,4,Life Sciences,1501,4,Male,30,3,2,Healthcare Representative,3,Married,4035,16143,0,Yes,16,3,2,0,4,2,3,3,2,1,2,3,48.7,14,3,4,4,Hybrid,3,Below Average,Early (3-5),Settling (2-3),63.99990352336251,Moderate
33,No,Travel_Rarely,1099,Research & Development,4,4,Medical,1502,1,Female,82,2,1,Laboratory Technician,2,Married,3838,8192,8,No,11,3,4,0,8,5,3,5,4,0,2,2,43.5,6,3,2,4,Onsite,3,Below Average,Mid (6-10),Established (4-5),52.93766827121832,Moderate
47,No,Travel_Rarely,571,Sales,14,3,Medical,1503,3,Female,78,3,2,Sales Executive,3,Married,4591,24200,3,Yes,17,3,3,1,11,4,2,5,4,1,2,5,59.6,21,3,3,4,Hybrid,2,Below Average,Senior (11-20),Established (4-5),49.87225416303208,At Risk
28,Yes,Travel_Frequently,289,Research & Development,2,2,Medical,1504,3,Male,38,2,1,Laboratory Technician,1,Single,2561,5355,7,No,11,3,3,0,8,2,2,0,0,0,0,3,35.4,11,2,4,2,Onsite,3,Low,Mid (6-10),New (0-1),35.57892570168657,At Risk
28,No,Travel_Rarely,1423,Research & Development,1,3,Life Sciences,1506,1,Male,72,2,1,Research Scientist,3,Divorced,1563,12530,1,No,14,3,4,1,1,2,1,1,0,0,0,3,41.4,10,2,4,3,Remote,3,Low,Entry (0-2),New (0-1),45.68488739176594,At Risk
28,No,Travel_Frequently,467,Sales,7,3,Life Sciences,1507,3,Male,55,3,2,Sales Executive,1,Single,4898,11827,0,No,14,3,4,0,5,5,3,4,2,1,3,3,38.3,15,3,3,3,Onsite,4,Below Average,Early (3-5),Established (4-5),48.05461134293611,At Risk
49,No,Travel_Rarely,271,Research & Development,3,2,Medical,1509,3,Female,43,2,2,Laboratory Technician,1,Married,4789,23070,4,No,25,4,1,1,10,3,3,3,2,1,2,4,36.1,11,4,2,4,Hybrid,4,Below Average,Mid (6-10),Settling (2-3),45.56532497202738,At Risk
29,No,Travel_Frequently,410,Research & Development,2,1,Life Sciences,1513,4,Female,97,3,1,Laboratory Technician,2,Married,3180,4668,0,No,13,3,3,3,4,3,3,3,2,0,2,3,38.7,11,4,3,5,Hybrid,4,Below Average,Early (3-5),Settling (2-3),66.54105487996934,Moderate
28,No,Travel_Rarely,1083,Research & Development,29,1,Life Sciences,1514,3,Male,96,1,2,Manufacturing Director,2,Married,6549,3173,1,No,14,3,2,2,8,2,2,8,6,1,7,2,40.7,13,3,3,2,Hybrid,3,Average,Mid (6-10),Veteran (6-10),39.50538001702613,At Risk
33,No,Travel_Rarely,516,Research & Development,8,5,Life Sciences,1515,4,Male,69,3,2,Healthcare Representative,3,Single,6388,22049,2,Yes,17,3,1,0,14,6,3,0,0,0,0,5,58.8,18,3,4,4,Onsite,2,Average,Senior (11-20),New (0-1),55.711584653379106,Moderate
32,No,Travel_Rarely,495,Research & Development,10,3,Medical,1516,3,Male,64,3,3,Manager,4,Single,11244,21072,2,No,25,4,2,0,10,5,4,5,2,0,0,3,43.5,18,3,5,2,Remote,5,Above Average,Mid (6-10),Established (4-5),62.63774974654667,Moderate
54,No,Travel_Frequently,1050,Research & Development,11,4,Medical,1520,2,Female,87,3,4,Manager,4,Divorced,16032,24456,3,No,20,4,1,1,26,2,3,14,9,1,12,2,38.6,20,4,4,5,Hybrid,5,High,Expert (20+),Lifer (10+),81.3016004119597,Healthy
29,Yes,Travel_Rarely,224,Research & Development,1,4,Technical Degree,1522,1,Male,100,2,1,Research Scientist,1,Single,2362,7568,6,No,13,3,3,0,11,2,1,9,7,0,7,3,38.9,11,2,4,3,Hybrid,4,Low,Senior (11-20),Veteran (6-10),38.7722315923807,At Risk
44,No,Travel_Rarely,136,Research & Development,28,3,Life Sciences,1523,4,Male,32,3,4,Research Director,1,Married,16328,22074,3,No,13,3,3,1,24,1,4,20,6,14,17,5,47.4,16,3,1,5,Hybrid,3,High,Expert (20+),Lifer (10+),45.15224423731502,At Risk
39,No,Travel_Rarely,1089,Research & Development,6,3,Life Sciences,1525,2,Female,32,3,3,Manufacturing Director,2,Single,8376,9150,4,No,18,3,4,0,9,3,3,2,0,2,2,4,51.0,13,5,3,3,Hybrid,4,Average,Mid (6-10),Settling (2-3),56.11138674860724,Moderate
46,No,Travel_Rarely,228,Sales,3,3,Life Sciences,1527,3,Female,51,3,4,Manager,2,Married,16606,11380,8,No,12,3,4,1,23,2,4,13,12,5,1,3,37.0,12,3,2,3,Remote,4,High,Expert (20+),Lifer (10+),49.94280913774897,At Risk
35,No,Travel_Rarely,1029,Research & Development,16,3,Life Sciences,1529,4,Female,91,2,3,Healthcare Representative,2,Single,8606,21195,1,No,19,3,4,0,11,3,1,11,8,3,3,3,36.7,12,3,4,3,Remote,4,Average,Senior (11-20),Lifer (10+),46.60086296255842,At Risk
23,No,Travel_Rarely,507,Research & Development,20,1,Life Sciences,1533,1,Male,97,3,2,Laboratory Technician,3,Single,2272,24812,0,No,14,3,2,0,5,2,3,4,3,1,2,3,48.6,13,2,4,4,Onsite,4,Low,Early (3-5),Established (4-5),59.62760005287742,Moderate
40,Yes,Travel_Rarely,676,Research & Development,9,4,Life Sciences,1534,4,Male,86,3,1,Laboratory Technician,1,Single,2018,21831,3,No,14,3,2,0,15,3,1,5,4,1,0,5,42.8,3,3,3,4,Onsite,3,Low,Senior (11-20),Established (4-5),40.823998170913214,At Risk
34,No,Travel_Rarely,971,Sales,1,3,Technical Degree,1535,4,Male,64,2,3,Sales Executive,3,Married,7083,12288,1,Yes,14,3,4,0,10,3,3,10,9,8,6,4,52.3,21,4,2,5,Hybrid,2,Average,Mid (6-10),Veteran (6-10),57.80688685484038,Moderate
31,Yes,Travel_Frequently,561,Research & Development,3,3,Life Sciences,1537,4,Female,33,3,1,Research Scientist,3,Single,4084,4156,1,No,12,3,1,0,7,2,1,7,2,7,7,4,43.3,3,3,2,4,Onsite,3,Below Average,Mid (6-10),Veteran (6-10),48.17708310767676,At Risk
50,No,Travel_Frequently,333,Research & Development,22,5,Medical,1539,3,Male,88,1,4,Research Director,4,Single,14411,24450,1,Yes,13,3,4,0,32,2,3,32,6,13,9,5,39.3,16,3,1,4,Onsite,3,Above Average,Expert (20+),Lifer (10+),39.371509275798566,At Risk
34,No,Travel_Rarely,1440,Sales,7,2,Technical Degree,1541,2,Male,55,3,1,Sales Representative,3,Married,2308,4944,0,Yes,25,4,2,1,12,4,3,11,10,5,7,4,54.2,5,4,4,3,Remote,4,Low,Senior (11-20),Lifer (10+),58.899141475428166,Moderate
42,No,Travel_Rarely,1210,Research & Development,2,3,Medical,1542,3,Male,68,2,1,Laboratory Technician,2,Married,4841,24052,4,No,14,3,2,1,4,3,3,1,0,0,0,3,40.9,8,5,3,3,Remote,4,Below Average,Early (3-5),New (0-1),55.91293999138247,Moderate
37,No,Travel_Rarely,674,Research & Development,13,3,Medical,1543,1,Male,47,3,2,Research Scientist,4,Married,4285,3031,1,No,17,3,1,0,10,2,3,10,8,3,7,3,44.8,6,3,4,3,Onsite,3,Below Average,Mid (6-10),Veteran (6-10),62.12732533962739,Moderate
29,No,Travel_Rarely,441,Research & Development,8,1,Other,1544,3,Female,39,1,2,Healthcare Representative,1,Married,9715,7288,3,No,13,3,3,1,9,3,3,7,7,0,7,3,37.0,9,4,4,4,Onsite,4,Average,Mid (6-10),Veteran (6-10),52.77433881002942,Moderate
33,No,Travel_Rarely,575,Research & Development,25,3,Life Sciences,1545,4,Male,44,2,2,Manufacturing Director,2,Single,4320,24152,1,No,13,3,4,0,5,2,3,5,3,0,2,3,41.4,12,3,4,3,Onsite,2,Below Average,Early (3-5),Established (4-5),50.87206334802568,Moderate
45,No,Travel_Rarely,950,Research & Development,28,3,Technical Degree,1546,4,Male,97,3,1,Research Scientist,4,Married,2132,4585,4,No,20,4,4,1,8,3,3,5,4,0,3,4,35.9,11,2,3,4,Onsite,4,Low,Mid (6-10),Established (4-5),55.23603821996493,Moderate
42,No,Travel_Frequently,288,Research & Development,2,3,Life Sciences,1547,4,Male,40,3,3,Healthcare Representative,4,Married,10124,18611,2,Yes,14,3,3,1,24,3,1,20,8,13,9,4,55.3,19,3,1,4,Hybrid,3,Above Average,Expert (20+),Lifer (10+),47.92968070975597,At Risk
40,No,Travel_Rarely,1342,Sales,9,2,Medical,1548,1,Male,47,3,2,Sales Executive,1,Married,5473,19345,0,No,12,3,4,0,9,5,4,8,4,7,1,4,36.7,18,2,2,3,Remote,2,Below Average,Mid (6-10),Veteran (6-10),37.970018332579535,At Risk
33,No,Travel_Rarely,589,Research & Development,28,4,Life Sciences,1549,2,Male,79,3,2,Laboratory Technician,3,Married,5207,22949,1,Yes,12,3,2,1,15,3,3,15,14,5,7,4,53.8,12,4,3,5,Remote,3,Below Average,Senior (11-20),Lifer (10+),65.85322334467025,Moderate
40,No,Travel_Rarely,898,Human Resources,6,2,Medical,1550,3,Male,38,3,4,Manager,4,Single,16437,17381,1,Yes,21,4,4,0,21,2,3,21,7,7,7,4,54.2,19,3,1,4,Remote,3,High,Expert (20+),Lifer (10+),52.20088109522322,Moderate
24,No,Travel_Rarely,350,Research & Development,21,2,Technical Degree,1551,3,Male,57,2,1,Laboratory Technician,1,Divorced,2296,10036,0,No,14,3,2,3,2,3,3,1,1,0,0,1,42.2,11,3,4,4,Remote,3,Low,Entry (0-2),New (0-1),61.03296040174422,Moderate
40,No,Non-Travel,1142,Research & Development,8,2,Life Sciences,1552,4,Male,72,3,2,Healthcare Representative,4,Divorced,4069,8841,3,Yes,18,3,3,0,8,2,3,2,2,2,2,5,58.4,10,4,4,5,Hybrid,3,Below Average,Mid (6-10),Settling (2-3),68.86912210698458,Moderate
45,No,Travel_Rarely,538,Research & Development,1,4,Technical Degree,1553,1,Male,66,3,3,Healthcare Representative,2,Divorced,7441,20933,1,No,12,3,1,3,10,4,3,10,8,7,7,4,41.7,15,4,3,4,Remote,4,Average,Mid (6-10),Veteran (6-10),57.067989361549884,Moderate
35,No,Travel_Rarely,1402,Sales,28,4,Life Sciences,1554,2,Female,98,2,1,Sales Representative,3,Married,2430,26204,0,No,23,4,1,2,6,5,3,5,3,4,2,4,39.8,8,3,3,4,Remote,3,Low,Mid (6-10),Established (4-5),51.809407598540936,Moderate
32,No,Travel_Rarely,824,Research & Development,5,2,Life Sciences,1555,4,Female,67,2,2,Research Scientist,2,Married,5878,15624,3,No,12,3,1,1,12,2,3,7,1,2,5,1,35.3,8,4,3,4,Hybrid,4,Below Average,Senior (11-20),Veteran (6-10),65.15786147430855,Moderate
36,No,Travel_Rarely,1157,Sales,2,4,Life Sciences,1556,3,Male,70,3,1,Sales Representative,4,Single,2644,17001,3,Yes,21,4,4,0,7,3,2,3,2,1,2,5,48.0,15,5,3,4,Hybrid,4,Low,Mid (6-10),Settling (2-3),62.07318900369491,Moderate
48,No,Travel_Rarely,492,Sales,16,4,Life Sciences,1557,3,Female,96,3,2,Sales Executive,3,Divorced,6439,13693,8,No,14,3,3,1,18,2,3,8,7,7,7,3,40.9,11,4,3,3,Hybrid,4,Average,Senior (11-20),Veteran (6-10),59.339570612806455,Moderate
29,No,Travel_Rarely,598,Research & Development,9,3,Life Sciences,1558,3,Male,91,4,1,Research Scientist,3,Married,2451,22376,6,No,18,3,1,2,5,2,2,1,0,0,0,4,50.9,8,3,5,4,Hybrid,3,Low,Early (3-5),New (0-1),65.76648038546708,Moderate
33,No,Travel_Rarely,1242,Sales,8,4,Life Sciences,1560,1,Male,46,3,2,Sales Executive,1,Married,6392,10589,2,No,13,3,4,1,8,6,1,2,2,2,2,2,38.3,15,4,4,3,Hybrid,2,Average,Mid (6-10),Settling (2-3),56.003604160559085,Moderate
30,Yes,Travel_Rarely,740,Sales,1,3,Life Sciences,1562,2,Male,64,2,2,Sales Executive,1,Married,9714,5323,1,No,11,3,4,1,10,4,3,10,8,6,7,4,47.0,11,3,3,3,Onsite,2,Average,Mid (6-10),Veteran (6-10),39.56784571572794,At Risk
38,No,Travel_Frequently,888,Human Resources,10,4,Human Resources,1563,3,Male,71,3,2,Human Resources,3,Married,6077,14814,3,No,11,3,3,0,10,2,3,6,3,1,2,2,45.1,6,5,3,4,Remote,2,Average,Mid (6-10),Veteran (6-10),73.18493960171102,Healthy
35,No,Travel_Rarely,992,Research & Development,1,3,Medical,1564,4,Male,68,2,1,Laboratory Technician,1,Single,2450,21731,1,No,19,3,2,0,3,3,3,3,0,1,2,3,40.7,11,3,4,3,Remote,3,Low,Early (3-5),Settling (2-3),47.415735448333045,At Risk
30,No,Travel_Rarely,1288,Sales,29,4,Technical Degree,1568,3,Male,33,3,3,Sales Executive,2,Married,9250,17799,3,No,12,3,2,1,9,3,3,4,2,1,3,5,49.6,9,4,2,5,Onsite,4,Average,Mid (6-10),Established (4-5),54.549005712372534,Moderate
35,Yes,Travel_Rarely,104,Research & Development,2,3,Life Sciences,1569,1,Female,69,3,1,Laboratory Technician,1,Divorced,2074,26619,1,Yes,12,3,4,1,1,2,3,1,0,0,0,4,54.1,8,1,3,3,Onsite,3,Low,Entry (0-2),New (0-1),35.16584496697421,At Risk
53,Yes,Travel_Rarely,607,Research & Development,2,5,Technical Degree,1572,3,Female,78,2,3,Manufacturing Director,4,Married,10169,14618,0,No,16,3,2,1,34,4,3,33,7,1,9,4,44.2,14,3,4,4,Onsite,3,Above Average,Expert (20+),Lifer (10+),58.969465795846965,Moderate
38,Yes,Travel_Rarely,903,Research & Development,2,3,Medical,1573,3,Male,81,3,2,Manufacturing Director,2,Married,4855,7653,4,No,11,3,1,2,7,2,3,5,2,1,4,4,40.9,11,2,3,3,Hybrid,2,Below Average,Mid (6-10),Established (4-5),42.994476337151944,At Risk
32,No,Non-Travel,1200,Research & Development,1,4,Technical Degree,1574,4,Male,62,3,2,Research Scientist,1,Married,4087,25174,4,No,14,3,2,1,9,3,2,6,5,1,2,4,46.8,14,4,4,4,Onsite,3,Below Average,Mid (6-10),Veteran (6-10),55.179791566737045,Moderate
48,No,Travel_Rarely,1108,Research & Development,15,4,Other,1576,3,Female,65,3,1,Research Scientist,1,Married,2367,16530,8,No,12,3,4,1,10,3,2,8,2,7,6,3,44.8,12,2,3,5,Onsite,4,Low,Mid (6-10),Veteran (6-10),52.20451984657289,Moderate
34,No,Travel_Rarely,479,Research & Development,7,4,Medical,1577,1,Male,35,3,1,Research Scientist,4,Single,2972,22061,1,No,13,3,3,0,1,4,1,1,0,0,0,3,38.7,15,3,4,3,Onsite,2,Low,Entry (0-2),New (0-1),57.85612495416014,Moderate
55,No,Travel_Rarely,685,Sales,26,5,Marketing,1578,3,Male,60,2,5,Manager,4,Married,19586,23037,1,No,21,4,3,1,36,3,3,36,6,2,13,5,40.3,32,3,4,4,Remote,3,High,Expert (20+),Lifer (10+),54.825306360855265,Moderate
34,No,Travel_Rarely,1351,Research & Development,1,4,Life Sciences,1580,2,Male,45,3,2,Research Scientist,4,Married,5484,13008,9,No,17,3,2,1,9,3,2,2,2,2,1,3,41.1,12,5,3,3,Onsite,4,Below Average,Mid (6-10),Settling (2-3),65.03260179025057,Moderate
26,No,Travel_Rarely,474,Research & Development,3,3,Life Sciences,1581,1,Female,89,3,1,Research Scientist,4,Married,2061,11133,1,No,21,4,1,0,1,5,3,1,0,0,0,3,36.4,3,3,4,4,Onsite,2,Low,Entry (0-2),New (0-1),67.45623142305513,Moderate
38,No,Travel_Rarely,1245,Sales,14,3,Life Sciences,1582,3,Male,80,3,2,Sales Executive,2,Married,9924,12355,0,No,11,3,4,1,10,3,3,9,8,7,7,4,40.8,16,3,3,4,Onsite,4,Average,Mid (6-10),Veteran (6-10),52.69568589106479,Moderate
38,No,Travel_Rarely,437,Sales,16,3,Life Sciences,1583,2,Female,90,3,2,Sales Executive,2,Single,4198,16379,2,No,12,3,2,0,8,5,4,3,2,1,2,4,45.2,8,2,4,3,Remote,4,Below Average,Mid (6-10),Settling (2-3),48.83380682749897,At Risk
36,No,Travel_Rarely,884,Sales,1,4,Life Sciences,1585,2,Female,73,3,2,Sales Executive,3,Single,6815,21447,6,No,13,3,1,0,15,5,3,1,0,0,0,4,39.3,15,4,2,4,Onsite,4,Average,Senior (11-20),New (0-1),56.820586963629104,Moderate
29,No,Travel_Rarely,1370,Research & Development,3,1,Medical,1586,2,Male,87,3,1,Laboratory Technician,1,Single,4723,16213,1,Yes,18,3,4,0,10,3,3,10,9,1,5,4,48.0,8,4,4,4,Remote,3,Below Average,Mid (6-10),Veteran (6-10),57.31539175947067,Moderate
35,No,Travel_Rarely,670,Research & Development,10,4,Medical,1587,1,Female,51,3,2,Healthcare Representative,3,Single,6142,4223,3,Yes,16,3,3,0,10,4,3,5,2,0,4,3,46.8,8,3,5,4,Hybrid,2,Average,Mid (6-10),Established (4-5),67.70363382097592,Moderate
39,No,Travel_Rarely,1462,Sales,6,3,Medical,1588,4,Male,38,4,3,Sales Executive,3,Married,8237,4658,2,No,11,3,1,1,11,3,3,7,6,7,6,5,46.0,14,3,2,3,Hybrid,4,Average,Senior (11-20),Veteran (6-10),47.31782416694102,At Risk
29,No,Travel_Frequently,995,Research & Development,2,1,Life Sciences,1590,1,Male,87,3,2,Healthcare Representative,4,Divorced,8853,24483,1,No,19,3,4,1,6,0,4,6,4,1,3,2,35.0,10,4,5,3,Hybrid,3,Average,Mid (6-10),Veteran (6-10),76.48311873545123,Healthy
50,No,Travel_Rarely,264,Sales,9,3,Marketing,1591,3,Male,59,3,5,Manager,3,Married,19331,19519,4,Yes,16,3,3,1,27,2,3,1,0,0,0,5,57.7,24,3,3,4,Hybrid,3,High,Expert (20+),New (0-1),52.0078543557657,Moderate
23,No,Travel_Rarely,977,Research & Development,10,3,Technical Degree,1592,4,Male,45,4,1,Research Scientist,3,Married,2073,12826,2,No,16,3,4,1,4,2,3,2,2,2,2,2,40.4,8,3,3,3,Onsite,4,Low,Early (3-5),Settling (2-3),63.454032769529555,Moderate
36,No,Travel_Frequently,1302,Research & Development,6,4,Life Sciences,1594,1,Male,80,4,2,Laboratory Technician,1,Married,5562,19711,3,Yes,13,3,4,1,9,3,3,3,2,0,2,4,58.5,21,4,3,3,Remote,4,Below Average,Mid (6-10),Settling (2-3),52.625361570646,Moderate
42,No,Travel_Rarely,1059,Research & Development,9,2,Other,1595,4,Male,93,2,5,Manager,4,Single,19613,26362,8,No,22,4,4,0,24,2,3,1,0,0,1,4,43.6,22,4,4,4,Onsite,5,High,Expert (20+),New (0-1),63.34176926633207,Moderate
35,No,Travel_Rarely,750,Research & Development,28,3,Life Sciences,1596,2,Male,46,4,2,Laboratory Technician,3,Married,3407,25348,1,No,17,3,4,2,10,3,2,10,9,6,8,3,35.0,13,4,3,3,Onsite,4,Below Average,Mid (6-10),Veteran (6-10),61.546576612289314,Moderate
34,No,Travel_Frequently,653,Research & Development,10,4,Technical Degree,1597,4,Male,92,2,2,Healthcare Representative,3,Married,5063,15332,1,No,14,3,2,1,8,3,2,8,2,7,7,3,44.4,11,2,2,4,Hybrid,3,Below Average,Mid (6-10),Veteran (6-10),45.741933072700505,At Risk
40,No,Travel_Rarely,118,Sales,14,2,Life Sciences,1598,4,Female,84,3,2,Sales Executive,1,Married,4639,11262,1,No,15,3,3,1,5,2,3,5,4,1,2,4,38.6,13,2,3,4,Hybrid,3,Below Average,Early (3-5),Established (4-5),44.86705452088706,At Risk
43,No,Travel_Rarely,990,Research & Development,27,3,Technical Degree,1599,4,Male,87,4,1,Laboratory Technician,2,Divorced,4876,5855,5,No,12,3,3,1,8,0,3,6,4,0,2,3,35.0,9,4,3,4,Hybrid,4,Below Average,Mid (6-10),Veteran (6-10),65.55475498875808,Moderate
35,No,Travel_Rarely,1349,Research & Development,7,2,Life Sciences,1601,3,Male,63,2,1,Laboratory Technician,4,Married,2690,7713,1,No,18,3,4,1,1,5,2,1,0,0,1,3,37.9,7,5,5,4,Hybrid,4,Low,Entry (0-2),New (0-1),73.42636227668865,Healthy
46,No,Travel_Rarely,563,Sales,1,4,Life Sciences,1602,4,Male,56,4,4,Manager,1,Single,17567,3156,1,No,15,3,2,0,27,5,1,26,0,0,12,4,45.0,21,2,5,5,Hybrid,3,High,Expert (20+),Lifer (10+),57.674827006290855,Moderate
28,Yes,Travel_Rarely,329,Research & Development,24,3,Medical,1604,3,Male,51,3,1,Laboratory Technician,2,Married,2408,7324,1,Yes,17,3,3,3,1,3,3,1,1,0,0,5,43.6,8,4,4,2,Hybrid,3,Low,Entry (0-2),New (0-1),45.96974805731608,At Risk
22,No,Non-Travel,457,Research & Development,26,2,Other,1605,2,Female,85,2,1,Research Scientist,3,Married,2814,10293,1,Yes,14,3,2,0,4,2,2,4,2,1,3,3,46.0,7,3,3,3,Remote,4,Low,Early (3-5),Established (4-5),48.48906075737126,At Risk
50,No,Travel_Frequently,1234,Research & Development,20,5,Medical,1606,2,Male,41,3,4,Healthcare Representative,3,Married,11245,20689,2,Yes,15,3,3,1,32,3,3,30,8,12,13,5,61.9,13,4,1,4,Onsite,3,Above Average,Expert (20+),Lifer (10+),48.972697231024,At Risk
32,No,Travel_Rarely,634,Research & Development,5,4,Other,1607,2,Female,35,4,1,Research Scientist,4,Married,3312,18783,3,No,17,3,4,2,6,3,3,3,2,0,2,4,44.7,9,3,4,4,Onsite,4,Below Average,Mid (6-10),Settling (2-3),67.65467818027992,Moderate
44,No,Travel_Rarely,1313,Research & Development,7,3,Medical,1608,2,Female,31,3,5,Research Director,4,Divorced,19049,3549,0,Yes,14,3,4,1,23,4,2,22,7,1,10,4,60.3,25,3,5,4,Onsite,4,High,Expert (20+),Lifer (10+),64.88020209294322,Moderate
30,No,Travel_Rarely,241,Research & Development,7,3,Medical,1609,2,Male,48,2,1,Research Scientist,2,Married,2141,5348,1,No,12,3,2,1,6,3,2,6,4,1,1,4,35.8,4,2,3,3,Hybrid,4,Low,Mid (6-10),Veteran (6-10),36.51626995220184,At Risk
45,No,Travel_Rarely,1015,Research & Development,5,5,Medical,1611,3,Female,50,1,2,Laboratory Technician,1,Single,5769,23447,1,Yes,14,3,1,0,10,3,3,10,7,1,4,4,46.0,13,4,2,4,Onsite,2,Below Average,Mid (6-10),Veteran (6-10),41.222718779810904,At Risk
45,No,Non-Travel,336,Sales,26,3,Marketing,1612,1,Male,52,2,2,Sales Executive,1,Married,4385,24162,1,No,15,3,1,1,10,2,3,10,7,4,5,3,41.1,14,3,3,4,Remote,2,Below Average,Mid (6-10),Veteran (6-10),49.040911234147394,At Risk
31,No,Travel_Frequently,715,Sales,2,4,Other,1613,4,Male,54,3,2,Sales Executive,1,Single,5332,21602,7,No,13,3,4,0,10,3,3,5,2,0,3,3,43.5,15,3,4,3,Hybrid,3,Below Average,Mid (6-10),Established (4-5),51.758341640549524,Moderate
36,No,Travel_Rarely,559,Research & Development,12,4,Life Sciences,1614,3,Female,76,3,2,Manufacturing Director,3,Married,4663,12421,9,Yes,12,3,2,2,7,2,3,3,2,1,1,4,55.1,7,4,4,3,Hybrid,2,Below Average,Mid (6-10),Settling (2-3),58.899141475428166,Moderate
34,No,Travel_Frequently,426,Research & Development,10,4,Life Sciences,1615,3,Male,42,4,2,Manufacturing Director,4,Divorced,4724,17000,1,No,13,3,1,1,9,3,3,9,7,7,2,2,38.2,10,2,2,5,Hybrid,3,Below Average,Mid (6-10),Veteran (6-10),69.49213906797917,Moderate
49,No,Travel_Rarely,722,Research & Development,25,4,Life Sciences,1617,3,Female,84,3,1,Laboratory Technician,1,Married,3211,22102,1,No,14,3,4,1,10,3,2,9,6,1,4,2,40.7,7,3,4,3,Remote,4,Below Average,Mid (6-10),Veteran (6-10),53.7669008828076,Moderate
39,No,Travel_Rarely,1387,Research & Development,10,5,Medical,1618,2,Male,76,3,2,Manufacturing Director,1,Married,5377,3835,2,No,13,3,4,3,10,3,3,7,7,7,7,4,42.9,9,3,1,4,Hybrid,5,Below Average,Mid (6-10),Veteran (6-10),41.83189739614536,At Risk
27,No,Travel_Rarely,1302,Research & Development,19,3,Other,1619,4,Male,67,2,1,Laboratory Technician,1,Divorced,4066,16290,1,No,11,3,1,2,7,3,3,7,7,0,7,2,45.4,12,3,4,4,Onsite,3,Below Average,Mid (6-10),Veteran (6-10),56.888800966752505,Moderate
35,No,Travel_Rarely,819,Research & Development,18,5,Life Sciences,1621,2,Male,48,4,2,Research Scientist,1,Married,5208,26312,1,No,11,3,4,0,16,2,3,16,15,1,10,2,43.9,11,5,4,2,Remote,4,Below Average,Senior (11-20),Lifer (10+),63.660808125300164,Moderate
28,No,Travel_Rarely,580,Research & Development,27,3,Medical,1622,2,Female,39,1,2,Manufacturing Director,1,Divorced,4877,20460,0,No,21,4,2,1,6,5,2,5,3,0,0,1,45.1,11,3,4,3,Remote,4,Below Average,Mid (6-10),Established (4-5),49.22584793336636,At Risk
21,No,Travel_Rarely,546,Research & Development,5,1,Medical,1623,3,Male,97,3,1,Research Scientist,4,Single,3117,26009,1,No,18,3,3,0,3,2,3,2,2,2,2,2,39.9,11,2,3,4,Hybrid,3,Below Average,Early (3-5),Settling (2-3),63.524357089948346,Moderate
18,Yes,Travel_Frequently,544,Sales,3,2,Medical,1624,2,Female,70,3,1,Sales Representative,4,Single,1569,18420,1,Yes,12,3,3,0,0,2,4,0,0,0,0,3,51.8,8,3,1,2,Onsite,3,Low,Entry (0-2),New (0-1),47.82282855609306,At Risk
47,No,Travel_Rarely,1176,Human Resources,26,4,Life Sciences,1625,4,Female,98,3,5,Manager,3,Married,19658,5220,3,No,11,3,3,1,27,2,3,5,2,1,0,5,47.2,27,2,5,3,Onsite,5,High,Expert (20+),Established (4-5),49.714105397079656,At Risk
39,No,Travel_Rarely,170,Research & Development,3,2,Medical,1627,3,Male,76,2,2,Laboratory Technician,3,Divorced,3069,10302,0,No,15,3,4,1,11,3,3,10,8,0,7,4,37.7,9,3,3,3,Onsite,3,Below Average,Senior (11-20),Veteran (6-10),46.48050151511318,At Risk
40,No,Travel_Rarely,884,Research & Development,15,3,Life Sciences,1628,1,Female,80,2,3,Manufacturing Director,3,Married,10435,25800,1,No,13,3,4,2,18,2,3,18,15,14,12,3,48.2,16,5,2,4,Onsite,4,Above Average,Senior (11-20),Lifer (10+),60.994443676889446,Moderate
35,No,Non-Travel,208,Research & Development,8,4,Life Sciences,1630,3,Female,52,3,2,Healthcare Representative,3,Married,4148,12250,1,No,12,3,4,1,15,5,3,14,11,2,9,5,43.9,14,2,4,5,Hybrid,4,Below Average,Senior (11-20),Lifer (10+),56.66818726632176,Moderate
37,No,Travel_Rarely,671,Research & Development,19,3,Life Sciences,1631,3,Male,85,3,2,Manufacturing Director,3,Married,5768,26493,3,No,17,3,1,3,9,2,2,4,3,0,2,4,40.1,18,4,5,5,Onsite,2,Below Average,Mid (6-10),Established (4-5),71.12508374716344,Healthy
39,No,Travel_Frequently,711,Research & Development,4,3,Medical,1633,1,Female,81,3,2,Manufacturing Director,3,Single,5042,3140,0,No,13,3,4,0,10,2,1,9,2,3,8,3,40.8,6,4,3,2,Hybrid,4,Below Average,Mid (6-10),Veteran (6-10),49.73946414391147,At Risk
45,No,Travel_Rarely,1329,Research & Development,2,2,Other,1635,4,Female,59,2,2,Manufacturing Director,4,Divorced,5770,5388,1,No,19,3,1,2,10,3,3,10,7,3,9,1,42.3,11,3,3,5,Hybrid,3,Below Average,Mid (6-10),Veteran (6-10),73.02711988663641,Healthy
38,No,Travel_Rarely,397,Research & Development,2,2,Medical,1638,4,Female,54,2,3,Manufacturing Director,3,Married,7756,14199,3,Yes,19,3,4,1,10,6,4,5,4,0,2,5,53.3,7,4,4,3,Onsite,3,Average,Mid (6-10),Established (4-5),52.547976040953614,Moderate
35,Yes,Travel_Rarely,737,Sales,10,3,Medical,1639,4,Male,55,2,3,Sales Executive,1,Married,10306,21530,9,No,17,3,3,0,15,3,3,13,12,6,0,2,43.4,15,4,3,3,Hybrid,3,Above Average,Senior (11-20),Lifer (10+),52.22846805619646,Moderate
37,No,Travel_Rarely,1470,Research & Development,10,3,Medical,1640,2,Female,71,3,1,Research Scientist,2,Married,3936,9953,1,No,11,3,1,1,8,2,1,8,4,7,7,2,42.4,7,5,2,3,Onsite,3,Below Average,Mid (6-10),Veteran (6-10),56.42477493551,Moderate
40,No,Travel_Rarely,448,Research & Development,16,3,Life Sciences,1641,3,Female,84,3,3,Manufacturing Director,4,Single,7945,19948,6,Yes,15,3,4,0,18,2,2,4,2,3,3,5,56.3,13,3,2,4,Hybrid,3,Average,Senior (11-20),Established (4-5),49.6248517651113,At Risk
44,No,Travel_Frequently,602,Human Resources,1,5,Human Resources,1642,1,Male,37,3,2,Human Resources,4,Married,5743,10503,4,Yes,11,3,3,0,14,3,3,10,7,0,2,5,59.2,11,5,2,4,Onsite,3,Below Average,Senior (11-20),Veteran (6-10),60.50505889881512,Moderate
48,No,Travel_Frequently,365,Research & Development,4,5,Medical,1644,3,Male,89,2,4,Manager,4,Married,15202,5602,2,No,25,4,2,1,23,3,3,2,2,2,2,5,44.9,12,5,3,3,Hybrid,4,High,Expert (20+),Settling (2-3),54.53727692078431,Moderate
35,Yes,Travel_Rarely,763,Sales,15,2,Medical,1645,1,Male,59,1,2,Sales Executive,4,Divorced,5440,22098,6,Yes,14,3,4,2,7,2,2,2,2,2,2,5,57.5,15,3,3,3,Remote,4,Below Average,Mid (6-10),Settling (2-3),39.314463594864,At Risk
24,No,Travel_Frequently,567,Research & Development,2,1,Technical Degree,1646,1,Female,32,3,1,Research Scientist,4,Single,3760,17218,1,Yes,13,3,3,0,6,2,3,6,3,1,3,4,40.7,6,3,3,3,Onsite,4,Below Average,Mid (6-10),Veteran (6-10),54.279435607022286,Moderate
27,No,Travel_Rarely,486,Research & Development,8,3,Medical,1647,2,Female,86,4,1,Research Scientist,3,Married,3517,22490,7,No,17,3,1,0,5,0,3,3,2,0,2,4,41.2,9,4,3,4,Onsite,4,Below Average,Early (3-5),Settling (2-3),64.866923453459,Moderate
27,No,Travel_Frequently,591,Research & Development,2,3,Medical,1648,4,Male,87,3,1,Research Scientist,4,Single,2580,6297,2,No,13,3,3,0,6,0,2,4,2,1,2,4,47.6,4,1,3,5,Onsite,3,Low,Mid (6-10),Established (4-5),54.05704064017396,Moderate
40,Yes,Travel_Rarely,1329,Research & Development,7,3,Life Sciences,1649,1,Male,73,3,1,Laboratory Technician,1,Single,2166,3339,3,Yes,14,3,2,0,10,3,1,4,2,0,3,4,45.9,7,3,3,2,Onsite,3,Low,Mid (6-10),Established (4-5),34.310345439049414,At Risk
29,No,Travel_Rarely,469,Sales,10,3,Medical,1650,3,Male,42,2,2,Sales Executive,3,Single,5869,23413,9,No,11,3,3,0,8,2,3,5,2,1,4,3,37.7,13,3,3,4,Hybrid,3,Below Average,Mid (6-10),Established (4-5),55.95356703353265,Moderate
36,No,Travel_Rarely,711,Research & Development,5,4,Life Sciences,1651,2,Female,42,3,3,Healthcare Representative,1,Married,8008,22792,4,No,12,3,3,2,9,6,3,3,2,0,2,3,40.0,12,3,4,2,Onsite,3,Average,Mid (6-10),Settling (2-3),46.42943555712177,At Risk
25,No,Travel_Frequently,772,Research & Development,2,1,Life Sciences,1653,4,Male,77,4,2,Manufacturing Director,3,Divorced,5206,4973,1,No,17,3,3,2,7,6,3,7,7,0,7,3,36.7,14,1,5,4,Remote,4,Below Average,Mid (6-10),Veteran (6-10),63.301633072222195,Moderate
39,No,Travel_Rarely,492,Research & Development,12,3,Medical,1654,4,Male,66,3,2,Manufacturing Director,2,Married,5295,7693,4,No,21,4,3,0,7,3,3,5,4,1,0,3,38.0,15,3,5,3,Hybrid,4,Below Average,Mid (6-10),Established (4-5),58.91839983785555,Moderate
49,No,Travel_Rarely,301,Research & Development,22,4,Other,1655,1,Female,72,3,4,Research Director,2,Married,16413,3498,3,No,16,3,2,2,27,2,3,4,2,1,2,2,42.6,23,3,2,3,Remote,4,High,Expert (20+),Established (4-5),51.95136838000705,Moderate
50,No,Travel_Rarely,813,Research & Development,17,5,Life Sciences,1656,4,Female,50,2,3,Research Director,1,Divorced,13269,21981,5,No,15,3,3,3,19,3,3,14,11,1,11,3,37.0,25,3,4,4,Onsite,4,Above Average,Senior (11-20),Lifer (10+),52.74464153176079,Moderate
20,No,Travel_Rarely,1141,Sales,2,3,Medical,1657,3,Female,31,3,1,Sales Representative,3,Single,2783,13251,1,No,19,3,1,0,2,3,3,2,2,2,2,2,39.7,6,4,3,2,Remote,3,Low,Entry (0-2),Settling (2-3),58.154823964370415,Moderate
34,No,Travel_Rarely,1130,Research & Development,3,3,Life Sciences,1658,4,Female,66,3,2,Research Scientist,2,Divorced,5433,19332,1,No,12,3,3,1,11,2,3,11,8,7,9,2,44.7,13,4,2,2,Onsite,4,Below Average,Senior (11-20),Lifer (10+),50.9947657670644,Moderate
36,No,Travel_Rarely,311,Research & Development,7,3,Life Sciences,1659,1,Male,77,3,1,Laboratory Technician,2,Single,2013,10950,2,No,11,3,3,0,15,4,3,4,3,1,3,3,36.0,7,3,4,3,Onsite,3,Low,Senior (11-20),Established (4-5),55.21466954024214,Moderate
49,No,Travel_Rarely,465,Research & Development,6,1,Life Sciences,1661,3,Female,41,2,4,Healthcare Representative,3,Married,13966,11652,2,Yes,19,3,2,1,30,3,3,15,11,2,12,5,60.0,21,4,3,4,Onsite,2,Above Average,Expert (20+),Lifer (10+),52.03755163403433,Moderate
36,No,Non-Travel,894,Research & Development,1,4,Medical,1662,4,Female,33,2,2,Manufacturing Director,3,Married,4374,15411,0,No,15,3,3,0,4,6,3,3,2,1,2,4,43.1,15,3,4,3,Remote,3,Below Average,Early (3-5),Settling (2-3),50.18423181272659,Moderate
36,No,Travel_Rarely,1040,Research & Development,3,2,Life Sciences,1664,4,Male,79,4,2,Healthcare Representative,1,Divorced,6842,26308,6,No,20,4,1,1,13,3,3,5,4,0,4,2,45.2,13,4,5,5,Hybrid,5,Average,Senior (11-20),Established (4-5),78.97895320271171,Healthy
54,No,Travel_Rarely,584,Research & Development,22,5,Medical,1665,2,Female,91,3,4,Manager,3,Married,17426,18685,3,No,25,4,3,1,36,6,3,10,8,4,7,3,41.5,28,4,4,3,Onsite,4,High,Expert (20+),Veteran (6-10),63.043300910419866,Moderate
43,No,Travel_Rarely,1291,Research & Development,15,2,Life Sciences,1666,3,Male,65,2,4,Research Director,3,Married,17603,3525,1,No,24,4,1,1,14,3,3,14,10,6,11,4,47.5,22,4,3,5,Hybrid,4,High,Senior (11-20),Lifer (10+),61.51061715245378,Moderate
35,Yes,Travel_Frequently,880,Sales,12,4,Other,1667,4,Male,36,3,2,Sales Executive,4,Single,4581,10414,3,Yes,24,4,1,0,13,2,4,11,9,6,7,3,50.6,7,5,2,5,Hybrid,4,Below Average,Senior (11-20),Lifer (10+),76.25788404495991,Healthy
38,No,Travel_Frequently,1189,Research & Development,1,3,Life Sciences,1668,4,Male,90,3,2,Research Scientist,4,Married,4735,9867,7,No,15,3,4,2,19,4,4,13,11,2,9,3,43.9,12,5,2,3,Hybrid,3,Below Average,Senior (11-20),Lifer (10+),65.60007187810442,Moderate
29,No,Travel_Rarely,991,Sales,5,3,Medical,1669,1,Male,43,2,2,Sales Executive,2,Divorced,4187,3356,1,Yes,13,3,2,1,10,3,2,10,0,0,9,4,55.0,8,2,3,3,Remote,2,Below Average,Mid (6-10),Veteran (6-10),36.51626995220184,At Risk
33,No,Travel_Rarely,392,Sales,2,4,Medical,1670,4,Male,93,3,2,Sales Executive,4,Divorced,5505,3921,1,No,14,3,3,2,6,5,3,6,2,0,4,2,43.3,18,3,5,4,Remote,2,Below Average,Mid (6-10),Veteran (6-10),75.30412115566025,Healthy
32,No,Travel_Rarely,977,Research & Development,2,3,Medical,1671,4,Male,45,3,2,Research Scientist,2,Divorced,5470,25518,0,No,13,3,3,2,10,4,2,9,5,1,6,3,37.2,13,5,3,2,Onsite,3,Below Average,Mid (6-10),Veteran (6-10),52.791039907437565,Moderate
31,No,Travel_Rarely,1112,Sales,5,4,Life Sciences,1673,1,Female,67,3,2,Sales Executive,4,Married,5476,22589,1,No,11,3,1,2,10,2,3,10,0,0,2,2,37.5,13,2,2,2,Hybrid,3,Below Average,Mid (6-10),Veteran (6-10),49.162814625479434,At Risk
49,No,Travel_Rarely,464,Research & Development,16,3,Medical,1674,4,Female,74,3,1,Laboratory Technician,1,Divorced,2587,24941,4,Yes,16,3,2,1,17,2,2,2,2,2,2,3,53.1,7,4,4,4,Hybrid,3,Low,Senior (11-20),Settling (2-3),59.323951001728744,Moderate
38,No,Travel_Frequently,148,Research & Development,2,3,Medical,1675,4,Female,42,2,1,Laboratory Technician,2,Single,2440,23826,1,No,22,4,2,0,4,3,3,4,3,3,3,3,35.8,11,4,4,5,Remote,4,Low,Early (3-5),Established (4-5),65.90217898536628,Moderate
47,No,Travel_Rarely,1225,Sales,2,4,Life Sciences,1676,2,Female,47,4,4,Manager,2,Divorced,15972,21086,6,No,14,3,3,3,29,2,3,3,2,1,2,2,46.0,23,1,3,4,Onsite,3,High,Expert (20+),Settling (2-3),56.582004012294476,Moderate
49,No,Travel_Rarely,809,Research & Development,1,3,Life Sciences,1677,3,Male,36,3,4,Manager,3,Single,15379,22384,4,No,14,3,1,0,23,2,3,8,7,0,0,4,38.6,16,3,5,3,Onsite,4,High,Expert (20+),Veteran (6-10),58.23056830255646,Moderate
41,No,Travel_Rarely,1206,Sales,23,2,Life Sciences,1678,4,Male,80,3,3,Sales Executive,3,Single,7082,11591,3,Yes,16,3,4,0,21,2,3,2,0,0,2,4,54.3,12,3,4,4,Remote,3,Average,Expert (20+),Settling (2-3),59.85574408837081,Moderate
20,No,Travel_Rarely,727,Sales,9,1,Life Sciences,1680,4,Male,54,3,1,Sales Representative,1,Single,2728,21082,1,No,11,3,1,0,2,3,3,2,2,0,2,3,35.0,16,3,3,5,Hybrid,5,Low,Entry (0-2),Settling (2-3),58.71242350979161,Moderate
33,No,Non-Travel,530,Sales,16,3,Life Sciences,1681,3,Female,36,3,2,Sales Executive,4,Divorced,5368,16130,1,Yes,25,4,3,1,7,2,3,6,5,1,2,4,55.9,16,5,4,5,Remote,4,Below Average,Mid (6-10),Veteran (6-10),77.38558501246138,Healthy
36,No,Travel_Rarely,1351,Research & Development,26,4,Life Sciences,1682,1,Male,80,3,2,Healthcare Representative,3,Married,5347,7419,6,No,14,3,2,2,10,2,2,3,2,0,2,4,44.4,11,3,3,2,Onsite,5,Below Average,Mid (6-10),Settling (2-3),43.35860143116829,At Risk
44,No,Travel_Rarely,528,Human Resources,1,3,Life Sciences,1683,3,Female,44,3,1,Human Resources,4,Divorced,3195,4167,4,Yes,18,3,1,3,8,2,3,2,2,2,2,4,51.3,4,5,4,2,Onsite,4,Below Average,Mid (6-10),Settling (2-3),61.39886676217814,Moderate
23,Yes,Travel_Rarely,1320,Research & Development,8,1,Medical,1684,4,Male,93,2,1,Laboratory Technician,3,Single,3989,20586,1,Yes,11,3,1,0,5,2,3,5,4,1,2,4,54.3,6,3,3,2,Onsite,3,Below Average,Early (3-5),Established (4-5),41.151595431685436,At Risk
38,No,Travel_Rarely,1495,Research & Development,4,2,Medical,1687,4,Female,87,3,1,Laboratory Technician,3,Married,3306,26176,7,No,19,3,4,1,7,5,2,0,0,0,0,3,41.4,10,4,3,5,Hybrid,3,Below Average,Mid (6-10),New (0-1),67.86178258692833,Moderate
53,No,Travel_Rarely,1395,Research & Development,24,4,Medical,1689,2,Male,48,4,3,Healthcare Representative,4,Married,7005,3458,3,No,15,3,3,0,11,2,3,4,3,1,2,4,40.4,10,4,3,3,Hybrid,3,Average,Senior (11-20),Established (4-5),62.99434526972386,Moderate
48,Yes,Travel_Frequently,708,Sales,7,2,Medical,1691,4,Female,95,3,1,Sales Representative,3,Married,2655,11740,2,Yes,11,3,3,2,19,3,3,9,7,7,7,4,41.1,10,3,1,4,Remote,3,Low,Senior (11-20),Veteran (6-10),48.74455319553061,At Risk
32,Yes,Travel_Rarely,1259,Research & Development,2,4,Life Sciences,1692,4,Male,95,3,1,Laboratory Technician,2,Single,1393,24852,1,No,12,3,1,0,1,2,3,1,0,0,0,3,35.0,4,2,5,2,Hybrid,3,Low,Entry (0-2),New (0-1),49.2171902839427,At Risk
26,No,Non-Travel,786,Research & Development,7,3,Medical,1693,4,Male,76,3,1,Laboratory Technician,4,Single,2570,11925,1,No,20,4,3,0,7,5,3,7,7,5,7,2,41.0,7,3,3,4,Onsite,4,Low,Mid (6-10),Veteran (6-10),67.89666056043345,Moderate
55,No,Travel_Rarely,1441,Research & Development,22,3,Technical Degree,1694,1,Male,94,2,1,Research Scientist,2,Divorced,3537,23737,5,No,12,3,4,1,8,1,3,4,2,1,2,2,35.0,10,3,3,3,Remote,3,Below Average,Mid (6-10),Established (4-5),51.31249248540398,Moderate
34,No,Travel_Rarely,1157,Research & Development,5,2,Medical,1696,2,Male,57,2,2,Laboratory Technician,4,Married,3986,11912,1,No,14,3,3,1,15,3,4,15,10,4,13,2,40.7,16,3,3,4,Onsite,3,Below Average,Senior (11-20),Lifer (10+),65.6896545609506,Moderate
60,No,Travel_Rarely,370,Research & Development,1,4,Medical,1697,3,Male,92,1,3,Healthcare Representative,4,Divorced,10883,20467,3,No,20,4,3,1,19,2,4,1,0,0,0,5,40.7,13,5,4,3,Onsite,4,Above Average,Senior (11-20),New (0-1),56.03400121891485,Moderate
33,No,Travel_Rarely,267,Research & Development,21,3,Medical,1698,2,Male,79,4,1,Laboratory Technician,2,Married,2028,13637,1,No,18,3,4,3,14,6,3,14,11,2,13,2,42.3,10,3,4,3,Onsite,4,Low,Senior (11-20),Lifer (10+),63.701435167450335,Moderate
37,No,Travel_Frequently,1278,Sales,1,4,Medical,1700,3,Male,31,1,2,Sales Executive,4,Divorced,9525,7677,1,No,14,3,3,2,6,2,2,6,3,1,3,3,40.7,15,5,4,3,Hybrid,4,Average,Mid (6-10),Veteran (6-10),60.05111970343102,Moderate
34,No,Travel_Rarely,678,Research & Development,19,3,Life Sciences,1701,2,Female,35,2,1,Research Scientist,4,Married,2929,20338,1,No,12,3,2,0,10,3,3,10,9,8,7,2,38.3,8,4,4,5,Onsite,2,Low,Mid (6-10),Veteran (6-10),76.95899421974323,Healthy
23,Yes,Travel_Rarely,427,Sales,7,3,Life Sciences,1702,3,Male,99,3,1,Sales Representative,4,Divorced,2275,25103,1,Yes,21,4,2,1,3,2,3,3,2,0,2,5,52.0,9,3,4,3,Onsite,3,Low,Early (3-5),Settling (2-3),53.83900646964398,Moderate
44,No,Travel_Rarely,921,Research & Development,2,3,Life Sciences,1703,3,Female,96,4,3,Healthcare Representative,4,Married,7879,14810,1,Yes,19,3,2,1,9,2,3,8,7,6,7,4,53.8,12,3,4,4,Onsite,3,Average,Mid (6-10),Veteran (6-10),67.65467818027992,Moderate
35,No,Travel_Frequently,146,Research & Development,2,4,Medical,1704,1,Male,79,2,1,Research Scientist,4,Single,4930,13970,0,Yes,14,3,3,0,6,2,4,5,4,1,4,5,48.6,8,5,3,2,Onsite,3,Below Average,Mid (6-10),Established (4-5),51.34397103009019,Moderate
43,No,Travel_Rarely,1179,Sales,2,3,Medical,1706,4,Male,73,3,2,Sales Executive,4,Married,7847,6069,1,Yes,17,3,1,1,10,3,3,10,9,8,8,3,57.1,13,5,3,2,Onsite,2,Average,Mid (6-10),Veteran (6-10),61.83929589955643,Moderate
24,No,Travel_Rarely,581,Research & Development,9,3,Medical,1707,3,Male,62,4,1,Research Scientist,3,Married,4401,17616,1,No,16,3,4,1,5,1,3,5,3,0,4,3,35.0,9,5,4,3,Hybrid,3,Below Average,Early (3-5),Established (4-5),71.75821057312145,Healthy
41,No,Travel_Rarely,918,Sales,6,3,Marketing,1708,4,Male,35,3,3,Sales Executive,3,Single,9241,15869,1,No,12,3,2,0,10,3,3,10,8,8,7,3,45.6,16,5,3,3,Remote,3,Average,Mid (6-10),Veteran (6-10),63.71187408329156,Moderate
29,No,Travel_Rarely,1082,Research & Development,9,4,Medical,1709,4,Female,43,3,1,Laboratory Technician,3,Married,2974,25412,9,No,17,3,3,1,9,2,3,5,3,1,2,5,42.0,8,3,5,4,Onsite,4,Low,Mid (6-10),Established (4-5),59.41531495099252,Moderate
36,No,Travel_Rarely,530,Sales,2,4,Life Sciences,1710,3,Female,51,3,2,Sales Representative,4,Single,4502,7439,3,No,15,3,3,0,17,2,2,13,7,6,7,2,37.8,18,4,3,5,Onsite,4,Below Average,Senior (11-20),Lifer (10+),75.46226992161267,Healthy
45,No,Non-Travel,1238,Research & Development,1,1,Life Sciences,1712,3,Male,74,2,3,Healthcare Representative,3,Married,10748,3395,3,No,23,4,4,1,25,3,2,23,15,14,4,4,42.4,16,4,2,4,Onsite,3,Above Average,Expert (20+),Lifer (10+),50.34238057867901,Moderate
24,Yes,Travel_Rarely,240,Human Resources,22,1,Human Resources,1714,4,Male,58,1,1,Human Resources,3,Married,1555,11585,1,No,11,3,3,1,1,2,3,1,0,0,0,4,39.4,7,2,3,5,Hybrid,2,Low,Entry (0-2),New (0-1),48.4234040192671,At Risk
47,Yes,Travel_Frequently,1093,Sales,9,3,Life Sciences,1716,3,Male,82,1,4,Sales Executive,3,Married,12936,24164,7,No,11,3,3,0,25,3,1,23,5,14,10,4,45.2,17,4,1,4,Hybrid,4,Above Average,Expert (20+),Lifer (10+),40.1604438961155,At Risk
26,No,Travel_Rarely,390,Research & Development,17,4,Medical,1718,4,Male,62,1,1,Laboratory Technician,3,Married,2305,6217,1,No,15,3,3,3,3,3,4,3,2,0,2,3,40.1,16,3,4,3,Onsite,2,Low,Early (3-5),Settling (2-3),52.12138524823544,Moderate
45,No,Travel_Rarely,1005,Research & Development,28,2,Technical Degree,1719,4,Female,48,2,4,Research Director,2,Single,16704,17119,1,No,11,3,3,0,21,2,3,21,6,8,6,3,49.8,24,3,2,4,Onsite,2,High,Expert (20+),Lifer (10+),48.793508836226614,At Risk
32,No,Travel_Frequently,585,Research & Development,10,3,Life Sciences,1720,1,Male,56,3,1,Research Scientist,3,Married,3433,17360,6,No,13,3,1,1,10,3,2,5,2,1,3,3,44.7,6,3,3,4,Hybrid,4,Below Average,Mid (6-10),Established (4-5),58.160573033015496,Moderate
31,No,Travel_Rarely,741,Research & Development,2,4,Life Sciences,1721,2,Male,69,3,1,Laboratory Technician,3,Married,3477,18103,1,No,14,3,4,1,6,2,4,5,2,0,3,3,35.0,12,3,4,5,Hybrid,4,Below Average,Mid (6-10),Established (4-5),71.46440979952389,Healthy
41,No,Non-Travel,552,Human Resources,4,3,Human Resources,1722,3,Male,60,1,2,Human Resources,2,Married,6430,20794,6,No,19,3,2,1,10,4,3,3,2,1,2,4,43.6,10,5,3,3,Hybrid,4,Average,Mid (6-10),Settling (2-3),47.42617436417429,At Risk
40,No,Travel_Rarely,369,Research & Development,8,2,Life Sciences,1724,2,Female,92,3,2,Manufacturing Director,1,Married,6516,5041,2,Yes,16,3,2,1,18,3,3,1,0,0,0,5,59.9,13,3,4,3,Hybrid,2,Average,Senior (11-20),New (0-1),43.47002277056611,At Risk
24,No,Travel_Rarely,506,Research & Development,29,1,Medical,1725,2,Male,91,3,1,Laboratory Technician,1,Divorced,3907,3622,1,No,13,3,2,3,6,2,4,6,2,1,2,3,40.3,7,4,4,2,Remote,2,Below Average,Mid (6-10),Veteran (6-10),52.9373392203405,Moderate
46,No,Travel_Rarely,717,Research & Development,13,4,Life Sciences,1727,3,Male,34,3,2,Healthcare Representative,2,Single,5562,9697,6,No,14,3,4,0,19,3,3,10,7,0,9,2,45.5,10,2,5,5,Hybrid,3,Below Average,Senior (11-20),Veteran (6-10),69.34806796921765,Moderate
35,No,Travel_Rarely,1370,Research & Development,27,4,Life Sciences,1728,4,Male,49,3,2,Manufacturing Director,3,Married,6883,5151,2,No,16,3,2,1,17,3,3,7,7,0,7,3,49.1,16,3,4,5,Onsite,4,Average,Senior (11-20),Veteran (6-10),69.32880960679026,Moderate
30,No,Travel_Rarely,793,Research & Development,16,1,Life Sciences,1729,2,Male,33,3,1,Research Scientist,4,Married,2862,3811,1,No,12,3,2,1,10,2,2,10,0,0,8,5,44.5,9,4,4,4,Remote,3,Low,Mid (6-10),Veteran (6-10),61.404615830823204,Moderate
47,No,Non-Travel,543,Sales,2,4,Marketing,1731,3,Male,87,3,2,Sales Executive,2,Married,4978,3536,7,No,11,3,4,1,4,3,1,1,0,0,0,3,43.7,11,3,4,3,Hybrid,4,Below Average,Early (3-5),New (0-1),50.9434691547749,Moderate
46,No,Travel_Rarely,1277,Sales,2,3,Life Sciences,1732,3,Male,74,3,3,Sales Executive,4,Divorced,10368,5596,4,Yes,12,3,2,1,13,5,2,10,6,0,3,5,60.1,19,3,4,4,Onsite,2,Above Average,Senior (11-20),Veteran (6-10),57.03231236033811,Moderate
36,Yes,Travel_Rarely,1456,Sales,13,5,Marketing,1733,2,Male,96,2,2,Sales Executive,1,Divorced,6134,8658,5,Yes,13,3,2,3,16,3,3,2,2,2,2,5,50.2,9,3,2,3,Onsite,3,Average,Senior (11-20),Settling (2-3),31.719955983122826,At Risk
32,Yes,Travel_Rarely,964,Sales,1,2,Life Sciences,1734,1,Male,34,1,2,Sales Executive,2,Single,6735,12147,6,No,15,3,2,0,10,2,3,0,0,0,0,3,41.2,15,4,2,2,Onsite,2,Average,Mid (6-10),New (0-1),38.165393947639735,At Risk
23,No,Travel_Rarely,160,Research & Development,4,1,Medical,1735,3,Female,51,3,1,Laboratory Technician,2,Single,3295,12862,1,No,13,3,3,0,3,3,1,3,2,1,2,3,39.8,11,3,4,4,Hybrid,4,Below Average,Early (3-5),Settling (2-3),56.272375238202656,Moderate
31,No,Travel_Frequently,163,Research & Development,24,1,Technical Degree,1736,4,Female,30,3,2,Manufacturing Director,4,Single,5238,6670,2,No,20,4,4,0,9,3,2,5,4,1,4,4,48.2,18,5,3,4,Onsite,4,Below Average,Mid (6-10),Established (4-5),66.21734843868661,Moderate
39,No,Non-Travel,792,Research & Development,1,3,Life Sciences,1737,4,Male,77,3,2,Laboratory Technician,4,Married,6472,8989,1,Yes,15,3,4,1,9,2,3,9,8,5,8,4,48.3,10,5,4,5,Remote,3,Average,Mid (6-10),Veteran (6-10),77.38558501246138,Healthy
32,No,Travel_Rarely,371,Sales,19,3,Life Sciences,1739,4,Male,80,1,3,Sales Executive,3,Married,9610,3840,3,No,13,3,3,1,10,2,1,4,3,0,2,3,50.3,11,3,4,4,Hybrid,2,Average,Mid (6-10),Established (4-5),51.043490753462315,Moderate
40,No,Travel_Rarely,611,Sales,7,4,Medical,1740,2,Male,88,3,5,Manager,2,Single,19833,4349,1,No,14,3,2,0,21,3,2,21,8,12,8,3,48.4,22,4,2,3,Hybrid,2,High,Expert (20+),Lifer (10+),50.04391222276682,Moderate
45,No,Travel_Rarely,176,Human Resources,4,3,Life Sciences,1744,3,Female,56,1,3,Human Resources,3,Married,9756,6595,4,No,21,4,3,2,9,2,4,5,0,0,3,2,36.2,13,5,3,3,Hybrid,3,Average,Mid (6-10),Established (4-5),61.30642132658395,Moderate
30,No,Travel_Frequently,1312,Research & Development,2,4,Technical Degree,1745,4,Female,78,2,1,Research Scientist,1,Single,4968,26427,0,No,16,3,4,0,10,2,3,9,7,0,7,2,41.1,7,4,4,4,Onsite,3,Below Average,Mid (6-10),Veteran (6-10),61.26110443723761,Moderate
24,No,Travel_Frequently,897,Human Resources,10,3,Medical,1746,1,Male,59,3,1,Human Resources,4,Married,2145,2097,0,No,14,3,4,1,3,2,3,2,2,2,1,2,35.0,7,3,2,3,Remote,4,Low,Early (3-5),Settling (2-3),58.864024179392295,Moderate
30,Yes,Travel_Frequently,600,Human Resources,8,3,Human Resources,1747,3,Female,66,2,1,Human Resources,4,Divorced,2180,9732,6,No,11,3,3,1,6,0,2,4,2,1,2,3,42.9,5,1,2,3,Onsite,3,Low,Mid (6-10),Established (4-5),39.497051418480275,At Risk
31,No,Travel_Rarely,1003,Sales,5,3,Technical Degree,1749,1,Male,51,3,2,Sales Executive,3,Married,8346,20943,1,No,19,3,3,1,6,3,3,5,2,0,2,3,44.6,9,5,3,2,Hybrid,5,Average,Mid (6-10),Established (4-5),58.38296799986381,Moderate
27,No,Travel_Rarely,1054,Research & Development,8,3,Medical,1751,3,Female,67,3,1,Research Scientist,4,Single,3445,6152,1,No,11,3,3,0,6,5,2,6,2,1,4,3,38.0,6,3,4,4,Onsite,4,Below Average,Mid (6-10),Veteran (6-10),65.32063123032151,Moderate
29,Yes,Travel_Rarely,428,Sales,9,3,Marketing,1752,2,Female,52,1,1,Sales Representative,2,Single,2760,14630,1,No,13,3,3,0,2,3,3,2,2,2,2,2,40.1,7,2,4,3,Remote,3,Low,Entry (0-2),Settling (2-3),46.301313120315804,At Risk
29,No,Travel_Frequently,461,Research & Development,1,3,Life Sciences,1753,4,Male,70,4,2,Healthcare Representative,3,Single,6294,23060,8,Yes,12,3,4,0,10,5,4,3,2,0,2,4,57.9,19,3,4,4,Hybrid,5,Average,Mid (6-10),Settling (2-3),66.33395047332091,Moderate
30,No,Travel_Rarely,979,Sales,15,2,Marketing,1754,3,Male,94,2,3,Sales Executive,1,Divorced,7140,3088,2,No,11,3,1,1,12,2,3,7,7,1,7,4,40.6,16,4,3,4,Onsite,3,Average,Senior (11-20),Veteran (6-10),49.26905526964079,At Risk
34,No,Travel_Rarely,181,Research & Development,2,4,Medical,1755,4,Male,97,4,1,Research Scientist,4,Married,2932,5586,0,Yes,14,3,1,3,6,3,3,5,0,1,2,2,45.6,12,3,2,3,Onsite,3,Low,Mid (6-10),Established (4-5),63.206630371608775,Moderate
33,No,Non-Travel,1283,Sales,2,3,Marketing,1756,4,Female,62,3,2,Sales Executive,2,Single,5147,10697,8,No,15,3,4,0,13,2,2,11,7,1,7,3,47.8,9,3,4,4,Onsite,3,Below Average,Senior (11-20),Lifer (10+),58.407975430936276,Moderate
49,No,Travel_Rarely,1313,Sales,11,4,Marketing,1757,4,Female,80,3,2,Sales Executive,4,Single,4507,8191,3,No,12,3,3,0,8,1,4,5,1,0,4,4,48.2,7,2,3,5,Hybrid,2,Below Average,Mid (6-10),Established (4-5),62.7005444961263,Moderate
33,Yes,Travel_Rarely,211,Sales,16,3,Life Sciences,1758,1,Female,74,3,3,Sales Executive,1,Single,8564,10092,2,Yes,20,4,3,0,11,2,2,0,0,0,0,3,52.9,17,3,3,2,Remote,5,Average,Senior (11-20),New (0-1),40.590105066774754,At Risk
38,No,Travel_Frequently,594,Research & Development,2,2,Medical,1760,3,Female,75,2,1,Laboratory Technician,2,Married,2468,15963,4,No,14,3,2,1,9,4,2,6,1,0,5,4,44.4,7,3,4,4,Onsite,4,Low,Mid (6-10),Veteran (6-10),49.92120980372809,At Risk
31,Yes,Travel_Rarely,1079,Sales,16,4,Marketing,1761,1,Male,70,3,3,Sales Executive,3,Married,8161,19002,2,No,13,3,1,3,10,2,3,1,0,0,0,4,48.0,19,4,4,2,Hybrid,5,Average,Mid (6-10),New (0-1),53.57023539200041,Moderate
29,No,Travel_Rarely,590,Research & Development,4,3,Technical Degree,1762,4,Female,91,2,1,Research Scientist,1,Divorced,2109,10007,1,No,13,3,3,1,1,2,3,1,0,0,0,2,36.6,6,3,3,4,Hybrid,3,Low,Entry (0-2),New (0-1),53.1850706691391,Moderate
30,No,Travel_Rarely,305,Research & Development,16,3,Life Sciences,1763,3,Male,58,4,2,Healthcare Representative,3,Married,5294,9128,3,No,16,3,3,1,10,3,3,7,0,1,7,3,39.2,9,4,4,3,Onsite,4,Below Average,Mid (6-10),Veteran (6-10),67.38590710263634,Moderate
32,No,Non-Travel,953,Research & Development,5,4,Technical Degree,1764,2,Male,65,3,1,Research Scientist,2,Single,2718,17674,2,No,14,3,2,0,12,3,3,7,7,0,7,3,44.5,10,4,4,4,Hybrid,3,Low,Senior (11-20),Veteran (6-10),64.91587909415499,Moderate
38,No,Travel_Rarely,833,Research & Development,18,3,Medical,1766,2,Male,60,1,2,Healthcare Representative,4,Married,5811,24539,3,Yes,16,3,3,1,15,2,3,1,0,1,0,4,55.3,13,3,5,4,Remote,3,Below Average,Senior (11-20),New (0-1),58.33058990124389,Moderate
43,Yes,Travel_Frequently,807,Research & Development,17,3,Technical Degree,1767,3,Male,38,2,1,Research Scientist,3,Married,2437,15587,9,Yes,16,3,4,1,6,4,3,1,0,0,0,5,53.5,12,3,4,2,Hybrid,2,Low,Mid (6-10),New (0-1),40.71116629430713,At Risk
42,No,Travel_Rarely,855,Research & Development,12,3,Medical,1768,2,Male,57,3,1,Laboratory Technician,2,Divorced,2766,8952,8,No,22,4,2,3,7,6,2,5,3,0,4,2,36.9,9,5,4,2,Hybrid,2,Low,Mid (6-10),Established (4-5),60.63892964004268,Moderate
55,No,Travel_Rarely,478,Research & Development,2,3,Medical,1770,3,Male,60,2,5,Research Director,1,Married,19038,19805,8,No,12,3,2,3,34,2,3,1,0,0,0,4,53.5,27,4,3,2,Onsite,2,High,Expert (20+),New (0-1),38.611243102785295,At Risk
33,No,Non-Travel,775,Research & Development,4,3,Technical Degree,1771,4,Male,90,3,2,Research Scientist,2,Divorced,3055,6194,5,No,15,3,4,2,11,2,2,9,8,1,7,2,39.8,14,2,3,3,Hybrid,2,Below Average,Senior (11-20),Veteran (6-10),49.147195014401724,At Risk
41,No,Travel_Rarely,548,Research & Development,9,4,Life Sciences,1772,3,Male,94,3,1,Laboratory Technician,1,Divorced,2289,20520,1,No,20,4,2,2,5,2,3,5,3,0,4,3,38.3,10,4,3,4,Hybrid,5,Low,Early (3-5),Established (4-5),57.755820896848974,Moderate
34,No,Non-Travel,1375,Sales,10,3,Life Sciences,1774,4,Male,87,3,2,Sales Executive,3,Divorced,4001,12313,1,Yes,14,3,3,1,15,3,3,15,14,0,7,3,53.5,12,3,3,3,Remote,5,Below Average,Senior (11-20),Lifer (10+),54.96726714232136,Moderate
53,No,Non-Travel,661,Research & Development,1,4,Medical,1775,1,Female,60,2,4,Manufacturing Director,3,Married,12965,22308,4,Yes,20,4,4,3,27,2,2,3,2,0,2,4,63.4,16,5,3,3,Onsite,3,Above Average,Expert (20+),Settling (2-3),53.089508263349764,Moderate
43,No,Travel_Rarely,244,Human Resources,2,3,Life Sciences,1778,2,Male,97,3,1,Human Resources,4,Single,3539,5033,0,No,13,3,2,0,10,5,3,9,7,1,8,4,43.0,6,3,4,4,Onsite,4,Below Average,Mid (6-10),Veteran (6-10),63.31207198806344,Moderate
34,No,Travel_Rarely,511,Sales,3,2,Life Sciences,1779,4,Female,32,1,2,Sales Executive,4,Single,6029,25353,5,No,12,3,1,0,6,3,3,2,2,2,2,4,42.8,14,2,2,4,Onsite,3,Average,Mid (6-10),Settling (2-3),42.84709553791857,At Risk
21,Yes,Travel_Rarely,337,Sales,7,1,Marketing,1780,2,Male,31,3,1,Sales Representative,2,Single,2679,4567,1,No,13,3,2,0,1,3,3,1,0,1,0,4,41.5,8,2,4,2,Remote,2,Low,Entry (0-2),New (0-1),41.369300551337595,At Risk
38,No,Travel_Rarely,1153,Research & Development,6,2,Other,1782,4,Female,40,2,1,Laboratory Technician,3,Married,3702,16376,1,No,11,3,2,1,5,3,3,5,4,0,4,2,39.8,13,3,4,4,Onsite,3,Below Average,Early (3-5),Established (4-5),63.801456766137754,Moderate
22,Yes,Travel_Rarely,1294,Research & Development,8,1,Medical,1783,3,Female,79,3,1,Laboratory Technician,1,Married,2398,15999,1,Yes,17,3,3,0,1,6,3,1,0,0,0,4,53.3,7,3,4,3,Onsite,3,Low,Entry (0-2),New (0-1),47.61418220555782,At Risk
31,No,Travel_Rarely,196,Sales,29,4,Marketing,1784,1,Female,91,2,2,Sales Executive,4,Married,5468,13402,1,No,14,3,1,2,13,3,3,12,7,5,7,4,35.0,12,2,3,3,Onsite,4,Below Average,Senior (11-20),Lifer (10+),45.56452594432071,At Risk
51,No,Travel_Rarely,942,Research & Development,3,3,Technical Degree,1786,1,Female,53,3,3,Manager,3,Married,13116,22984,2,No,11,3,4,0,15,2,3,2,2,2,2,3,41.4,12,2,3,3,Onsite,2,Above Average,Senior (11-20),Settling (2-3),50.594963671836254,Moderate
37,No,Travel_Rarely,589,Sales,9,2,Marketing,1787,2,Male,46,2,2,Sales Executive,2,Married,4189,8800,1,No,14,3,1,2,5,2,3,5,2,0,3,5,42.1,9,1,4,5,Onsite,3,Below Average,Early (3-5),Established (4-5),44.496949703927555,At Risk
46,No,Travel_Rarely,734,Research & Development,2,4,Medical,1789,3,Male,46,3,5,Research Director,4,Divorced,19328,14218,7,Yes,17,3,3,1,24,3,3,2,1,2,2,5,49.3,32,4,4,4,Remote,2,High,Expert (20+),Settling (2-3),63.54021602355683,Moderate
36,No,Travel_Rarely,1383,Research & Development,10,3,Life Sciences,1790,4,Male,90,3,3,Healthcare Representative,1,Married,8321,25949,7,Yes,13,3,4,1,15,1,3,12,8,5,7,4,57.3,8,4,2,5,Onsite,4,Average,Senior (11-20),Lifer (10+),55.23683724767161,Moderate
44,Yes,Travel_Frequently,429,Research & Development,1,2,Medical,1792,3,Male,99,3,1,Research Scientist,2,Divorced,2342,11092,1,Yes,12,3,3,3,6,2,2,5,3,2,3,4,50.6,5,2,1,3,Onsite,3,Low,Mid (6-10),Established (4-5),33.4514155491915,At Risk
37,No,Travel_Rarely,1239,Human Resources,8,2,Other,1794,3,Male,89,3,2,Human Resources,2,Divorced,4071,12832,2,No,13,3,3,0,19,4,2,10,0,4,7,3,48.9,15,3,4,4,Onsite,3,Below Average,Senior (11-20),Veteran (6-10),58.407975430936276,Moderate
35,Yes,Travel_Rarely,303,Sales,27,3,Life Sciences,1797,3,Male,84,3,2,Sales Executive,4,Single,5813,13492,1,Yes,18,3,4,0,10,2,3,10,7,7,7,4,57.1,10,3,2,3,Hybrid,3,Below Average,Mid (6-10),Veteran (6-10),50.57570530940888,Moderate
33,No,Travel_Rarely,867,Research & Development,8,4,Life Sciences,1798,4,Male,90,4,1,Research Scientist,1,Married,3143,6076,6,No,19,3,2,1,14,1,3,10,8,7,6,4,37.7,9,5,2,3,Hybrid,5,Below Average,Senior (11-20),Veteran (6-10),53.29393474351769,Moderate
28,No,Travel_Rarely,1181,Research & Development,1,3,Life Sciences,1799,3,Male,82,3,1,Research Scientist,4,Married,2044,5531,1,No,11,3,3,1,5,6,4,5,3,0,3,4,38.2,11,3,3,5,Hybrid,3,Low,Early (3-5),Established (4-5),67.0728479666114,Moderate
39,No,Travel_Rarely,1253,Research & Development,10,1,Medical,1800,3,Male,65,3,3,Research Director,3,Single,13464,7914,7,No,21,4,3,0,9,3,3,4,3,2,2,3,42.3,18,3,3,3,Remote,3,Above Average,Mid (6-10),Established (4-5),54.96726714232136,Moderate
46,No,Non-Travel,849,Sales,26,2,Life Sciences,1801,2,Male,98,2,2,Sales Executive,2,Single,7991,25166,8,No,15,3,3,0,6,3,3,2,2,2,2,2,39.3,9,3,3,5,Remote,3,Average,Mid (6-10),Settling (2-3),61.97030465225948,Moderate
40,No,Travel_Rarely,616,Research & Development,2,2,Life Sciences,1802,3,Female,99,3,1,Laboratory Technician,1,Married,3377,25605,4,No,17,3,4,1,7,5,2,4,3,0,2,2,41.2,7,3,4,2,Onsite,3,Below Average,Mid (6-10),Established (4-5),48.43799479937986,At Risk
42,No,Travel_Rarely,1128,Research & Development,13,3,Medical,1803,2,Male,95,4,2,Healthcare Representative,1,Married,5538,5696,5,No,18,3,3,2,10,2,2,0,0,0,0,4,38.9,10,3,4,2,Remote,3,Below Average,Mid (6-10),New (0-1),44.492282121612924,At Risk
35,No,Non-Travel,1180,Research & Development,2,2,Medical,1804,2,Male,90,3,2,Manufacturing Director,4,Divorced,5762,24442,2,No,14,3,3,1,15,6,3,7,7,1,7,2,36.6,12,3,3,3,Hybrid,5,Below Average,Senior (11-20),Veteran (6-10),62.5677544770057,Moderate
38,No,Non-Travel,1336,Human Resources,2,3,Human Resources,1805,1,Male,100,3,1,Human Resources,2,Divorced,2592,7129,5,No,13,3,4,3,13,3,3,11,10,3,8,1,42.1,5,3,3,3,Remote,3,Low,Senior (11-20),Lifer (10+),59.79925811261215,Moderate
34,Yes,Travel_Frequently,234,Research & Development,9,4,Life Sciences,1807,4,Male,93,3,2,Laboratory Technician,1,Married,5346,6208,4,No,17,3,3,1,11,3,2,7,1,0,7,4,44.4,5,4,3,5,Hybrid,3,Below Average,Senior (11-20),Veteran (6-10),56.804967352551394,Moderate
37,Yes,Travel_Rarely,370,Research & Development,10,4,Medical,1809,4,Male,58,3,2,Manufacturing Director,1,Single,4213,4992,1,No,15,3,2,0,10,4,1,10,3,0,8,5,39.5,14,2,4,4,Onsite,3,Below Average,Mid (6-10),Veteran (6-10),40.15542499804151,At Risk
39,No,Travel_Frequently,766,Sales,20,3,Life Sciences,1812,3,Male,83,3,2,Sales Executive,4,Divorced,4127,19188,2,No,18,3,4,1,7,6,3,2,1,2,2,3,44.7,15,2,4,3,Remote,5,Below Average,Mid (6-10),Settling (2-3),57.75502186914229,Moderate
43,No,Non-Travel,343,Research & Development,9,3,Life Sciences,1813,1,Male,52,3,1,Research Scientist,3,Single,2438,24978,4,No,13,3,3,0,7,2,2,3,2,1,2,4,37.9,12,4,4,3,Remote,2,Low,Mid (6-10),Settling (2-3),56.76354128269454,Moderate
41,No,Travel_Rarely,447,Research & Development,5,3,Life Sciences,1814,2,Male,85,4,2,Healthcare Representative,2,Single,6870,15530,3,No,12,3,1,0,11,3,1,3,2,1,2,3,43.7,14,4,4,3,Onsite,4,Average,Senior (11-20),Settling (2-3),59.658378817476475,Moderate
41,No,Travel_Rarely,796,Sales,4,1,Marketing,1815,3,Female,81,3,3,Sales Executive,3,Divorced,10447,26458,0,Yes,13,3,4,1,23,3,4,22,14,13,5,4,52.2,13,5,1,3,Onsite,5,Above Average,Expert (20+),Lifer (10+),54.29585424580667,Moderate
30,No,Travel_Rarely,1092,Research & Development,10,3,Medical,1816,1,Female,64,3,3,Manufacturing Director,3,Single,9667,2739,9,No,14,3,2,0,9,3,3,7,7,0,2,4,42.5,10,4,4,2,Remote,3,Average,Mid (6-10),Veteran (6-10),53.57023539200041,Moderate
26,Yes,Travel_Rarely,920,Human Resources,20,2,Medical,1818,4,Female,69,3,1,Human Resources,2,Married,2148,6889,0,Yes,11,3,3,0,6,3,3,5,1,1,4,4,49.6,13,2,3,4,Onsite,2,Low,Mid (6-10),Established (4-5),48.323382420579684,At Risk
46,Yes,Travel_Rarely,261,Research & Development,21,2,Medical,1821,4,Female,66,3,2,Healthcare Representative,2,Married,8926,10842,4,No,22,4,4,1,13,2,4,9,7,3,7,4,38.2,6,5,3,2,Onsite,4,Average,Senior (11-20),Veteran (6-10),52.91808085791311,Moderate
40,No,Travel_Rarely,1194,Research & Development,1,3,Life Sciences,1822,3,Female,52,3,2,Healthcare Representative,4,Divorced,6513,9060,4,No,17,3,4,1,12,3,3,5,3,0,3,3,40.3,9,3,3,5,Onsite,3,Average,Senior (11-20),Established (4-5),69.08140720886948,Moderate
34,No,Travel_Rarely,810,Sales,8,2,Technical Degree,1823,2,Male,92,4,2,Sales Executive,3,Married,6799,22128,1,No,21,4,3,2,10,5,3,10,8,4,8,3,40.3,5,4,4,3,Hybrid,5,Average,Mid (6-10),Veteran (6-10),67.38590710263634,Moderate
58,No,Non-Travel,350,Sales,2,3,Medical,1824,2,Male,52,3,4,Manager,2,Divorced,16291,22577,4,No,22,4,4,1,37,0,2,16,9,14,14,4,41.9,26,4,2,3,Onsite,4,High,Expert (20+),Lifer (10+),45.89975278777511,At Risk
35,No,Travel_Rarely,185,Research & Development,23,4,Medical,1826,2,Male,91,1,1,Laboratory Technician,3,Married,2705,9696,0,No,16,3,2,1,6,2,4,5,4,0,3,3,38.1,11,1,3,4,Remote,3,Low,Mid (6-10),Established (4-5),45.00195409307958,At Risk
47,No,Travel_Rarely,1001,Research & Development,4,3,Life Sciences,1827,3,Female,92,2,3,Manufacturing Director,2,Divorced,10333,19271,8,Yes,12,3,3,1,28,4,3,22,11,14,10,3,48.6,17,5,1,5,Hybrid,2,Above Average,Expert (20+),Lifer (10+),59.163291563011164,Moderate
40,No,Travel_Rarely,750,Research & Development,12,3,Life Sciences,1829,2,Female,47,3,2,Healthcare Representative,1,Divorced,4448,10748,2,No,12,3,2,1,15,3,3,7,4,7,7,4,39.1,11,3,2,5,Hybrid,2,Below Average,Senior (11-20),Veteran (6-10),50.8645337771865,Moderate
54,No,Travel_Rarely,431,Research & Development,7,4,Medical,1830,4,Female,68,3,2,Research Scientist,4,Married,6854,15696,4,No,15,3,2,1,14,2,2,7,1,1,7,2,40.8,9,5,3,5,Hybrid,3,Average,Senior (11-20),Veteran (6-10),79.83457339209778,Healthy
31,No,Travel_Frequently,1125,Sales,7,4,Marketing,1833,1,Female,68,3,3,Sales Executive,1,Married,9637,8277,2,No,14,3,4,2,9,3,3,3,2,2,2,3,41.6,14,4,3,4,Onsite,4,Average,Mid (6-10),Settling (2-3),57.755820896848974,Moderate
28,No,Travel_Rarely,1217,Research & Development,1,3,Medical,1834,3,Female,67,3,1,Research Scientist,1,Married,3591,12719,1,No,25,4,3,1,3,3,3,3,2,1,2,3,38.6,10,5,4,2,Onsite,4,Below Average,Early (3-5),Settling (2-3),55.17404249809197,Moderate
38,No,Travel_Rarely,723,Sales,2,4,Marketing,1835,2,Female,77,1,2,Sales Representative,4,Married,5405,4244,2,Yes,20,4,1,2,20,4,2,4,2,0,3,5,53.9,10,5,3,3,Remote,3,Below Average,Senior (11-20),Established (4-5),48.0590705358342,At Risk
26,No,Travel_Rarely,572,Sales,10,3,Medical,1836,3,Male,46,3,2,Sales Executive,4,Single,4684,9125,1,No,13,3,1,0,5,4,3,5,3,1,2,4,43.0,8,3,3,3,Hybrid,4,Below Average,Early (3-5),Established (4-5),54.279435607022286,Moderate
58,No,Travel_Frequently,1216,Research & Development,15,4,Life Sciences,1837,1,Male,87,3,4,Research Director,3,Married,15787,21624,2,Yes,14,3,2,0,23,3,3,2,2,2,2,4,55.6,36,2,4,4,Hybrid,4,High,Expert (20+),Settling (2-3),55.48344061788571,Moderate
18,No,Non-Travel,1431,Research & Development,14,3,Medical,1839,2,Female,33,3,1,Research Scientist,3,Single,1514,8018,1,No,16,3,3,0,0,4,1,0,0,0,0,4,38.6,6,3,4,3,Onsite,3,Low,Entry (0-2),New (0-1),50.25563761947581,Moderate
31,Yes,Travel_Rarely,359,Human Resources,18,5,Human Resources,1842,4,Male,89,4,1,Human Resources,1,Married,2956,21495,0,No,17,3,3,0,2,4,3,1,0,0,0,4,35.0,3,3,2,4,Hybrid,4,Low,Entry (0-2),New (0-1),49.878233885975234,At Risk
29,Yes,Travel_Rarely,350,Human Resources,13,3,Human Resources,1844,1,Male,56,2,1,Human Resources,1,Divorced,2335,3157,4,Yes,15,3,4,3,4,3,3,2,2,2,0,5,46.4,13,2,3,3,Hybrid,2,Low,Early (3-5),Settling (2-3),31.051382810251134,At Risk
45,No,Non-Travel,589,Sales,2,4,Life Sciences,1845,3,Female,67,3,2,Sales Executive,3,Married,5154,19665,4,No,22,4,2,2,10,3,4,8,7,5,7,3,38.4,10,4,3,3,Onsite,5,Below Average,Mid (6-10),Veteran (6-10),61.47517080554009,Moderate
36,No,Travel_Rarely,430,Research & Development,2,4,Other,1847,4,Female,73,3,2,Research Scientist,2,Married,6962,19573,4,Yes,22,4,4,1,15,2,3,1,0,0,0,3,48.5,8,5,4,3,Onsite,3,Average,Senior (11-20),New (0-1),63.95927648121235,Moderate
43,No,Travel_Frequently,1422,Sales,2,4,Life Sciences,1849,1,Male,92,3,2,Sales Executive,4,Married,5675,19246,1,No,20,4,3,1,7,5,3,7,7,7,7,2,38.0,9,3,3,4,Hybrid,3,Below Average,Mid (6-10),Veteran (6-10),67.89666056043345,Moderate
27,No,Travel_Frequently,1297,Research & Development,5,2,Life Sciences,1850,4,Female,53,3,1,Laboratory Technician,4,Single,2379,19826,0,Yes,14,3,3,0,6,3,2,5,4,0,2,4,49.9,4,3,2,3,Hybrid,4,Low,Mid (6-10),Established (4-5),48.44010511667525,At Risk
29,No,Travel_Frequently,574,Research & Development,20,1,Medical,1852,4,Male,40,3,1,Laboratory Technician,4,Married,3812,7003,1,No,13,3,2,0,11,3,4,11,8,3,10,3,37.0,16,4,4,4,Onsite,3,Below Average,Senior (11-20),Lifer (10+),73.96413508627387,Healthy
32,No,Travel_Frequently,1318,Sales,10,4,Marketing,1853,4,Male,79,3,2,Sales Executive,4,Single,4648,26075,8,No,13,3,3,0,4,2,4,0,0,0,0,3,41.0,9,1,3,3,Hybrid,4,Below Average,Early (3-5),New (0-1),51.81458829377742,Moderate
42,No,Non-Travel,355,Research & Development,10,4,Technical Degree,1854,3,Male,38,3,1,Research Scientist,3,Married,2936,6161,3,No,22,4,2,2,10,1,2,6,3,3,3,3,42.8,5,4,5,3,Onsite,4,Low,Mid (6-10),Veteran (6-10),64.61143101529964,Moderate
47,No,Travel_Rarely,207,Research & Development,9,4,Life Sciences,1856,2,Female,64,3,1,Laboratory Technician,3,Single,2105,5411,4,No,12,3,3,0,7,2,3,2,2,2,0,3,37.4,7,2,3,3,Onsite,3,Low,Mid (6-10),Settling (2-3),50.594963671836254,Moderate
46,No,Travel_Rarely,706,Research & Development,2,2,Life Sciences,1857,4,Male,82,3,3,Manufacturing Director,4,Divorced,8578,19989,3,No,14,3,3,1,12,4,2,9,8,4,7,3,41.7,12,4,2,4,Onsite,4,Average,Senior (11-20),Veteran (6-10),62.28547410557981,Moderate
28,No,Non-Travel,280,Human Resources,1,2,Life Sciences,1858,3,Male,43,3,1,Human Resources,4,Divorced,2706,10494,1,No,15,3,2,1,3,2,3,3,2,2,2,3,35.9,10,2,2,3,Onsite,4,Low,Early (3-5),Settling (2-3),50.347561273915474,Moderate
29,No,Travel_Rarely,726,Research & Development,29,1,Life Sciences,1859,4,Male,93,1,2,Healthcare Representative,3,Divorced,6384,21143,8,No,17,3,4,2,11,3,3,7,0,1,6,3,41.0,11,3,4,4,Onsite,4,Average,Senior (11-20),Veteran (6-10),55.31469113892956,Moderate
42,No,Travel_Rarely,1142,Research & Development,8,3,Life Sciences,1860,4,Male,81,3,1,Laboratory Technician,3,Single,3968,13624,4,No,13,3,4,0,8,3,3,0,0,0,0,1,36.2,10,4,3,3,Hybrid,3,Below Average,Mid (6-10),New (0-1),67.62788948278987,Moderate
32,Yes,Travel_Rarely,414,Sales,2,4,Marketing,1862,3,Male,82,2,2,Sales Executive,2,Single,9907,26186,7,Yes,12,3,3,0,7,3,2,2,2,2,2,3,54.1,8,4,3,2,Hybrid,3,Average,Mid (6-10),Settling (2-3),44.07613024473599,At Risk
46,No,Travel_Rarely,1319,Sales,3,3,Technical Degree,1863,1,Female,45,4,4,Sales Executive,1,Divorced,13225,7739,2,No,12,3,4,1,25,5,3,19,17,2,8,3,37.0,10,4,5,3,Hybrid,4,Above Average,Expert (20+),Lifer (10+),64.17698160086451,Moderate
27,No,Travel_Rarely,728,Sales,23,1,Medical,1864,2,Female,36,2,2,Sales Representative,3,Married,3540,7018,1,No,21,4,4,1,9,5,3,9,8,5,8,2,39.7,8,4,3,4,Remote,4,Below Average,Mid (6-10),Veteran (6-10),64.47002993900945,Moderate
29,No,Travel_Rarely,352,Human Resources,6,1,Medical,1865,4,Male,87,2,1,Human Resources,2,Married,2804,15434,1,No,11,3,4,0,1,3,3,1,0,0,0,3,40.8,8,3,4,4,Onsite,4,Low,Entry (0-2),New (0-1),56.20096943145343,Moderate
43,No,Travel_Rarely,823,Research & Development,6,3,Medical,1866,1,Female,81,2,5,Manager,3,Married,19392,22539,7,No,13,3,4,0,21,2,3,16,12,6,14,5,46.3,17,4,4,5,Onsite,3,High,Expert (20+),Lifer (10+),61.07018801507549,Moderate
48,No,Travel_Rarely,1224,Research & Development,10,3,Life Sciences,1867,4,Male,91,2,5,Research Director,2,Married,19665,13583,4,No,12,3,4,0,29,3,3,22,10,12,9,5,56.4,20,3,2,4,Onsite,2,High,Expert (20+),Lifer (10+),40.50518996624321,At Risk
29,Yes,Travel_Frequently,459,Research & Development,24,2,Life Sciences,1868,4,Male,73,2,1,Research Scientist,4,Single,2439,14753,1,Yes,24,4,2,0,1,3,2,1,0,1,0,4,48.7,12,4,2,5,Onsite,5,Low,Entry (0-2),New (0-1),59.127614561799376,Moderate
46,Yes,Travel_Rarely,1254,Sales,10,3,Life Sciences,1869,3,Female,64,3,3,Sales Executive,2,Married,7314,14011,5,No,21,4,3,3,14,2,3,8,7,0,7,5,38.6,11,4,4,3,Hybrid,4,Average,Senior (11-20),Veteran (6-10),51.298654140743835,Moderate
27,No,Travel_Frequently,1131,Research & Development,15,3,Life Sciences,1870,4,Female,77,2,1,Research Scientist,1,Married,4774,23844,0,No,19,3,4,1,8,2,2,7,6,7,3,3,40.0,12,5,2,5,Onsite,3,Below Average,Mid (6-10),Veteran (6-10),57.275093768198325,Moderate
39,No,Travel_Rarely,835,Research & Development,19,4,Other,1871,4,Male,41,3,2,Research Scientist,4,Divorced,3902,5141,8,No,14,3,2,3,7,2,3,2,2,2,2,3,35.0,8,4,4,3,Hybrid,4,Below Average,Mid (6-10),Settling (2-3),66.49962881011248,Moderate
55,No,Travel_Rarely,836,Research & Development,2,4,Technical Degree,1873,2,Male,98,2,1,Research Scientist,4,Married,2662,7975,8,No,20,4,2,1,19,2,4,5,2,0,4,3,38.5,3,4,3,3,Hybrid,3,Low,Senior (11-20),Established (4-5),60.58889251301625,Moderate
28,No,Travel_Rarely,1172,Sales,3,3,Medical,1875,2,Female,78,3,1,Sales Representative,2,Married,2856,3692,1,No,19,3,4,1,1,3,3,1,0,0,0,3,36.3,2,4,5,2,Remote,4,Low,Entry (0-2),New (0-1),57.9617972249129,Moderate
30,Yes,Travel_Rarely,945,Sales,9,3,Medical,1876,2,Male,89,3,1,Sales Representative,4,Single,1081,16019,1,No,13,3,3,0,1,3,2,1,0,0,0,3,44.1,5,3,4,3,Onsite,2,Low,Entry (0-2),New (0-1),59.99172514689377,Moderate
22,Yes,Travel_Rarely,391,Research & Development,7,1,Life Sciences,1878,4,Male,75,3,1,Research Scientist,2,Single,2472,26092,1,Yes,23,4,1,0,1,2,3,1,0,0,0,4,45.9,14,4,3,4,Onsite,4,Low,Entry (0-2),New (0-1),57.067989361549884,Moderate
36,No,Travel_Rarely,1266,Sales,10,4,Technical Degree,1880,2,Female,63,2,2,Sales Executive,3,Married,5673,6060,1,Yes,13,3,1,1,10,4,3,10,9,1,7,4,55.0,11,2,4,4,Onsite,3,Below Average,Mid (6-10),Veteran (6-10),51.14083442566923,Moderate
31,No,Travel_Rarely,311,Research & Development,20,3,Life Sciences,1881,2,Male,89,3,2,Laboratory Technician,3,Divorced,4197,18624,1,No,11,3,1,1,10,2,3,10,8,0,2,3,38.6,8,3,4,2,Hybrid,4,Below Average,Mid (6-10),Veteran (6-10),53.34209135650701,Moderate
34,No,Travel_Rarely,1480,Sales,4,3,Life Sciences,1882,3,Male,64,3,3,Sales Executive,4,Married,9713,24444,2,Yes,13,3,4,3,9,3,3,5,3,1,0,4,59.6,9,4,4,2,Remote,3,Average,Mid (6-10),Established (4-5),57.02656329169303,Moderate
29,No,Travel_Rarely,592,Research & Development,7,3,Life Sciences,1883,4,Male,59,3,1,Laboratory Technician,1,Single,2062,19384,3,No,14,3,2,0,11,2,3,3,2,1,2,4,38.3,7,3,4,3,Hybrid,4,Low,Senior (11-20),Settling (2-3),47.61418220555782,At Risk
37,No,Travel_Rarely,783,Research & Development,7,4,Medical,1885,4,Male,78,3,2,Research Scientist,1,Married,4284,13588,5,Yes,22,4,3,1,16,2,3,5,3,0,4,5,60.8,8,4,5,4,Hybrid,4,Below Average,Senior (11-20),Established (4-5),56.874962622092376,Moderate
35,No,Travel_Rarely,219,Research & Development,16,2,Other,1886,4,Female,44,2,2,Manufacturing Director,2,Married,4788,25388,0,Yes,11,3,4,0,4,2,3,3,2,0,2,3,49.7,8,3,3,4,Onsite,3,Below Average,Early (3-5),Settling (2-3),52.497239133840026,Moderate
45,No,Travel_Rarely,556,Research & Development,25,2,Life Sciences,1888,2,Female,93,2,2,Manufacturing Director,4,Married,5906,23888,0,No,13,3,4,2,10,2,2,9,8,3,8,1,43.8,12,3,3,3,Remote,3,Below Average,Mid (6-10),Veteran (6-10),60.23370752704731,Moderate
36,No,Travel_Frequently,1213,Human Resources,2,1,Human Resources,1890,2,Male,94,2,2,Human Resources,4,Single,3886,4223,1,No,21,4,4,0,10,2,2,10,1,0,8,4,43.4,14,5,4,4,Onsite,4,Below Average,Mid (6-10),Veteran (6-10),65.57847254408354,Moderate
40,No,Travel_Rarely,1137,Research & Development,1,4,Life Sciences,1892,1,Male,98,3,4,Manager,1,Divorced,16823,18991,2,No,11,3,1,1,22,3,3,19,7,11,16,2,45.7,30,3,3,5,Onsite,2,High,Expert (20+),Lifer (10+),62.85658294478333,Moderate
26,No,Travel_Rarely,482,Research & Development,1,2,Life Sciences,1893,2,Female,90,2,1,Research Scientist,3,Married,2933,14908,1,Yes,13,3,3,1,1,3,2,1,0,1,0,4,37.8,7,2,4,3,Onsite,3,Low,Entry (0-2),New (0-1),43.67632814950786,At Risk
27,No,Travel_Rarely,511,Sales,2,2,Medical,1898,1,Female,89,4,2,Sales Executive,3,Single,6500,26997,0,No,14,3,2,0,9,5,2,8,7,0,7,2,40.8,10,3,4,3,Hybrid,4,Average,Mid (6-10),Veteran (6-10),65.02216287440933,Moderate
48,No,Travel_Frequently,117,Research & Development,22,3,Medical,1900,4,Female,58,3,4,Manager,4,Divorced,17174,2437,3,No,11,3,2,1,24,3,3,22,17,4,7,2,47.5,22,2,4,5,Onsite,3,High,Expert (20+),Lifer (10+),72.5569934709895,Healthy
44,No,Travel_Rarely,170,Research & Development,1,4,Life Sciences,1903,2,Male,78,4,2,Healthcare Representative,1,Married,5033,9364,2,No,15,3,4,1,10,5,3,2,0,2,2,4,40.9,12,3,2,3,Hybrid,4,Below Average,Mid (6-10),Settling (2-3),44.54932780254749,At Risk
34,Yes,Non-Travel,967,Research & Development,16,4,Technical Degree,1905,4,Male,85,1,1,Research Scientist,1,Married,2307,14460,1,Yes,23,4,2,1,5,2,3,5,2,3,0,5,39.8,2,3,3,4,Remote,3,Low,Early (3-5),Established (4-5),36.40998617194751,At Risk
56,Yes,Travel_Rarely,1162,Research & Development,24,2,Life Sciences,1907,1,Male,97,3,1,Laboratory Technician,4,Single,2587,10261,1,No,16,3,4,0,5,3,3,4,2,1,0,3,39.4,14,2,3,2,Remote,3,Low,Early (3-5),Established (4-5),48.722385488101125,At Risk
36,No,Travel_Rarely,335,Sales,17,2,Marketing,1908,3,Male,33,2,2,Sales Executive,2,Married,5507,16822,2,No,16,3,3,2,12,1,1,4,2,1,3,1,49.5,11,4,5,5,Onsite,3,Below Average,Senior (11-20),Established (4-5),73.62302776749586,Healthy
41,No,Travel_Rarely,337,Sales,8,3,Marketing,1909,3,Female,54,3,2,Sales Executive,2,Married,4393,26841,5,No,21,4,3,1,14,3,3,5,4,1,4,3,46.1,16,2,3,4,Remote,4,Below Average,Senior (11-20),Established (4-5),52.4675418555714,Moderate
42,No,Travel_Rarely,1396,Research & Development,6,3,Medical,1911,3,Male,83,3,3,Research Director,1,Married,13348,14842,9,No,13,3,2,1,18,3,4,13,7,5,7,4,41.6,23,4,4,3,Onsite,3,Above Average,Senior (11-20),Lifer (10+),54.12208586877655,Moderate
31,No,Travel_Rarely,1079,Sales,10,2,Medical,1912,3,Female,86,3,2,Sales Executive,4,Divorced,6583,20115,2,Yes,11,3,4,1,8,2,3,5,2,1,4,3,54.7,5,4,3,3,Remote,4,Average,Mid (6-10),Established (4-5),62.79589851249908,Moderate
34,No,Travel_Rarely,735,Sales,3,1,Medical,1915,4,Female,75,2,2,Sales Executive,4,Married,8103,16495,3,Yes,12,3,3,0,9,3,2,4,2,0,1,4,49.7,12,4,4,3,Hybrid,3,Average,Mid (6-10),Established (4-5),55.87726299017069,Moderate
31,No,Travel_Rarely,471,Research & Development,4,3,Medical,1916,1,Female,62,4,1,Laboratory Technician,3,Divorced,3978,16031,8,No,12,3,2,1,4,0,2,2,2,2,2,3,35.0,12,3,4,4,Remote,3,Below Average,Early (3-5),Settling (2-3),66.20690952284536,Moderate
26,No,Travel_Frequently,1096,Research & Development,6,3,Other,1918,3,Male,61,4,1,Laboratory Technician,4,Married,2544,7102,0,No,18,3,1,1,8,3,3,7,7,7,7,3,35.9,2,4,3,3,Onsite,3,Low,Mid (6-10),Veteran (6-10),67.13850470471556,Moderate
45,No,Travel_Frequently,1297,Research & Development,1,4,Medical,1922,2,Male,44,3,2,Healthcare Representative,3,Single,5399,14511,4,No,12,3,3,0,12,3,3,4,2,0,3,3,47.4,13,2,4,3,Onsite,5,Below Average,Senior (11-20),Established (4-5),54.298693969449666,Moderate
33,No,Travel_Rarely,217,Sales,10,4,Marketing,1924,2,Male,43,3,2,Sales Executive,3,Single,5487,10410,1,No,14,3,2,0,10,2,2,10,4,0,9,2,40.8,8,4,4,3,Onsite,3,Below Average,Mid (6-10),Veteran (6-10),65.05186015267795,Moderate
28,No,Travel_Frequently,783,Sales,1,2,Life Sciences,1927,3,Male,42,2,2,Sales Executive,4,Married,6834,19255,1,Yes,12,3,3,1,7,2,3,7,7,0,7,5,47.1,12,3,3,4,Onsite,2,Average,Mid (6-10),Veteran (6-10),51.12157606324185,Moderate
29,Yes,Travel_Frequently,746,Sales,24,3,Technical Degree,1928,3,Male,45,4,1,Sales Representative,1,Single,1091,10642,1,No,17,3,4,0,1,3,3,1,0,0,0,3,38.4,5,2,3,3,Onsite,4,Low,Entry (0-2),New (0-1),48.0249140646675,At Risk
39,No,Non-Travel,1251,Sales,21,4,Life Sciences,1929,1,Female,32,1,2,Sales Executive,3,Married,5736,3987,6,No,19,3,3,1,10,1,3,3,2,1,2,3,48.7,13,3,3,2,Hybrid,3,Below Average,Mid (6-10),Settling (2-3),40.95314867446066,At Risk
27,No,Travel_Rarely,1354,Research & Development,2,4,Technical Degree,1931,2,Male,41,3,1,Research Scientist,2,Married,2226,6073,1,No,11,3,3,1,6,3,2,5,3,1,2,2,46.9,9,1,3,3,Onsite,4,Low,Mid (6-10),Established (4-5),44.77489154391662,At Risk
34,No,Travel_Frequently,735,Research & Development,22,4,Other,1932,3,Male,86,2,2,Research Scientist,4,Married,5747,26496,1,Yes,15,3,2,0,16,3,3,15,10,6,11,4,60.7,17,4,1,4,Hybrid,3,Below Average,Senior (11-20),Lifer (10+),52.23057837349185,Moderate
28,Yes,Travel_Rarely,1475,Sales,13,2,Marketing,1933,4,Female,84,3,2,Sales Executive,3,Single,9854,23352,3,Yes,11,3,4,0,6,0,3,2,0,2,2,4,46.7,15,4,3,3,Hybrid,4,Average,Mid (6-10),Settling (2-3),55.195411177814755,Moderate
47,No,Non-Travel,1169,Research & Development,14,4,Technical Degree,1934,3,Male,64,3,2,Research Scientist,2,Married,5467,2125,8,No,18,3,3,1,16,4,4,8,7,1,7,3,41.5,9,5,4,4,Onsite,3,Below Average,Senior (11-20),Veteran (6-10),71.42378275737371,Healthy
56,No,Travel_Rarely,1443,Sales,11,5,Marketing,1935,4,Female,89,2,2,Sales Executive,1,Married,5380,20328,4,No,16,3,3,1,6,3,3,0,0,0,0,5,35.0,11,3,4,4,Hybrid,2,Below Average,Mid (6-10),New (0-1),44.456322661777385,At Risk
39,No,Travel_Rarely,867,Research & Development,9,2,Medical,1936,1,Male,87,3,2,Manufacturing Director,1,Married,5151,12315,1,No,25,4,4,1,10,3,3,10,0,7,9,2,47.0,13,4,3,3,Onsite,4,Below Average,Mid (6-10),Veteran (6-10),56.571074248412934,Moderate
38,No,Travel_Frequently,1394,Research & Development,8,3,Medical,1937,4,Female,58,2,2,Research Scientist,2,Divorced,2133,18115,1,Yes,16,3,3,1,20,3,3,20,11,0,7,3,42.6,5,4,3,4,Onsite,4,Low,Senior (11-20),Lifer (10+),56.86954260432513,Moderate
58,No,Travel_Rarely,605,Sales,21,3,Life Sciences,1938,4,Female,72,3,4,Manager,4,Married,17875,11761,4,Yes,13,3,3,1,29,2,2,1,0,0,0,5,51.2,20,4,5,2,Remote,3,High,Expert (20+),New (0-1),54.450533961581115,Moderate
32,Yes,Travel_Frequently,238,Research & Development,5,2,Life Sciences,1939,1,Female,47,4,1,Research Scientist,3,Single,2432,15318,3,Yes,14,3,1,0,8,2,3,4,1,0,3,4,44.6,5,2,3,2,Onsite,4,Low,Mid (6-10),Established (4-5),45.46450434563329,At Risk
38,No,Travel_Rarely,1206,Research & Development,9,2,Life Sciences,1940,2,Male,71,3,1,Research Scientist,4,Divorced,4771,14293,2,No,19,3,4,2,10,0,4,5,2,0,3,2,36.4,10,3,3,4,Hybrid,4,Below Average,Mid (6-10),Established (4-5),70.03226075316707,Healthy
49,No,Travel_Frequently,1064,Research & Development,2,1,Life Sciences,1941,2,Male,42,3,5,Research Director,4,Married,19161,13738,3,No,15,3,4,0,28,3,3,5,4,4,3,4,42.3,28,5,2,3,Onsite,4,High,Expert (20+),Established (4-5),59.32031225037908,Moderate
42,No,Travel_Rarely,419,Sales,12,4,Marketing,1943,2,Male,77,3,2,Sales Executive,4,Divorced,5087,2900,3,Yes,12,3,3,2,14,4,3,0,0,0,0,3,47.9,19,4,4,2,Hybrid,4,Below Average,Senior (11-20),New (0-1),61.17072272668474,Moderate
27,Yes,Travel_Frequently,1337,Human Resources,22,3,Human Resources,1944,1,Female,58,2,1,Human Resources,2,Married,2863,19555,1,No,12,3,1,0,1,2,3,1,0,0,0,5,37.4,9,3,4,4,Onsite,1,Low,Entry (0-2),New (0-1),47.91265056147001,At Risk
35,No,Travel_Rarely,682,Sales,18,4,Medical,1945,2,Male,71,3,2,Sales Executive,1,Married,5561,15975,0,No,16,3,4,1,6,2,1,5,3,0,4,4,40.5,14,2,5,5,Remote,4,Below Average,Mid (6-10),Established (4-5),53.33222081407437,Moderate
28,No,Non-Travel,1103,Research & Development,16,3,Medical,1947,3,Male,49,3,1,Research Scientist,3,Single,2144,2122,1,No,14,3,3,0,5,3,2,5,3,1,4,3,43.7,9,4,4,4,Remote,4,Low,Early (3-5),Established (4-5),66.236606801114,Moderate
31,No,Non-Travel,976,Research & Development,3,2,Medical,1948,3,Male,48,3,1,Research Scientist,1,Divorced,3065,3995,1,Yes,13,3,4,1,4,3,4,4,2,2,3,5,45.1,2,3,4,4,Remote,2,Below Average,Early (3-5),Established (4-5),50.934529046727484,Moderate
36,No,Non-Travel,1351,Research & Development,9,4,Life Sciences,1949,1,Male,66,4,1,Laboratory Technician,2,Married,2810,9238,1,No,22,4,2,0,5,3,3,5,4,0,2,3,40.5,7,4,4,1,Hybrid,4,Low,Early (3-5),Established (4-5),53.27176703608822,Moderate
34,No,Travel_Rarely,937,Sales,1,3,Marketing,1950,1,Male,32,3,3,Sales Executive,4,Single,9888,6770,1,No,21,4,1,0,14,3,2,14,8,2,1,4,48.3,23,5,3,2,Onsite,5,Average,Senior (11-20),Lifer (10+),55.559536271831114,Moderate
34,No,Travel_Rarely,1239,Sales,13,4,Medical,1951,4,Male,39,3,3,Sales Executive,3,Divorced,8628,22914,1,No,18,3,3,1,9,2,2,8,7,1,1,4,41.3,27,4,3,3,Onsite,3,Average,Mid (6-10),Veteran (6-10),53.059810985081135,Moderate
26,No,Travel_Rarely,157,Research & Development,1,3,Medical,1952,3,Male,95,3,1,Laboratory Technician,1,Single,2867,20006,0,No,13,3,4,0,8,6,2,7,7,7,6,4,37.5,10,2,3,4,Onsite,4,Low,Mid (6-10),Veteran (6-10),42.73145432815344,At Risk
29,No,Travel_Rarely,136,Research & Development,1,3,Life Sciences,1954,1,Male,89,3,2,Healthcare Representative,1,Married,5373,6225,0,No,12,3,1,1,6,5,2,5,3,0,2,4,41.0,15,3,5,3,Onsite,4,Below Average,Mid (6-10),Established (4-5),49.182312310437595,At Risk
32,No,Non-Travel,1146,Research & Development,15,4,Medical,1955,3,Female,34,3,2,Healthcare Representative,4,Divorced,6667,16542,5,No,18,3,2,1,9,6,3,5,1,1,2,3,45.8,9,4,4,1,Hybrid,3,Average,Mid (6-10),Established (4-5),55.84181664325699,Moderate
31,No,Travel_Frequently,1125,Research & Development,1,3,Life Sciences,1956,4,Male,48,1,2,Research Scientist,1,Married,5003,5771,1,No,21,4,2,0,10,6,3,10,8,8,7,3,41.9,15,5,5,4,Remote,3,Below Average,Mid (6-10),Veteran (6-10),60.85037257812793,Moderate
28,Yes,Travel_Rarely,1404,Research & Development,17,3,Technical Degree,1960,3,Male,32,2,1,Laboratory Technician,4,Divorced,2367,18779,5,No,12,3,1,1,6,2,2,4,1,0,3,4,38.3,5,3,4,4,Remote,3,Low,Mid (6-10),Established (4-5),56.833865603113345,Moderate
38,No,Travel_Rarely,1404,Sales,1,3,Life Sciences,1961,1,Male,59,2,1,Sales Representative,1,Single,2858,11473,4,No,14,3,1,0,20,3,2,1,0,0,0,2,42.3,10,4,3,4,Onsite,2,Low,Senior (11-20),New (0-1),55.42177394689058,Moderate
35,No,Travel_Rarely,1224,Sales,7,4,Life Sciences,1962,3,Female,55,3,2,Sales Executive,4,Married,5204,13586,1,Yes,11,3,4,0,10,2,3,10,8,0,9,5,47.7,14,2,2,3,Onsite,2,Below Average,Mid (6-10),Veteran (6-10),42.059242403932075,At Risk
27,No,Travel_Rarely,954,Sales,9,3,Marketing,1965,4,Male,44,3,2,Sales Executive,4,Single,4105,5099,1,No,14,3,1,0,7,5,3,7,7,0,7,3,43.8,15,3,5,3,Hybrid,3,Below Average,Mid (6-10),Veteran (6-10),65.8310556372408,Moderate
32,No,Travel_Rarely,1373,Research & Development,5,4,Life Sciences,1966,4,Male,56,2,2,Manufacturing Director,4,Single,9679,10138,8,No,24,4,2,0,8,1,3,1,0,0,0,3,42.7,12,2,5,1,Hybrid,4,Average,Mid (6-10),New (0-1),46.458333807683715,At Risk
31,Yes,Travel_Frequently,754,Sales,26,4,Marketing,1967,1,Male,63,3,2,Sales Executive,4,Married,5617,21075,1,Yes,11,3,3,0,10,4,3,10,7,0,8,4,51.2,12,2,2,3,Remote,4,Below Average,Mid (6-10),Veteran (6-10),46.203401838923774,At Risk
53,Yes,Travel_Rarely,1168,Sales,24,4,Life Sciences,1968,1,Male,66,3,3,Sales Executive,1,Single,10448,5843,6,Yes,13,3,2,0,15,2,2,2,2,2,2,3,49.6,18,4,4,3,Onsite,3,Above Average,Senior (11-20),Settling (2-3),53.995044918301005,Moderate
54,No,Travel_Rarely,155,Research & Development,9,2,Life Sciences,1969,1,Female,67,3,2,Research Scientist,3,Married,2897,22474,3,No,11,3,3,2,9,6,2,4,3,2,3,2,38.4,13,3,4,3,Remote,4,Low,Mid (6-10),Established (4-5),60.679556682192846,Moderate
33,No,Travel_Frequently,1303,Research & Development,7,2,Life Sciences,1970,4,Male,36,3,2,Healthcare Representative,3,Divorced,5968,18079,1,No,20,4,3,3,9,2,3,9,7,2,8,4,43.2,14,3,4,5,Onsite,3,Below Average,Mid (6-10),Veteran (6-10),65.18465017179855,Moderate
43,No,Travel_Rarely,574,Research & Development,11,3,Life Sciences,1971,1,Male,30,3,3,Healthcare Representative,3,Married,7510,16873,1,No,17,3,2,1,10,1,3,10,9,0,9,3,47.5,11,3,5,3,Hybrid,2,Average,Mid (6-10),Veteran (6-10),62.37472773754818,Moderate
38,No,Travel_Frequently,1444,Human Resources,1,4,Other,1972,4,Male,88,3,1,Human Resources,2,Married,2991,5224,0,Yes,11,3,2,1,7,2,3,6,2,1,2,3,45.2,14,4,4,4,Remote,3,Low,Mid (6-10),Veteran (6-10),64.91587909415499,Moderate
55,No,Travel_Rarely,189,Human Resources,26,4,Human Resources,1973,3,Male,71,4,5,Manager,2,Married,19636,25811,4,Yes,18,3,1,1,35,0,3,10,9,1,4,5,61.7,22,4,4,3,Onsite,4,High,Expert (20+),Veteran (6-10),55.64126033296032,Moderate
31,No,Travel_Rarely,1276,Research & Development,2,1,Medical,1974,4,Female,59,1,1,Laboratory Technician,4,Divorced,1129,17536,1,Yes,11,3,3,3,1,4,3,1,0,0,0,5,36.8,7,3,4,4,Hybrid,3,Low,Entry (0-2),New (0-1),50.482700168638786,Moderate
39,No,Travel_Rarely,119,Sales,15,4,Marketing,1975,2,Male,77,3,4,Sales Executive,1,Single,13341,25098,0,No,12,3,1,0,21,3,3,20,8,11,10,4,41.8,20,4,2,2,Hybrid,3,Above Average,Expert (20+),Lifer (10+),39.25011899738836,At Risk
42,No,Non-Travel,335,Research & Development,23,2,Life Sciences,1976,4,Male,37,2,2,Research Scientist,3,Single,4332,14811,1,No,12,3,4,0,20,2,3,20,9,3,7,4,41.0,12,4,3,5,Onsite,3,Below Average,Senior (11-20),Lifer (10+),61.51061715245378,Moderate
31,No,Non-Travel,697,Research & Development,10,3,Medical,1979,3,Female,40,3,3,Research Director,3,Married,11031,26862,4,No,20,4,3,1,13,2,4,11,7,4,8,3,38.2,15,3,3,5,Hybrid,4,Above Average,Senior (11-20),Lifer (10+),67.76067950191049,Moderate
54,No,Travel_Rarely,157,Research & Development,10,3,Medical,1980,3,Female,77,3,2,Manufacturing Director,1,Single,4440,25198,6,Yes,19,3,4,0,9,3,3,5,2,1,4,3,47.8,9,3,3,5,Onsite,3,Below Average,Mid (6-10),Established (4-5),58.71242350979161,Moderate
24,No,Travel_Rarely,771,Research & Development,1,2,Life Sciences,1981,2,Male,45,2,2,Healthcare Representative,3,Single,4617,14120,1,No,12,3,2,0,4,2,2,4,3,1,2,4,39.2,12,2,3,2,Onsite,2,Below Average,Early (3-5),Established (4-5),34.6436917684667,At Risk
23,No,Travel_Rarely,571,Research & Development,12,2,Other,1982,4,Male,78,3,1,Laboratory Technician,4,Single,2647,13672,1,No,13,3,3,0,5,6,4,5,2,1,4,3,40.0,7,3,4,4,Hybrid,3,Low,Early (3-5),Established (4-5),69.59183161578876,Moderate
40,No,Travel_Frequently,692,Research & Development,11,3,Technical Degree,1985,4,Female,73,3,2,Laboratory Technician,3,Married,6323,26849,1,No,11,3,1,1,10,2,4,10,9,9,4,3,39.6,15,5,2,4,Onsite,3,Average,Mid (6-10),Veteran (6-10),67.47265006183953,Moderate
40,No,Travel_Rarely,444,Sales,2,2,Marketing,1986,2,Female,92,3,2,Sales Executive,2,Married,5677,4258,3,No,14,3,3,1,15,4,3,11,8,5,10,4,35.0,13,2,3,4,Hybrid,2,Below Average,Senior (11-20),Lifer (10+),48.323382420579684,At Risk
25,No,Travel_Rarely,309,Human Resources,2,3,Human Resources,1987,3,Female,82,3,1,Human Resources,2,Married,2187,19655,4,No,14,3,3,0,6,3,3,2,0,1,2,3,35.0,9,4,3,3,Remote,3,Low,Mid (6-10),Settling (2-3),55.883242713113845,Moderate
30,No,Travel_Rarely,911,Research & Development,1,2,Medical,1989,4,Male,76,3,1,Laboratory Technician,2,Married,3748,4077,1,No,13,3,3,0,12,6,2,12,8,1,7,3,38.0,11,4,4,2,Onsite,4,Below Average,Senior (11-20),Lifer (10+),52.122466734565876,Moderate
25,No,Travel_Rarely,977,Research & Development,2,1,Other,1992,4,Male,57,3,1,Laboratory Technician,3,Divorced,3977,7298,6,Yes,19,3,3,1,7,2,2,2,2,0,2,5,47.4,10,4,3,4,Onsite,3,Below Average,Mid (6-10),Settling (2-3),54.244557633517175,Moderate
47,No,Travel_Rarely,1180,Research & Development,25,3,Medical,1993,1,Male,84,3,3,Healthcare Representative,3,Single,8633,13084,2,No,23,4,2,0,25,3,3,17,14,12,11,3,35.0,9,5,2,3,Onsite,4,Average,Expert (20+),Lifer (10+),60.00814378567816,Moderate
33,No,Non-Travel,1313,Research & Development,1,2,Medical,1994,2,Male,59,2,1,Laboratory Technician,3,Divorced,2008,20439,1,No,12,3,3,3,1,2,2,1,1,0,0,4,38.4,10,2,4,3,Onsite,2,Low,Entry (0-2),New (0-1),43.67632814950786,At Risk
38,No,Travel_Rarely,1321,Sales,1,4,Life Sciences,1995,4,Male,86,3,2,Sales Executive,2,Married,4440,7636,0,No,15,3,1,2,16,3,3,15,13,5,8,3,39.0,8,2,3,5,Hybrid,4,Below Average,Senior (11-20),Lifer (10+),57.79644793899914,Moderate
31,No,Travel_Rarely,1154,Sales,2,2,Life Sciences,1996,1,Male,54,3,1,Sales Representative,3,Married,3067,6393,0,No,19,3,3,1,3,1,3,2,2,1,2,3,45.2,5,4,3,3,Hybrid,3,Below Average,Early (3-5),Settling (2-3),59.339570612806455,Moderate
38,No,Travel_Frequently,508,Research & Development,6,4,Life Sciences,1997,1,Male,72,2,2,Manufacturing Director,3,Married,5321,14284,2,No,11,3,4,1,10,1,3,8,3,7,7,4,39.6,5,4,1,2,Hybrid,3,Below Average,Mid (6-10),Veteran (6-10),38.11643830694373,At Risk
42,No,Travel_Rarely,557,Research & Development,18,4,Life Sciences,1998,4,Male,35,3,2,Research Scientist,1,Divorced,5410,11189,6,Yes,17,3,3,1,9,3,2,4,3,1,2,4,57.8,7,5,4,2,Hybrid,3,Below Average,Mid (6-10),Established (4-5),48.894282870366645,At Risk
41,No,Travel_Rarely,642,Research & Development,1,3,Life Sciences,1999,4,Male,76,3,1,Research Scientist,4,Married,2782,21412,3,No,22,4,1,1,12,3,3,5,3,1,0,3,40.2,11,4,4,3,Onsite,4,Low,Senior (11-20),Established (4-5),66.49962881011248,Moderate
47,No,Non-Travel,1162,Research & Development,1,1,Medical,2000,3,Female,98,3,3,Research Director,2,Married,11957,17231,0,No,18,3,1,2,14,3,1,13,8,5,12,4,35.7,21,3,4,5,Onsite,4,Above Average,Senior (11-20),Lifer (10+),57.457121886638696,Moderate
35,No,Travel_Rarely,1490,Research & Development,11,4,Medical,2003,4,Male,43,3,1,Laboratory Technician,3,Married,2660,20232,7,Yes,11,3,3,1,5,3,3,2,2,2,2,4,53.5,7,3,4,4,Remote,2,Low,Early (3-5),Settling (2-3),59.85574408837081,Moderate
22,No,Travel_Rarely,581,Research & Development,1,2,Life Sciences,2007,4,Male,63,3,1,Research Scientist,3,Single,3375,17624,0,No,12,3,4,0,4,2,4,3,2,1,2,2,39.7,12,5,4,4,Onsite,3,Below Average,Early (3-5),Settling (2-3),79.02427009205805,Healthy
35,No,Travel_Rarely,1395,Research & Development,9,4,Medical,2008,2,Male,48,3,2,Research Scientist,3,Single,5098,18698,1,No,19,3,2,0,10,5,3,10,7,0,8,2,43.1,9,5,5,4,Onsite,4,Below Average,Mid (6-10),Veteran (6-10),80.59240019693783,Healthy
33,No,Travel_Rarely,501,Research & Development,15,2,Medical,2009,2,Female,95,3,2,Healthcare Representative,4,Married,4878,21653,0,Yes,13,3,1,1,10,6,3,9,7,8,1,2,70.0,9,3,3,3,Hybrid,5,Below Average,Mid (6-10),Veteran (6-10),62.5677544770057,Moderate
32,No,Travel_Rarely,267,Research & Development,29,4,Life Sciences,2010,3,Female,49,2,1,Laboratory Technician,2,Single,2837,15919,1,No,13,3,3,0,6,3,3,6,2,4,1,5,35.0,3,4,4,4,Onsite,3,Low,Mid (6-10),Veteran (6-10),52.284954031955124,Moderate
40,No,Travel_Rarely,543,Research & Development,1,4,Life Sciences,2012,1,Male,83,3,1,Laboratory Technician,4,Married,2406,4060,8,No,19,3,3,2,8,3,2,1,0,0,0,2,47.3,12,4,3,2,Onsite,3,Low,Mid (6-10),New (0-1),59.47555167132942,Moderate
32,No,Travel_Rarely,234,Sales,1,4,Medical,2013,2,Male,68,2,1,Sales Representative,2,Married,2269,18024,0,No,14,3,2,1,3,2,3,2,2,2,2,3,38.5,4,3,3,4,Hybrid,5,Low,Early (3-5),Settling (2-3),52.497239133840026,Moderate
39,No,Travel_Rarely,116,Research & Development,24,1,Life Sciences,2014,1,Male,52,3,2,Research Scientist,4,Single,4108,5340,7,No,13,3,1,0,18,2,3,7,7,1,7,3,42.2,14,5,5,3,Hybrid,4,Below Average,Senior (11-20),Veteran (6-10),74.575662578211,Healthy
38,No,Travel_Rarely,201,Research & Development,10,3,Medical,2015,2,Female,99,1,3,Research Director,3,Married,13206,3376,3,No,12,3,1,1,20,3,3,18,16,1,11,4,42.4,17,4,1,5,Onsite,2,Above Average,Senior (11-20),Lifer (10+),49.760550365010495,At Risk
32,No,Travel_Rarely,801,Sales,1,4,Marketing,2016,3,Female,48,3,3,Sales Executive,4,Married,10422,24032,1,No,19,3,3,2,14,3,3,14,10,5,7,4,40.9,14,5,3,5,Hybrid,3,Above Average,Senior (11-20),Lifer (10+),73.68185471484799,Healthy
37,No,Travel_Rarely,161,Research & Development,10,3,Life Sciences,2017,3,Female,42,4,3,Research Director,4,Married,13744,15471,1,Yes,25,4,1,1,16,2,3,16,11,6,8,5,54.4,13,4,4,5,Hybrid,5,Above Average,Senior (11-20),Lifer (10+),73.21172829920106,Healthy
25,No,Travel_Rarely,1382,Sales,8,2,Other,2018,1,Female,85,3,2,Sales Executive,3,Divorced,4907,13684,0,Yes,22,4,2,1,6,3,2,5,3,0,4,3,55.8,6,3,4,3,Onsite,3,Below Average,Mid (6-10),Established (4-5),56.535397247201146,Moderate
52,No,Non-Travel,585,Sales,29,4,Life Sciences,2019,1,Male,40,3,1,Sales Representative,4,Divorced,3482,19788,2,No,15,3,2,2,16,3,2,9,8,0,0,3,35.0,4,3,3,4,Hybrid,4,Below Average,Senior (11-20),Veteran (6-10),61.61690093270812,Moderate
44,No,Travel_Rarely,1037,Research & Development,1,3,Medical,2020,2,Male,42,3,1,Research Scientist,4,Single,2436,13422,6,Yes,12,3,3,0,6,2,3,4,3,1,2,4,50.6,11,3,3,3,Hybrid,4,Low,Mid (6-10),Established (4-5),54.279435607022286,Moderate
21,No,Travel_Rarely,501,Sales,5,1,Medical,2021,3,Male,58,3,1,Sales Representative,1,Single,2380,25479,1,Yes,11,3,4,0,2,6,3,2,2,1,2,4,44.8,7,3,3,4,Remote,4,Low,Entry (0-2),Settling (2-3),49.23935799137217,At Risk
39,No,Non-Travel,105,Research & Development,9,3,Life Sciences,2022,4,Male,87,3,5,Manager,4,Single,19431,15302,2,No,13,3,3,0,21,3,2,6,0,1,3,5,41.9,23,2,4,5,Hybrid,3,High,Expert (20+),Veteran (6-10),57.98891497328076,Moderate
23,Yes,Travel_Frequently,638,Sales,9,3,Marketing,2023,4,Male,33,3,1,Sales Representative,1,Married,1790,26956,1,No,19,3,1,1,1,3,2,1,0,1,0,4,38.6,8,3,3,2,Hybrid,3,Low,Entry (0-2),New (0-1),36.44594563178304,At Risk
36,No,Travel_Rarely,557,Sales,3,3,Medical,2024,1,Female,94,2,3,Sales Executive,4,Married,7644,12695,0,No,19,3,3,2,10,2,3,9,7,3,4,4,47.6,16,2,4,3,Hybrid,4,Average,Mid (6-10),Veteran (6-10),49.268256241934104,At Risk
36,No,Travel_Frequently,688,Research & Development,4,2,Life Sciences,2025,4,Female,97,3,2,Manufacturing Director,2,Divorced,5131,9192,7,No,13,3,2,3,18,3,3,4,2,0,2,4,39.0,8,5,5,4,Onsite,3,Below Average,Senior (11-20),Established (4-5),68.8477534272618,Moderate
56,No,Non-Travel,667,Research & Development,1,4,Life Sciences,2026,3,Male,57,3,2,Healthcare Representative,3,Divorced,6306,26236,1,No,21,4,1,1,13,2,2,13,12,1,9,4,43.3,9,5,4,4,Remote,4,Average,Senior (11-20),Lifer (10+),66.4647508366074,Moderate
29,Yes,Travel_Rarely,1092,Research & Development,1,4,Medical,2027,1,Male,36,3,1,Research Scientist,4,Married,4787,26124,9,Yes,14,3,2,3,4,3,4,2,2,2,2,4,44.1,3,4,2,2,Onsite,3,Below Average,Early (3-5),Settling (2-3),51.754702889199855,Moderate
42,No,Travel_Rarely,300,Research & Development,2,3,Life Sciences,2031,1,Male,56,3,5,Manager,3,Married,18880,17312,5,No,11,3,1,0,24,2,2,22,6,4,14,3,49.4,24,3,2,5,Hybrid,3,High,Expert (20+),Lifer (10+),59.78574881882983,Moderate
56,Yes,Travel_Rarely,310,Research & Development,7,2,Technical Degree,2032,4,Male,72,3,1,Laboratory Technician,3,Married,2339,3666,8,No,11,3,4,1,14,4,1,10,9,9,8,4,43.9,10,3,2,3,Onsite,3,Low,Senior (11-20),Veteran (6-10),42.848177024249004,At Risk
41,No,Travel_Rarely,582,Research & Development,28,4,Life Sciences,2034,1,Female,60,2,4,Manufacturing Director,2,Married,13570,5640,0,No,23,4,3,1,21,3,3,20,7,0,10,3,51.5,14,5,5,5,Hybrid,3,Above Average,Expert (20+),Lifer (10+),73.97821275346477,Healthy
34,No,Travel_Rarely,704,Sales,28,3,Marketing,2035,4,Female,95,2,2,Sales Executive,3,Married,6712,8978,1,No,21,4,4,2,8,2,3,8,7,1,7,3,40.4,19,4,3,5,Remote,3,Average,Mid (6-10),Veteran (6-10),65.65477658744548,Moderate
36,No,Non-Travel,301,Sales,15,4,Marketing,2036,4,Male,88,1,2,Sales Executive,4,Divorced,5406,10436,1,No,24,4,1,1,15,4,2,15,12,11,11,4,44.6,13,4,2,5,Onsite,4,Below Average,Senior (11-20),Lifer (10+),54.7850083695829,Moderate
41,No,Travel_Rarely,930,Sales,3,3,Life Sciences,2037,3,Male,57,2,2,Sales Executive,2,Divorced,8938,12227,2,No,11,3,3,1,14,5,3,5,4,0,4,4,41.5,13,4,4,2,Remote,2,Average,Senior (11-20),Established (4-5),45.771301300091324,At Risk
32,No,Travel_Rarely,529,Research & Development,2,3,Technical Degree,2038,4,Male,78,3,1,Research Scientist,1,Single,2439,11288,1,No,14,3,4,0,4,4,3,4,2,1,2,3,44.8,5,3,4,3,Onsite,2,Low,Early (3-5),Established (4-5),51.758341640549524,Moderate
35,No,Travel_Rarely,1146,Human Resources,26,4,Life Sciences,2040,3,Female,31,3,3,Human Resources,4,Single,8837,16642,1,Yes,16,3,3,0,9,2,3,9,0,1,7,4,49.0,25,5,3,5,Onsite,2,Average,Mid (6-10),Veteran (6-10),73.68185471484799,Healthy
38,No,Travel_Rarely,345,Sales,10,2,Life Sciences,2041,1,Female,100,3,2,Sales Executive,4,Married,5343,5982,1,No,11,3,3,1,10,1,3,10,7,1,9,5,44.1,21,3,2,2,Hybrid,2,Below Average,Mid (6-10),Veteran (6-10),41.10263979098943,At Risk
50,Yes,Travel_Frequently,878,Sales,1,4,Life Sciences,2044,2,Male,94,3,2,Sales Executive,3,Divorced,6728,14255,7,No,12,3,4,2,12,3,3,6,3,0,1,4,40.3,12,3,5,1,Onsite,4,Average,Senior (11-20),Veteran (6-10),47.57275613570096,At Risk
36,No,Travel_Rarely,1120,Sales,11,4,Marketing,2045,2,Female,100,2,2,Sales Executive,4,Married,6652,14369,4,No,13,3,1,1,8,2,2,6,3,0,0,5,41.6,8,3,4,3,Remote,3,Average,Mid (6-10),Veteran (6-10),47.36080008469388,At Risk
45,No,Travel_Rarely,374,Sales,20,3,Life Sciences,2046,4,Female,50,3,2,Sales Executive,3,Single,4850,23333,8,No,15,3,3,0,8,3,3,5,3,0,1,4,41.5,19,3,4,4,Hybrid,4,Below Average,Mid (6-10),Established (4-5),59.85574408837081,Moderate
40,No,Travel_Rarely,1322,Research & Development,2,4,Life Sciences,2048,3,Male,52,2,1,Research Scientist,3,Single,2809,2725,2,No,14,3,4,0,8,2,3,2,2,2,2,2,40.6,6,4,4,5,Hybrid,3,Low,Mid (6-10),Settling (2-3),73.50266632005061,Healthy
35,No,Travel_Frequently,1199,Research & Development,18,4,Life Sciences,2049,3,Male,80,3,2,Healthcare Representative,3,Married,5689,24594,1,Yes,14,3,4,2,10,2,4,10,2,0,2,5,53.7,9,3,3,3,Remote,3,Below Average,Mid (6-10),Veteran (6-10),48.81454846507158,At Risk
40,No,Travel_Rarely,1194,Research & Development,2,4,Medical,2051,3,Female,98,3,1,Research Scientist,3,Married,2001,12549,2,No,14,3,2,3,20,2,3,5,3,0,2,3,40.5,7,3,4,3,Hybrid,3,Low,Senior (11-20),Established (4-5),58.670997439934766,Moderate
35,No,Travel_Rarely,287,Research & Development,1,4,Life Sciences,2052,3,Female,62,1,1,Research Scientist,4,Married,2977,8952,1,No,12,3,4,1,4,5,3,4,3,1,1,4,45.9,8,4,4,4,Hybrid,3,Low,Early (3-5),Established (4-5),58.99916307411559,Moderate
29,No,Travel_Rarely,1378,Research & Development,13,2,Other,2053,4,Male,46,2,2,Laboratory Technician,2,Married,4025,23679,4,Yes,13,3,1,1,10,2,3,4,3,0,3,4,59.2,9,4,4,4,Onsite,3,Below Average,Mid (6-10),Established (4-5),56.42911346694682,Moderate
29,No,Travel_Rarely,468,Research & Development,28,4,Medical,2054,4,Female,73,2,1,Research Scientist,1,Single,3785,8489,1,No,14,3,2,0,5,3,1,5,4,0,4,3,44.7,6,4,4,4,Onsite,4,Below Average,Early (3-5),Established (4-5),52.84574461677865,Moderate
50,Yes,Travel_Rarely,410,Sales,28,3,Marketing,2055,4,Male,39,2,3,Sales Executive,1,Divorced,10854,16586,4,Yes,13,3,2,1,20,3,3,3,2,2,0,3,54.1,6,4,2,3,Remote,3,Above Average,Senior (11-20),Settling (2-3),44.380578323591344,At Risk
39,No,Travel_Rarely,722,Sales,24,1,Marketing,2056,2,Female,60,2,4,Sales Executive,4,Married,12031,8828,0,No,11,3,1,1,21,2,2,20,9,9,6,3,41.3,15,5,4,2,Remote,3,Above Average,Expert (20+),Lifer (10+),59.064819812219746,Moderate
31,No,Non-Travel,325,Research & Development,5,3,Medical,2057,2,Male,74,3,2,Manufacturing Director,1,Single,9936,3787,0,No,19,3,2,0,10,2,3,9,4,1,7,2,44.9,16,4,3,3,Hybrid,3,Average,Mid (6-10),Veteran (6-10),56.571074248412934,Moderate
26,No,Travel_Rarely,1167,Sales,5,3,Other,2060,4,Female,30,2,1,Sales Representative,3,Single,2966,21378,0,No,18,3,4,0,5,2,3,4,2,0,0,3,43.1,9,5,3,5,Hybrid,3,Low,Early (3-5),Established (4-5),70.02708005793059,Healthy
36,No,Travel_Frequently,884,Research & Development,23,2,Medical,2061,3,Male,41,4,2,Laboratory Technician,4,Married,2571,12290,4,No,17,3,3,1,17,3,3,5,2,0,3,4,47.0,14,3,4,4,Onsite,5,Low,Senior (11-20),Established (4-5),67.65467818027992,Moderate
39,No,Travel_Rarely,613,Research & Development,6,1,Medical,2062,4,Male,42,2,3,Healthcare Representative,1,Married,9991,21457,4,No,15,3,1,1,9,5,3,7,7,1,7,5,40.2,23,3,3,4,Hybrid,2,Average,Mid (6-10),Veteran (6-10),40.75259236416398,At Risk
27,No,Travel_Rarely,155,Research & Development,4,3,Life Sciences,2064,2,Male,87,4,2,Manufacturing Director,2,Married,6142,5174,1,Yes,20,4,2,1,6,0,3,6,2,0,3,4,48.8,15,4,4,4,Remote,4,Average,Mid (6-10),Veteran (6-10),65.11432585137977,Moderate
49,No,Travel_Frequently,1023,Sales,2,3,Medical,2065,4,Male,63,2,2,Sales Executive,2,Married,5390,13243,2,No,14,3,4,0,17,3,2,9,6,0,8,2,35.3,12,3,4,3,Onsite,3,Below Average,Senior (11-20),Veteran (6-10),52.88062259028376,Moderate
34,No,Travel_Rarely,628,Research & Development,8,3,Medical,2068,2,Male,82,4,2,Laboratory Technician,3,Married,4404,10228,2,No,12,3,1,0,6,3,4,4,3,1,2,4,38.7,11,4,4,3,Onsite,4,Below Average,Mid (6-10),Established (4-5),65.37734786037826,Moderate
